Animal,file,Box,phase,subphase,component,freezing,motion
1,230913_SEFL10K6b_trauma_g1,1,trauma,baseline,baseline,2.54,192.5
1,230913_SEFL10K6b_trauma_g1,1,trauma,shock,shock01,0,1075.7
1,230913_SEFL10K6b_trauma_g1,1,trauma,shock,shock02,0,862.1
1,230913_SEFL10K6b_trauma_g1,1,trauma,shock,shock03,0,1008.73
1,230913_SEFL10K6b_trauma_g1,1,trauma,shock,shock04,0,1260.93
1,230913_SEFL10K6b_trauma_g1,1,trauma,shock,shock05,0,836.07
1,230913_SEFL10K6b_trauma_g1,1,trauma,shock,shock06,0,868.7
1,230913_SEFL10K6b_trauma_g1,1,trauma,shock,shock07,0,849.23
1,230913_SEFL10K6b_trauma_g1,1,trauma,shock,shock08,0,773.6
1,230913_SEFL10K6b_trauma_g1,1,trauma,shock,shock09,0,880.03
1,230913_SEFL10K6b_trauma_g1,1,trauma,shock,shock10,0,899.13
1,230913_SEFL10K6b_trauma_g1,1,trauma,postshock,postshock01,0,232.68
1,230913_SEFL10K6b_trauma_g1,1,trauma,postshock,postshock02,11.33,116.5
1,230913_SEFL10K6b_trauma_g1,1,trauma,postshock,postshock03,44.67,65.09
1,230913_SEFL10K6b_trauma_g1,1,trauma,postshock,postshock04,64,16.27
1,230913_SEFL10K6b_trauma_g1,1,trauma,postshock,postshock05,24.5,90.84
1,230913_SEFL10K6b_trauma_g1,1,trauma,postshock,postshock06,83.17,6.45
1,230913_SEFL10K6b_trauma_g1,1,trauma,postshock,postshock07,72.5,9.09
1,230913_SEFL10K6b_trauma_g1,1,trauma,postshock,postshock08,59.33,15.91
1,230913_SEFL10K6b_trauma_g1,1,trauma,postshock,postshock09,70.33,34.11
1,230913_SEFL10K6b_trauma_g1,1,trauma,postshock,postshock10,97,1.11
2,230913_SEFL10K6b_trauma_g1,2,trauma,baseline,baseline,1.5,188.28
2,230913_SEFL10K6b_trauma_g1,2,trauma,shock,shock01,0,1057.53
2,230913_SEFL10K6b_trauma_g1,2,trauma,shock,shock02,0,930.83
2,230913_SEFL10K6b_trauma_g1,2,trauma,shock,shock03,0,720.03
2,230913_SEFL10K6b_trauma_g1,2,trauma,shock,shock04,0,1324.37
2,230913_SEFL10K6b_trauma_g1,2,trauma,shock,shock05,0,1671.87
2,230913_SEFL10K6b_trauma_g1,2,trauma,shock,shock06,0,1757.43
2,230913_SEFL10K6b_trauma_g1,2,trauma,shock,shock07,0,1056.4
2,230913_SEFL10K6b_trauma_g1,2,trauma,shock,shock08,0,1204.37
2,230913_SEFL10K6b_trauma_g1,2,trauma,shock,shock09,0,1447.7
2,230913_SEFL10K6b_trauma_g1,2,trauma,shock,shock10,0,709.07
2,230913_SEFL10K6b_trauma_g1,2,trauma,postshock,postshock01,0,102.32
2,230913_SEFL10K6b_trauma_g1,2,trauma,postshock,postshock02,24.33,56.27
2,230913_SEFL10K6b_trauma_g1,2,trauma,postshock,postshock03,56.17,62.45
2,230913_SEFL10K6b_trauma_g1,2,trauma,postshock,postshock04,61.67,28.38
2,230913_SEFL10K6b_trauma_g1,2,trauma,postshock,postshock05,23.83,72.43
2,230913_SEFL10K6b_trauma_g1,2,trauma,postshock,postshock06,36.83,51.41
2,230913_SEFL10K6b_trauma_g1,2,trauma,postshock,postshock07,66.33,18.04
2,230913_SEFL10K6b_trauma_g1,2,trauma,postshock,postshock08,58.33,26.46
2,230913_SEFL10K6b_trauma_g1,2,trauma,postshock,postshock09,70.5,22.91
2,230913_SEFL10K6b_trauma_g1,2,trauma,postshock,postshock10,82.5,6.84
3,230913_SEFL10K6b_trauma_g1,3,trauma,baseline,baseline,1.9,177.29
3,230913_SEFL10K6b_trauma_g1,3,trauma,shock,shock01,0,1356.8
3,230913_SEFL10K6b_trauma_g1,3,trauma,shock,shock02,0,675.6
3,230913_SEFL10K6b_trauma_g1,3,trauma,shock,shock03,0,661.07
3,230913_SEFL10K6b_trauma_g1,3,trauma,shock,shock04,0,759.97
3,230913_SEFL10K6b_trauma_g1,3,trauma,shock,shock05,0,615.23
3,230913_SEFL10K6b_trauma_g1,3,trauma,shock,shock06,0,524.23
3,230913_SEFL10K6b_trauma_g1,3,trauma,shock,shock07,0,610.67
3,230913_SEFL10K6b_trauma_g1,3,trauma,shock,shock08,0,610.03
3,230913_SEFL10K6b_trauma_g1,3,trauma,shock,shock09,0,1028.1
3,230913_SEFL10K6b_trauma_g1,3,trauma,shock,shock10,0,723.9
3,230913_SEFL10K6b_trauma_g1,3,trauma,postshock,postshock01,14.33,168.27
3,230913_SEFL10K6b_trauma_g1,3,trauma,postshock,postshock02,45.67,42.27
3,230913_SEFL10K6b_trauma_g1,3,trauma,postshock,postshock03,39,62.84
3,230913_SEFL10K6b_trauma_g1,3,trauma,postshock,postshock04,33.83,86.09
3,230913_SEFL10K6b_trauma_g1,3,trauma,postshock,postshock05,40.33,78.78
3,230913_SEFL10K6b_trauma_g1,3,trauma,postshock,postshock06,35.33,52.99
3,230913_SEFL10K6b_trauma_g1,3,trauma,postshock,postshock07,83,6.43
3,230913_SEFL10K6b_trauma_g1,3,trauma,postshock,postshock08,82,3.91
3,230913_SEFL10K6b_trauma_g1,3,trauma,postshock,postshock09,69.83,21.92
3,230913_SEFL10K6b_trauma_g1,3,trauma,postshock,postshock10,85.33,7.96
4,230913_SEFL10K6b_trauma_g1,4,trauma,baseline,baseline,13.42,89.32
4,230913_SEFL10K6b_trauma_g1,4,trauma,shock,shock01,0,790.7
4,230913_SEFL10K6b_trauma_g1,4,trauma,shock,shock02,0,894.27
4,230913_SEFL10K6b_trauma_g1,4,trauma,shock,shock03,0,617.9
4,230913_SEFL10K6b_trauma_g1,4,trauma,shock,shock04,0,797.87
4,230913_SEFL10K6b_trauma_g1,4,trauma,shock,shock05,0,808.53
4,230913_SEFL10K6b_trauma_g1,4,trauma,shock,shock06,0,922.33
4,230913_SEFL10K6b_trauma_g1,4,trauma,shock,shock07,0,663.3
4,230913_SEFL10K6b_trauma_g1,4,trauma,shock,shock08,0,1171.97
4,230913_SEFL10K6b_trauma_g1,4,trauma,shock,shock09,0,808.03
4,230913_SEFL10K6b_trauma_g1,4,trauma,shock,shock10,0,380.3
4,230913_SEFL10K6b_trauma_g1,4,trauma,postshock,postshock01,40.67,22.14
4,230913_SEFL10K6b_trauma_g1,4,trauma,postshock,postshock02,36.83,40.8
4,230913_SEFL10K6b_trauma_g1,4,trauma,postshock,postshock03,76.17,12.58
4,230913_SEFL10K6b_trauma_g1,4,trauma,postshock,postshock04,70.5,9.49
4,230913_SEFL10K6b_trauma_g1,4,trauma,postshock,postshock05,58.17,24.76
4,230913_SEFL10K6b_trauma_g1,4,trauma,postshock,postshock06,75.17,13.19
4,230913_SEFL10K6b_trauma_g1,4,trauma,postshock,postshock07,91.83,2.37
4,230913_SEFL10K6b_trauma_g1,4,trauma,postshock,postshock08,63.83,18.02
4,230913_SEFL10K6b_trauma_g1,4,trauma,postshock,postshock09,56.5,19.46
4,230913_SEFL10K6b_trauma_g1,4,trauma,postshock,postshock10,81.33,11.3
5,230913_SEFL10K6b_trauma_g2,1,trauma,baseline,baseline,1.01,145.86
5,230913_SEFL10K6b_trauma_g2,1,trauma,shock,shock01,0,1009.4
5,230913_SEFL10K6b_trauma_g2,1,trauma,shock,shock02,0,597.67
5,230913_SEFL10K6b_trauma_g2,1,trauma,shock,shock03,0,830.4
5,230913_SEFL10K6b_trauma_g2,1,trauma,shock,shock04,0,741.93
5,230913_SEFL10K6b_trauma_g2,1,trauma,shock,shock05,0,933.87
5,230913_SEFL10K6b_trauma_g2,1,trauma,shock,shock06,0,732.57
5,230913_SEFL10K6b_trauma_g2,1,trauma,shock,shock07,0,393.73
5,230913_SEFL10K6b_trauma_g2,1,trauma,shock,shock08,0,801.5
5,230913_SEFL10K6b_trauma_g2,1,trauma,shock,shock09,0,873.37
5,230913_SEFL10K6b_trauma_g2,1,trauma,shock,shock10,0,1051.2
5,230913_SEFL10K6b_trauma_g2,1,trauma,postshock,postshock01,0,164.07
5,230913_SEFL10K6b_trauma_g2,1,trauma,postshock,postshock02,23.67,104.49
5,230913_SEFL10K6b_trauma_g2,1,trauma,postshock,postshock03,28.83,41.27
5,230913_SEFL10K6b_trauma_g2,1,trauma,postshock,postshock04,59.33,60.05
5,230913_SEFL10K6b_trauma_g2,1,trauma,postshock,postshock05,93.33,1.73
5,230913_SEFL10K6b_trauma_g2,1,trauma,postshock,postshock06,37.67,62.29
5,230913_SEFL10K6b_trauma_g2,1,trauma,postshock,postshock07,73.5,10.4
5,230913_SEFL10K6b_trauma_g2,1,trauma,postshock,postshock08,65,21.08
5,230913_SEFL10K6b_trauma_g2,1,trauma,postshock,postshock09,78.67,16.26
5,230913_SEFL10K6b_trauma_g2,1,trauma,postshock,postshock10,50.17,25.3
6,230913_SEFL10K6b_trauma_g2,2,trauma,baseline,baseline,0,204.19
6,230913_SEFL10K6b_trauma_g2,2,trauma,shock,shock01,0,908
6,230913_SEFL10K6b_trauma_g2,2,trauma,shock,shock02,0,459.87
6,230913_SEFL10K6b_trauma_g2,2,trauma,shock,shock03,0,357.07
6,230913_SEFL10K6b_trauma_g2,2,trauma,shock,shock04,0,604.23
6,230913_SEFL10K6b_trauma_g2,2,trauma,shock,shock05,0,752.93
6,230913_SEFL10K6b_trauma_g2,2,trauma,shock,shock06,0,948.9
6,230913_SEFL10K6b_trauma_g2,2,trauma,shock,shock07,0,654.13
6,230913_SEFL10K6b_trauma_g2,2,trauma,shock,shock08,0,797.37
6,230913_SEFL10K6b_trauma_g2,2,trauma,shock,shock09,0,706.8
6,230913_SEFL10K6b_trauma_g2,2,trauma,shock,shock10,0,854.67
6,230913_SEFL10K6b_trauma_g2,2,trauma,postshock,postshock01,0,156.66
6,230913_SEFL10K6b_trauma_g2,2,trauma,postshock,postshock02,13.67,66.76
6,230913_SEFL10K6b_trauma_g2,2,trauma,postshock,postshock03,30.5,85.42
6,230913_SEFL10K6b_trauma_g2,2,trauma,postshock,postshock04,68.17,22.13
6,230913_SEFL10K6b_trauma_g2,2,trauma,postshock,postshock05,72.5,7.44
6,230913_SEFL10K6b_trauma_g2,2,trauma,postshock,postshock06,89.17,4.84
6,230913_SEFL10K6b_trauma_g2,2,trauma,postshock,postshock07,80.83,8.58
6,230913_SEFL10K6b_trauma_g2,2,trauma,postshock,postshock08,94.33,1.31
6,230913_SEFL10K6b_trauma_g2,2,trauma,postshock,postshock09,87.83,1.96
6,230913_SEFL10K6b_trauma_g2,2,trauma,postshock,postshock10,82.33,3.83
7,230913_SEFL10K6b_trauma_g2,3,trauma,baseline,baseline,0,141.65
7,230913_SEFL10K6b_trauma_g2,3,trauma,shock,shock01,0,1386.9
7,230913_SEFL10K6b_trauma_g2,3,trauma,shock,shock02,0,1349.43
7,230913_SEFL10K6b_trauma_g2,3,trauma,shock,shock03,0,1561.07
7,230913_SEFL10K6b_trauma_g2,3,trauma,shock,shock04,0,883.5
7,230913_SEFL10K6b_trauma_g2,3,trauma,shock,shock05,0,699
7,230913_SEFL10K6b_trauma_g2,3,trauma,shock,shock06,0,865.2
7,230913_SEFL10K6b_trauma_g2,3,trauma,shock,shock07,0,803.33
7,230913_SEFL10K6b_trauma_g2,3,trauma,shock,shock08,0,664
7,230913_SEFL10K6b_trauma_g2,3,trauma,shock,shock09,0,813.63
7,230913_SEFL10K6b_trauma_g2,3,trauma,shock,shock10,0,642.8
7,230913_SEFL10K6b_trauma_g2,3,trauma,postshock,postshock01,41.5,31.81
7,230913_SEFL10K6b_trauma_g2,3,trauma,postshock,postshock02,56,21.49
7,230913_SEFL10K6b_trauma_g2,3,trauma,postshock,postshock03,49.5,28.15
7,230913_SEFL10K6b_trauma_g2,3,trauma,postshock,postshock04,61.5,15.85
7,230913_SEFL10K6b_trauma_g2,3,trauma,postshock,postshock05,64.33,17.38
7,230913_SEFL10K6b_trauma_g2,3,trauma,postshock,postshock06,68.33,7.74
7,230913_SEFL10K6b_trauma_g2,3,trauma,postshock,postshock07,93.67,1.56
7,230913_SEFL10K6b_trauma_g2,3,trauma,postshock,postshock08,85,6.91
7,230913_SEFL10K6b_trauma_g2,3,trauma,postshock,postshock09,29.5,19.17
7,230913_SEFL10K6b_trauma_g2,3,trauma,postshock,postshock10,81.17,10.23
8,230913_SEFL10K6b_trauma_g2,4,trauma,baseline,baseline,0,179.18
8,230913_SEFL10K6b_trauma_g2,4,trauma,shock,shock01,0,673.7
8,230913_SEFL10K6b_trauma_g2,4,trauma,shock,shock02,0,880.03
8,230913_SEFL10K6b_trauma_g2,4,trauma,shock,shock03,0,495.87
8,230913_SEFL10K6b_trauma_g2,4,trauma,shock,shock04,0,2231.43
8,230913_SEFL10K6b_trauma_g2,4,trauma,shock,shock05,0,929.07
8,230913_SEFL10K6b_trauma_g2,4,trauma,shock,shock06,0,806.97
8,230913_SEFL10K6b_trauma_g2,4,trauma,shock,shock07,0,1075.13
8,230913_SEFL10K6b_trauma_g2,4,trauma,shock,shock08,0,751.93
8,230913_SEFL10K6b_trauma_g2,4,trauma,shock,shock09,0,1384.53
8,230913_SEFL10K6b_trauma_g2,4,trauma,shock,shock10,0,1624.7
8,230913_SEFL10K6b_trauma_g2,4,trauma,postshock,postshock01,0,122.97
8,230913_SEFL10K6b_trauma_g2,4,trauma,postshock,postshock02,5,90.51
8,230913_SEFL10K6b_trauma_g2,4,trauma,postshock,postshock03,51.5,24.65
8,230913_SEFL10K6b_trauma_g2,4,trauma,postshock,postshock04,78.17,9.16
8,230913_SEFL10K6b_trauma_g2,4,trauma,postshock,postshock05,55.33,16.63
8,230913_SEFL10K6b_trauma_g2,4,trauma,postshock,postshock06,37.5,34.22
8,230913_SEFL10K6b_trauma_g2,4,trauma,postshock,postshock07,48.5,21.74
8,230913_SEFL10K6b_trauma_g2,4,trauma,postshock,postshock08,24.33,208.24
8,230913_SEFL10K6b_trauma_g2,4,trauma,postshock,postshock09,90.17,3.51
8,230913_SEFL10K6b_trauma_g2,4,trauma,postshock,postshock10,97,5.54
9,230913_SEFL10K6b_trauma_g3,1,trauma,baseline,baseline,3.9,169.03
9,230913_SEFL10K6b_trauma_g3,1,trauma,shock,shock01,0,1096.03
9,230913_SEFL10K6b_trauma_g3,1,trauma,shock,shock02,0,559.3
9,230913_SEFL10K6b_trauma_g3,1,trauma,shock,shock03,0,875.27
9,230913_SEFL10K6b_trauma_g3,1,trauma,shock,shock04,0,1031.2
9,230913_SEFL10K6b_trauma_g3,1,trauma,shock,shock05,0,605.7
9,230913_SEFL10K6b_trauma_g3,1,trauma,shock,shock06,0,1391.2
9,230913_SEFL10K6b_trauma_g3,1,trauma,shock,shock07,0,1638.47
9,230913_SEFL10K6b_trauma_g3,1,trauma,shock,shock08,0,1521.83
9,230913_SEFL10K6b_trauma_g3,1,trauma,shock,shock09,0,872.97
9,230913_SEFL10K6b_trauma_g3,1,trauma,shock,shock10,0,691.37
9,230913_SEFL10K6b_trauma_g3,1,trauma,postshock,postshock01,19.33,132.81
9,230913_SEFL10K6b_trauma_g3,1,trauma,postshock,postshock02,58.83,21.01
9,230913_SEFL10K6b_trauma_g3,1,trauma,postshock,postshock03,68,12.12
9,230913_SEFL10K6b_trauma_g3,1,trauma,postshock,postshock04,80.33,9.52
9,230913_SEFL10K6b_trauma_g3,1,trauma,postshock,postshock05,80.17,19.03
9,230913_SEFL10K6b_trauma_g3,1,trauma,postshock,postshock06,90,21.73
9,230913_SEFL10K6b_trauma_g3,1,trauma,postshock,postshock07,67.17,17.05
9,230913_SEFL10K6b_trauma_g3,1,trauma,postshock,postshock08,81.33,9.45
9,230913_SEFL10K6b_trauma_g3,1,trauma,postshock,postshock09,84.17,4.85
9,230913_SEFL10K6b_trauma_g3,1,trauma,postshock,postshock10,84.83,16.29
10,230913_SEFL10K6b_trauma_g3,2,trauma,baseline,baseline,1.27,238.82
10,230913_SEFL10K6b_trauma_g3,2,trauma,shock,shock01,0,1268.77
10,230913_SEFL10K6b_trauma_g3,2,trauma,shock,shock02,0,717.8
10,230913_SEFL10K6b_trauma_g3,2,trauma,shock,shock03,0,751.83
10,230913_SEFL10K6b_trauma_g3,2,trauma,shock,shock04,0,1084.2
10,230913_SEFL10K6b_trauma_g3,2,trauma,shock,shock05,0,907.57
10,230913_SEFL10K6b_trauma_g3,2,trauma,shock,shock06,0,847.23
10,230913_SEFL10K6b_trauma_g3,2,trauma,shock,shock07,0,781.77
10,230913_SEFL10K6b_trauma_g3,2,trauma,shock,shock08,0,664.87
10,230913_SEFL10K6b_trauma_g3,2,trauma,shock,shock09,0,1678.7
10,230913_SEFL10K6b_trauma_g3,2,trauma,shock,shock10,0,652.67
10,230913_SEFL10K6b_trauma_g3,2,trauma,postshock,postshock01,0,149.99
10,230913_SEFL10K6b_trauma_g3,2,trauma,postshock,postshock02,0,152.06
10,230913_SEFL10K6b_trauma_g3,2,trauma,postshock,postshock03,13.67,119.91
10,230913_SEFL10K6b_trauma_g3,2,trauma,postshock,postshock04,36.67,85.19
10,230913_SEFL10K6b_trauma_g3,2,trauma,postshock,postshock05,59.33,21.74
10,230913_SEFL10K6b_trauma_g3,2,trauma,postshock,postshock06,82.83,5.84
10,230913_SEFL10K6b_trauma_g3,2,trauma,postshock,postshock07,37.17,46.6
10,230913_SEFL10K6b_trauma_g3,2,trauma,postshock,postshock08,85,16.04
10,230913_SEFL10K6b_trauma_g3,2,trauma,postshock,postshock09,96.83,1.63
10,230913_SEFL10K6b_trauma_g3,2,trauma,postshock,postshock10,89,2.73
11,230913_SEFL10K6b_trauma_g3,3,trauma,baseline,baseline,0.96,158.9
11,230913_SEFL10K6b_trauma_g3,3,trauma,shock,shock01,0,502.37
11,230913_SEFL10K6b_trauma_g3,3,trauma,shock,shock02,0,1271.53
11,230913_SEFL10K6b_trauma_g3,3,trauma,shock,shock03,0,1346.9
11,230913_SEFL10K6b_trauma_g3,3,trauma,shock,shock04,0,649.57
11,230913_SEFL10K6b_trauma_g3,3,trauma,shock,shock05,0,448.07
11,230913_SEFL10K6b_trauma_g3,3,trauma,shock,shock06,0,1075.47
11,230913_SEFL10K6b_trauma_g3,3,trauma,shock,shock07,0,968.87
11,230913_SEFL10K6b_trauma_g3,3,trauma,shock,shock08,0,1383.1
11,230913_SEFL10K6b_trauma_g3,3,trauma,shock,shock09,0,1060.07
11,230913_SEFL10K6b_trauma_g3,3,trauma,shock,shock10,0,839.43
11,230913_SEFL10K6b_trauma_g3,3,trauma,postshock,postshock01,12.83,102.9
11,230913_SEFL10K6b_trauma_g3,3,trauma,postshock,postshock02,52,16.68
11,230913_SEFL10K6b_trauma_g3,3,trauma,postshock,postshock03,34.67,70.15
11,230913_SEFL10K6b_trauma_g3,3,trauma,postshock,postshock04,41.5,28.64
11,230913_SEFL10K6b_trauma_g3,3,trauma,postshock,postshock05,77.5,42.17
11,230913_SEFL10K6b_trauma_g3,3,trauma,postshock,postshock06,61.83,23.78
11,230913_SEFL10K6b_trauma_g3,3,trauma,postshock,postshock07,64.17,22.35
11,230913_SEFL10K6b_trauma_g3,3,trauma,postshock,postshock08,80.17,2.96
11,230913_SEFL10K6b_trauma_g3,3,trauma,postshock,postshock09,70,14.23
11,230913_SEFL10K6b_trauma_g3,3,trauma,postshock,postshock10,82.33,3.81
12,230913_SEFL10K6b_trauma_g3,4,trauma,baseline,baseline,0.71,175.73
12,230913_SEFL10K6b_trauma_g3,4,trauma,shock,shock01,0,882.97
12,230913_SEFL10K6b_trauma_g3,4,trauma,shock,shock02,0,1563.43
12,230913_SEFL10K6b_trauma_g3,4,trauma,shock,shock03,0,602.77
12,230913_SEFL10K6b_trauma_g3,4,trauma,shock,shock04,0,1891.33
12,230913_SEFL10K6b_trauma_g3,4,trauma,shock,shock05,0,1111.4
12,230913_SEFL10K6b_trauma_g3,4,trauma,shock,shock06,0,643.83
12,230913_SEFL10K6b_trauma_g3,4,trauma,shock,shock07,0,683.23
12,230913_SEFL10K6b_trauma_g3,4,trauma,shock,shock08,0,1480.9
12,230913_SEFL10K6b_trauma_g3,4,trauma,shock,shock09,0,874.63
12,230913_SEFL10K6b_trauma_g3,4,trauma,shock,shock10,0,1477.17
12,230913_SEFL10K6b_trauma_g3,4,trauma,postshock,postshock01,0,128.56
12,230913_SEFL10K6b_trauma_g3,4,trauma,postshock,postshock02,6.83,131.95
12,230913_SEFL10K6b_trauma_g3,4,trauma,postshock,postshock03,52.67,24.43
12,230913_SEFL10K6b_trauma_g3,4,trauma,postshock,postshock04,67.83,23.19
12,230913_SEFL10K6b_trauma_g3,4,trauma,postshock,postshock05,46.17,26.5
12,230913_SEFL10K6b_trauma_g3,4,trauma,postshock,postshock06,70.33,6.86
12,230913_SEFL10K6b_trauma_g3,4,trauma,postshock,postshock07,75.33,21.29
12,230913_SEFL10K6b_trauma_g3,4,trauma,postshock,postshock08,33.83,51.94
12,230913_SEFL10K6b_trauma_g3,4,trauma,postshock,postshock09,64.67,21.18
12,230913_SEFL10K6b_trauma_g3,4,trauma,postshock,postshock10,69.17,16.05
13,230913_SEFL10K6b_trauma_g4,1,trauma,baseline,baseline,0,214.94
13,230913_SEFL10K6b_trauma_g4,1,trauma,shock,shock01,0,1183.87
13,230913_SEFL10K6b_trauma_g4,1,trauma,shock,shock02,0,794.23
13,230913_SEFL10K6b_trauma_g4,1,trauma,shock,shock03,0,615.67
13,230913_SEFL10K6b_trauma_g4,1,trauma,shock,shock04,0,813.53
13,230913_SEFL10K6b_trauma_g4,1,trauma,shock,shock05,0,1398.33
13,230913_SEFL10K6b_trauma_g4,1,trauma,shock,shock06,0,690.13
13,230913_SEFL10K6b_trauma_g4,1,trauma,shock,shock07,0,602.97
13,230913_SEFL10K6b_trauma_g4,1,trauma,shock,shock08,0,732.03
13,230913_SEFL10K6b_trauma_g4,1,trauma,shock,shock09,0,1097.3
13,230913_SEFL10K6b_trauma_g4,1,trauma,shock,shock10,0,932.3
13,230913_SEFL10K6b_trauma_g4,1,trauma,postshock,postshock01,0,194.37
13,230913_SEFL10K6b_trauma_g4,1,trauma,postshock,postshock02,29.67,76.86
13,230913_SEFL10K6b_trauma_g4,1,trauma,postshock,postshock03,69.83,9.17
13,230913_SEFL10K6b_trauma_g4,1,trauma,postshock,postshock04,35.17,76.47
13,230913_SEFL10K6b_trauma_g4,1,trauma,postshock,postshock05,74.67,8.83
13,230913_SEFL10K6b_trauma_g4,1,trauma,postshock,postshock06,29.17,57.2
13,230913_SEFL10K6b_trauma_g4,1,trauma,postshock,postshock07,64.5,19.84
13,230913_SEFL10K6b_trauma_g4,1,trauma,postshock,postshock08,45.33,21.59
13,230913_SEFL10K6b_trauma_g4,1,trauma,postshock,postshock09,83.33,2.76
13,230913_SEFL10K6b_trauma_g4,1,trauma,postshock,postshock10,62.33,16.68
14,230913_SEFL10K6b_trauma_g4,2,trauma,baseline,baseline,1.48,196.17
14,230913_SEFL10K6b_trauma_g4,2,trauma,shock,shock01,0,1311.7
14,230913_SEFL10K6b_trauma_g4,2,trauma,shock,shock02,0,753.3
14,230913_SEFL10K6b_trauma_g4,2,trauma,shock,shock03,0,757.5
14,230913_SEFL10K6b_trauma_g4,2,trauma,shock,shock04,0,1113.97
14,230913_SEFL10K6b_trauma_g4,2,trauma,shock,shock05,0,1484.03
14,230913_SEFL10K6b_trauma_g4,2,trauma,shock,shock06,0,1731.93
14,230913_SEFL10K6b_trauma_g4,2,trauma,shock,shock07,0,905.27
14,230913_SEFL10K6b_trauma_g4,2,trauma,shock,shock08,0,1472.9
14,230913_SEFL10K6b_trauma_g4,2,trauma,shock,shock09,0,1230.93
14,230913_SEFL10K6b_trauma_g4,2,trauma,shock,shock10,0,1223.87
14,230913_SEFL10K6b_trauma_g4,2,trauma,postshock,postshock01,5.17,172.1
14,230913_SEFL10K6b_trauma_g4,2,trauma,postshock,postshock02,34.5,65.8
14,230913_SEFL10K6b_trauma_g4,2,trauma,postshock,postshock03,44,94.89
14,230913_SEFL10K6b_trauma_g4,2,trauma,postshock,postshock04,56.5,20.43
14,230913_SEFL10K6b_trauma_g4,2,trauma,postshock,postshock05,56,19.37
14,230913_SEFL10K6b_trauma_g4,2,trauma,postshock,postshock06,59.33,10.19
14,230913_SEFL10K6b_trauma_g4,2,trauma,postshock,postshock07,61,26.76
14,230913_SEFL10K6b_trauma_g4,2,trauma,postshock,postshock08,84.67,6
14,230913_SEFL10K6b_trauma_g4,2,trauma,postshock,postshock09,67.67,6.42
14,230913_SEFL10K6b_trauma_g4,2,trauma,postshock,postshock10,77.5,10.94
15,230913_SEFL10K6b_trauma_g4,3,trauma,baseline,baseline,0.5,169.14
15,230913_SEFL10K6b_trauma_g4,3,trauma,shock,shock01,0,969.63
15,230913_SEFL10K6b_trauma_g4,3,trauma,shock,shock02,0,576.17
15,230913_SEFL10K6b_trauma_g4,3,trauma,shock,shock03,0,910.97
15,230913_SEFL10K6b_trauma_g4,3,trauma,shock,shock04,0,840.2
15,230913_SEFL10K6b_trauma_g4,3,trauma,shock,shock05,0,1672.37
15,230913_SEFL10K6b_trauma_g4,3,trauma,shock,shock06,0,1805.6
15,230913_SEFL10K6b_trauma_g4,3,trauma,shock,shock07,0,763.03
15,230913_SEFL10K6b_trauma_g4,3,trauma,shock,shock08,0,682.7
15,230913_SEFL10K6b_trauma_g4,3,trauma,shock,shock09,0,588
15,230913_SEFL10K6b_trauma_g4,3,trauma,shock,shock10,0,1018.47
15,230913_SEFL10K6b_trauma_g4,3,trauma,postshock,postshock01,0,191.19
15,230913_SEFL10K6b_trauma_g4,3,trauma,postshock,postshock02,8.5,98.95
15,230913_SEFL10K6b_trauma_g4,3,trauma,postshock,postshock03,19.67,41.68
15,230913_SEFL10K6b_trauma_g4,3,trauma,postshock,postshock04,53.67,15.47
15,230913_SEFL10K6b_trauma_g4,3,trauma,postshock,postshock05,32.17,45.57
15,230913_SEFL10K6b_trauma_g4,3,trauma,postshock,postshock06,63.83,22.9
15,230913_SEFL10K6b_trauma_g4,3,trauma,postshock,postshock07,41.5,113.63
15,230913_SEFL10K6b_trauma_g4,3,trauma,postshock,postshock08,61.67,10.98
15,230913_SEFL10K6b_trauma_g4,3,trauma,postshock,postshock09,74.17,7.8
15,230913_SEFL10K6b_trauma_g4,3,trauma,postshock,postshock10,90.17,2.28
16,230913_SEFL10K6b_trauma_g4,4,trauma,baseline,baseline,0.42,155.15
16,230913_SEFL10K6b_trauma_g4,4,trauma,shock,shock01,0,831.4
16,230913_SEFL10K6b_trauma_g4,4,trauma,shock,shock02,0,801.8
16,230913_SEFL10K6b_trauma_g4,4,trauma,shock,shock03,0,1045.5
16,230913_SEFL10K6b_trauma_g4,4,trauma,shock,shock04,0,960.6
16,230913_SEFL10K6b_trauma_g4,4,trauma,shock,shock05,0,877.03
16,230913_SEFL10K6b_trauma_g4,4,trauma,shock,shock06,0,620.03
16,230913_SEFL10K6b_trauma_g4,4,trauma,shock,shock07,0,1577.3
16,230913_SEFL10K6b_trauma_g4,4,trauma,shock,shock08,0,659.7
16,230913_SEFL10K6b_trauma_g4,4,trauma,shock,shock09,0,700.37
16,230913_SEFL10K6b_trauma_g4,4,trauma,shock,shock10,0,829.13
16,230913_SEFL10K6b_trauma_g4,4,trauma,postshock,postshock01,21.33,53.32
16,230913_SEFL10K6b_trauma_g4,4,trauma,postshock,postshock02,40.67,54.36
16,230913_SEFL10K6b_trauma_g4,4,trauma,postshock,postshock03,26.33,43.5
16,230913_SEFL10K6b_trauma_g4,4,trauma,postshock,postshock04,90.83,12.94
16,230913_SEFL10K6b_trauma_g4,4,trauma,postshock,postshock05,39.83,36.4
16,230913_SEFL10K6b_trauma_g4,4,trauma,postshock,postshock06,94.5,0.98
16,230913_SEFL10K6b_trauma_g4,4,trauma,postshock,postshock07,78.83,10.05
16,230913_SEFL10K6b_trauma_g4,4,trauma,postshock,postshock08,87.83,1.81
16,230913_SEFL10K6b_trauma_g4,4,trauma,postshock,postshock09,95.5,0.65
16,230913_SEFL10K6b_trauma_g4,4,trauma,postshock,postshock10,99.67,0.12
17,230913_SEFL10K6b_trauma_g5,1,trauma,baseline,baseline,3.48,135.34
17,230913_SEFL10K6b_trauma_g5,1,trauma,shock,shock01,0,943.33
17,230913_SEFL10K6b_trauma_g5,1,trauma,shock,shock02,0,723.7
17,230913_SEFL10K6b_trauma_g5,1,trauma,shock,shock03,0,807.17
17,230913_SEFL10K6b_trauma_g5,1,trauma,shock,shock04,0,1295.73
17,230913_SEFL10K6b_trauma_g5,1,trauma,shock,shock05,0,602.93
17,230913_SEFL10K6b_trauma_g5,1,trauma,shock,shock06,0,795.7
17,230913_SEFL10K6b_trauma_g5,1,trauma,shock,shock07,0,783.5
17,230913_SEFL10K6b_trauma_g5,1,trauma,shock,shock08,0,770.9
17,230913_SEFL10K6b_trauma_g5,1,trauma,shock,shock09,0,748.9
17,230913_SEFL10K6b_trauma_g5,1,trauma,shock,shock10,0,602.63
17,230913_SEFL10K6b_trauma_g5,1,trauma,postshock,postshock01,0,105.14
17,230913_SEFL10K6b_trauma_g5,1,trauma,postshock,postshock02,56,43.82
17,230913_SEFL10K6b_trauma_g5,1,trauma,postshock,postshock03,48.67,25.13
17,230913_SEFL10K6b_trauma_g5,1,trauma,postshock,postshock04,52.67,16.38
17,230913_SEFL10K6b_trauma_g5,1,trauma,postshock,postshock05,68.5,15.31
17,230913_SEFL10K6b_trauma_g5,1,trauma,postshock,postshock06,83.5,9.37
17,230913_SEFL10K6b_trauma_g5,1,trauma,postshock,postshock07,67.83,10.19
17,230913_SEFL10K6b_trauma_g5,1,trauma,postshock,postshock08,78.83,5.21
17,230913_SEFL10K6b_trauma_g5,1,trauma,postshock,postshock09,54,12.73
17,230913_SEFL10K6b_trauma_g5,1,trauma,postshock,postshock10,97.33,1.04
18,230913_SEFL10K6b_trauma_g5,2,trauma,baseline,baseline,0,209.9
18,230913_SEFL10K6b_trauma_g5,2,trauma,shock,shock01,0,1111.87
18,230913_SEFL10K6b_trauma_g5,2,trauma,shock,shock02,0,1065.57
18,230913_SEFL10K6b_trauma_g5,2,trauma,shock,shock03,0,1227.4
18,230913_SEFL10K6b_trauma_g5,2,trauma,shock,shock04,0,1146.23
18,230913_SEFL10K6b_trauma_g5,2,trauma,shock,shock05,0,961.1
18,230913_SEFL10K6b_trauma_g5,2,trauma,shock,shock06,0,1248.27
18,230913_SEFL10K6b_trauma_g5,2,trauma,shock,shock07,0,884.17
18,230913_SEFL10K6b_trauma_g5,2,trauma,shock,shock08,0,764.9
18,230913_SEFL10K6b_trauma_g5,2,trauma,shock,shock09,0,696.87
18,230913_SEFL10K6b_trauma_g5,2,trauma,shock,shock10,0,646.43
18,230913_SEFL10K6b_trauma_g5,2,trauma,postshock,postshock01,0,143.69
18,230913_SEFL10K6b_trauma_g5,2,trauma,postshock,postshock02,17.17,36.49
18,230913_SEFL10K6b_trauma_g5,2,trauma,postshock,postshock03,44.67,27.04
18,230913_SEFL10K6b_trauma_g5,2,trauma,postshock,postshock04,30.5,41.19
18,230913_SEFL10K6b_trauma_g5,2,trauma,postshock,postshock05,65.67,21.66
18,230913_SEFL10K6b_trauma_g5,2,trauma,postshock,postshock06,60.67,29.87
18,230913_SEFL10K6b_trauma_g5,2,trauma,postshock,postshock07,90.17,3.65
18,230913_SEFL10K6b_trauma_g5,2,trauma,postshock,postshock08,86.5,3.42
18,230913_SEFL10K6b_trauma_g5,2,trauma,postshock,postshock09,85.33,4.11
18,230913_SEFL10K6b_trauma_g5,2,trauma,postshock,postshock10,99.17,0.39
19,230913_SEFL10K6b_trauma_g5,3,trauma,baseline,baseline,0,180.29
19,230913_SEFL10K6b_trauma_g5,3,trauma,shock,shock01,0,991.67
19,230913_SEFL10K6b_trauma_g5,3,trauma,shock,shock02,0,702.3
19,230913_SEFL10K6b_trauma_g5,3,trauma,shock,shock03,0,908.8
19,230913_SEFL10K6b_trauma_g5,3,trauma,shock,shock04,0,1114.3
19,230913_SEFL10K6b_trauma_g5,3,trauma,shock,shock05,0,963.6
19,230913_SEFL10K6b_trauma_g5,3,trauma,shock,shock06,0,993.27
19,230913_SEFL10K6b_trauma_g5,3,trauma,shock,shock07,0,1014.17
19,230913_SEFL10K6b_trauma_g5,3,trauma,shock,shock08,0,1360.5
19,230913_SEFL10K6b_trauma_g5,3,trauma,shock,shock09,0,685.23
19,230913_SEFL10K6b_trauma_g5,3,trauma,shock,shock10,0,673.3
19,230913_SEFL10K6b_trauma_g5,3,trauma,postshock,postshock01,0,118.28
19,230913_SEFL10K6b_trauma_g5,3,trauma,postshock,postshock02,22.17,41.6
19,230913_SEFL10K6b_trauma_g5,3,trauma,postshock,postshock03,71.33,9.27
19,230913_SEFL10K6b_trauma_g5,3,trauma,postshock,postshock04,63.33,16.74
19,230913_SEFL10K6b_trauma_g5,3,trauma,postshock,postshock05,60.5,7.26
19,230913_SEFL10K6b_trauma_g5,3,trauma,postshock,postshock06,60.5,22.26
19,230913_SEFL10K6b_trauma_g5,3,trauma,postshock,postshock07,72.33,18.17
19,230913_SEFL10K6b_trauma_g5,3,trauma,postshock,postshock08,67.33,18.95
19,230913_SEFL10K6b_trauma_g5,3,trauma,postshock,postshock09,67.17,5.16
19,230913_SEFL10K6b_trauma_g5,3,trauma,postshock,postshock10,92.33,2.84
20,230913_SEFL10K6b_trauma_g5,4,trauma,baseline,baseline,2.91,153.61
20,230913_SEFL10K6b_trauma_g5,4,trauma,shock,shock01,0,954.5
20,230913_SEFL10K6b_trauma_g5,4,trauma,shock,shock02,0,1114.53
20,230913_SEFL10K6b_trauma_g5,4,trauma,shock,shock03,0,837.3
20,230913_SEFL10K6b_trauma_g5,4,trauma,shock,shock04,0,745.23
20,230913_SEFL10K6b_trauma_g5,4,trauma,shock,shock05,0,633.97
20,230913_SEFL10K6b_trauma_g5,4,trauma,shock,shock06,0,769
20,230913_SEFL10K6b_trauma_g5,4,trauma,shock,shock07,0,1116.63
20,230913_SEFL10K6b_trauma_g5,4,trauma,shock,shock08,0,911.07
20,230913_SEFL10K6b_trauma_g5,4,trauma,shock,shock09,0,1234.2
20,230913_SEFL10K6b_trauma_g5,4,trauma,shock,shock10,0,1246.23
20,230913_SEFL10K6b_trauma_g5,4,trauma,postshock,postshock01,17.67,90.27
20,230913_SEFL10K6b_trauma_g5,4,trauma,postshock,postshock02,39.67,27.23
20,230913_SEFL10K6b_trauma_g5,4,trauma,postshock,postshock03,43.33,31.16
20,230913_SEFL10K6b_trauma_g5,4,trauma,postshock,postshock04,77.17,7.48
20,230913_SEFL10K6b_trauma_g5,4,trauma,postshock,postshock05,57.33,67.4
20,230913_SEFL10K6b_trauma_g5,4,trauma,postshock,postshock06,96.5,0.58
20,230913_SEFL10K6b_trauma_g5,4,trauma,postshock,postshock07,56.83,17.71
20,230913_SEFL10K6b_trauma_g5,4,trauma,postshock,postshock08,68.33,19.57
20,230913_SEFL10K6b_trauma_g5,4,trauma,postshock,postshock09,66,14.59
20,230913_SEFL10K6b_trauma_g5,4,trauma,postshock,postshock10,79.33,7.78
21,230913_SEFL10K6b_trauma_g6,1,trauma,baseline,baseline,0,195.5
21,230913_SEFL10K6b_trauma_g6,1,trauma,shock,shock01,0,1260.73
21,230913_SEFL10K6b_trauma_g6,1,trauma,shock,shock02,0,1047.4
21,230913_SEFL10K6b_trauma_g6,1,trauma,shock,shock03,0,731.53
21,230913_SEFL10K6b_trauma_g6,1,trauma,shock,shock04,0,987
21,230913_SEFL10K6b_trauma_g6,1,trauma,shock,shock05,0,755.17
21,230913_SEFL10K6b_trauma_g6,1,trauma,shock,shock06,0,777.73
21,230913_SEFL10K6b_trauma_g6,1,trauma,shock,shock07,0,813.37
21,230913_SEFL10K6b_trauma_g6,1,trauma,shock,shock08,0,896.47
21,230913_SEFL10K6b_trauma_g6,1,trauma,shock,shock09,0,995.47
21,230913_SEFL10K6b_trauma_g6,1,trauma,shock,shock10,0,751.2
21,230913_SEFL10K6b_trauma_g6,1,trauma,postshock,postshock01,0,147.49
21,230913_SEFL10K6b_trauma_g6,1,trauma,postshock,postshock02,6.33,194.57
21,230913_SEFL10K6b_trauma_g6,1,trauma,postshock,postshock03,8.67,43.92
21,230913_SEFL10K6b_trauma_g6,1,trauma,postshock,postshock04,33.17,38.11
21,230913_SEFL10K6b_trauma_g6,1,trauma,postshock,postshock05,54.67,27.62
21,230913_SEFL10K6b_trauma_g6,1,trauma,postshock,postshock06,76.17,18.06
21,230913_SEFL10K6b_trauma_g6,1,trauma,postshock,postshock07,73.17,11.12
21,230913_SEFL10K6b_trauma_g6,1,trauma,postshock,postshock08,70.5,9.24
21,230913_SEFL10K6b_trauma_g6,1,trauma,postshock,postshock09,74.83,8.66
21,230913_SEFL10K6b_trauma_g6,1,trauma,postshock,postshock10,37,106.89
22,230913_SEFL10K6b_trauma_g6,2,trauma,baseline,baseline,0,233.56
22,230913_SEFL10K6b_trauma_g6,2,trauma,shock,shock01,0,1160.5
22,230913_SEFL10K6b_trauma_g6,2,trauma,shock,shock02,0,646.53
22,230913_SEFL10K6b_trauma_g6,2,trauma,shock,shock03,0,769.07
22,230913_SEFL10K6b_trauma_g6,2,trauma,shock,shock04,0,466.33
22,230913_SEFL10K6b_trauma_g6,2,trauma,shock,shock05,0,704.63
22,230913_SEFL10K6b_trauma_g6,2,trauma,shock,shock06,0,515.77
22,230913_SEFL10K6b_trauma_g6,2,trauma,shock,shock07,0,565.87
22,230913_SEFL10K6b_trauma_g6,2,trauma,shock,shock08,0,1064.8
22,230913_SEFL10K6b_trauma_g6,2,trauma,shock,shock09,0,247.43
22,230913_SEFL10K6b_trauma_g6,2,trauma,shock,shock10,0,773.43
22,230913_SEFL10K6b_trauma_g6,2,trauma,postshock,postshock01,0,160.29
22,230913_SEFL10K6b_trauma_g6,2,trauma,postshock,postshock02,15.67,48.88
22,230913_SEFL10K6b_trauma_g6,2,trauma,postshock,postshock03,20.5,32.59
22,230913_SEFL10K6b_trauma_g6,2,trauma,postshock,postshock04,33.17,43.51
22,230913_SEFL10K6b_trauma_g6,2,trauma,postshock,postshock05,72.17,11.86
22,230913_SEFL10K6b_trauma_g6,2,trauma,postshock,postshock06,60.5,19.89
22,230913_SEFL10K6b_trauma_g6,2,trauma,postshock,postshock07,30.5,61.37
22,230913_SEFL10K6b_trauma_g6,2,trauma,postshock,postshock08,75.17,10.42
22,230913_SEFL10K6b_trauma_g6,2,trauma,postshock,postshock09,30.5,117.99
22,230913_SEFL10K6b_trauma_g6,2,trauma,postshock,postshock10,28.83,71.19
23,230913_SEFL10K6b_trauma_g6,3,trauma,baseline,baseline,1.09,225.97
23,230913_SEFL10K6b_trauma_g6,3,trauma,shock,shock01,0,1125.2
23,230913_SEFL10K6b_trauma_g6,3,trauma,shock,shock02,0,697.23
23,230913_SEFL10K6b_trauma_g6,3,trauma,shock,shock03,0,936.1
23,230913_SEFL10K6b_trauma_g6,3,trauma,shock,shock04,0,866.33
23,230913_SEFL10K6b_trauma_g6,3,trauma,shock,shock05,0,706.63
23,230913_SEFL10K6b_trauma_g6,3,trauma,shock,shock06,0,921.73
23,230913_SEFL10K6b_trauma_g6,3,trauma,shock,shock07,0,601.03
23,230913_SEFL10K6b_trauma_g6,3,trauma,shock,shock08,0,1159.3
23,230913_SEFL10K6b_trauma_g6,3,trauma,shock,shock09,0,891.37
23,230913_SEFL10K6b_trauma_g6,3,trauma,shock,shock10,0,934.1
23,230913_SEFL10K6b_trauma_g6,3,trauma,postshock,postshock01,5.17,98.41
23,230913_SEFL10K6b_trauma_g6,3,trauma,postshock,postshock02,31.33,158.39
23,230913_SEFL10K6b_trauma_g6,3,trauma,postshock,postshock03,38.83,128.28
23,230913_SEFL10K6b_trauma_g6,3,trauma,postshock,postshock04,61.33,11.73
23,230913_SEFL10K6b_trauma_g6,3,trauma,postshock,postshock05,35.83,102.75
23,230913_SEFL10K6b_trauma_g6,3,trauma,postshock,postshock06,80.33,8.15
23,230913_SEFL10K6b_trauma_g6,3,trauma,postshock,postshock07,99.5,0.4
23,230913_SEFL10K6b_trauma_g6,3,trauma,postshock,postshock08,52.17,46.6
23,230913_SEFL10K6b_trauma_g6,3,trauma,postshock,postshock09,97.17,1.79
23,230913_SEFL10K6b_trauma_g6,3,trauma,postshock,postshock10,92.67,2.56
24,230913_SEFL10K6b_trauma_g6,4,trauma,baseline,baseline,0.37,212.76
24,230913_SEFL10K6b_trauma_g6,4,trauma,shock,shock01,0,713.6
24,230913_SEFL10K6b_trauma_g6,4,trauma,shock,shock02,0,1221.5
24,230913_SEFL10K6b_trauma_g6,4,trauma,shock,shock03,0,1102.6
24,230913_SEFL10K6b_trauma_g6,4,trauma,shock,shock04,0,739.9
24,230913_SEFL10K6b_trauma_g6,4,trauma,shock,shock05,0,709.2
24,230913_SEFL10K6b_trauma_g6,4,trauma,shock,shock06,0,800.53
24,230913_SEFL10K6b_trauma_g6,4,trauma,shock,shock07,0,920.13
24,230913_SEFL10K6b_trauma_g6,4,trauma,shock,shock08,0,1025.83
24,230913_SEFL10K6b_trauma_g6,4,trauma,shock,shock09,0,359.67
24,230913_SEFL10K6b_trauma_g6,4,trauma,shock,shock10,0,1051.53
24,230913_SEFL10K6b_trauma_g6,4,trauma,postshock,postshock01,0,99.39
24,230913_SEFL10K6b_trauma_g6,4,trauma,postshock,postshock02,49.5,17.68
24,230913_SEFL10K6b_trauma_g6,4,trauma,postshock,postshock03,15,79.58
24,230913_SEFL10K6b_trauma_g6,4,trauma,postshock,postshock04,35.33,62.65
24,230913_SEFL10K6b_trauma_g6,4,trauma,postshock,postshock05,27.67,49.83
24,230913_SEFL10K6b_trauma_g6,4,trauma,postshock,postshock06,76.17,9.1
24,230913_SEFL10K6b_trauma_g6,4,trauma,postshock,postshock07,18.17,42.2
24,230913_SEFL10K6b_trauma_g6,4,trauma,postshock,postshock08,92.33,2.49
24,230913_SEFL10K6b_trauma_g6,4,trauma,postshock,postshock09,50.33,30.66
24,230913_SEFL10K6b_trauma_g6,4,trauma,postshock,postshock10,88.5,2.41
25,230913_SEFL10K6b_trauma_g7,1,trauma,baseline,baseline,1.77,159.55
25,230913_SEFL10K6b_trauma_g7,1,trauma,shock,shock01,0,890.6
25,230913_SEFL10K6b_trauma_g7,1,trauma,shock,shock02,0,517.43
25,230913_SEFL10K6b_trauma_g7,1,trauma,shock,shock03,0,582.27
25,230913_SEFL10K6b_trauma_g7,1,trauma,shock,shock04,0,1091.1
25,230913_SEFL10K6b_trauma_g7,1,trauma,shock,shock05,0,667.2
25,230913_SEFL10K6b_trauma_g7,1,trauma,shock,shock06,0,333.47
25,230913_SEFL10K6b_trauma_g7,1,trauma,shock,shock07,0,648.13
25,230913_SEFL10K6b_trauma_g7,1,trauma,shock,shock08,0,376.73
25,230913_SEFL10K6b_trauma_g7,1,trauma,shock,shock09,0,1024.03
25,230913_SEFL10K6b_trauma_g7,1,trauma,shock,shock10,0,523.8
25,230913_SEFL10K6b_trauma_g7,1,trauma,postshock,postshock01,5.5,182.32
25,230913_SEFL10K6b_trauma_g7,1,trauma,postshock,postshock02,70.83,8.05
25,230913_SEFL10K6b_trauma_g7,1,trauma,postshock,postshock03,83.17,17.77
25,230913_SEFL10K6b_trauma_g7,1,trauma,postshock,postshock04,96,0.99
25,230913_SEFL10K6b_trauma_g7,1,trauma,postshock,postshock05,66.67,10.98
25,230913_SEFL10K6b_trauma_g7,1,trauma,postshock,postshock06,83.5,5.82
25,230913_SEFL10K6b_trauma_g7,1,trauma,postshock,postshock07,96.67,1.35
25,230913_SEFL10K6b_trauma_g7,1,trauma,postshock,postshock08,83,4.27
25,230913_SEFL10K6b_trauma_g7,1,trauma,postshock,postshock09,41.17,38.09
25,230913_SEFL10K6b_trauma_g7,1,trauma,postshock,postshock10,100,0.03
26,230913_SEFL10K6b_trauma_g7,2,trauma,baseline,baseline,0,214.65
26,230913_SEFL10K6b_trauma_g7,2,trauma,shock,shock01,0,1172.07
26,230913_SEFL10K6b_trauma_g7,2,trauma,shock,shock02,0,1120.77
26,230913_SEFL10K6b_trauma_g7,2,trauma,shock,shock03,0,1034.1
26,230913_SEFL10K6b_trauma_g7,2,trauma,shock,shock04,0,1380.37
26,230913_SEFL10K6b_trauma_g7,2,trauma,shock,shock05,0,561.6
26,230913_SEFL10K6b_trauma_g7,2,trauma,shock,shock06,0,935.37
26,230913_SEFL10K6b_trauma_g7,2,trauma,shock,shock07,0,1145.57
26,230913_SEFL10K6b_trauma_g7,2,trauma,shock,shock08,0,1460.3
26,230913_SEFL10K6b_trauma_g7,2,trauma,shock,shock09,0,685.07
26,230913_SEFL10K6b_trauma_g7,2,trauma,shock,shock10,0,961.53
26,230913_SEFL10K6b_trauma_g7,2,trauma,postshock,postshock01,12.83,67.56
26,230913_SEFL10K6b_trauma_g7,2,trauma,postshock,postshock02,63,18.18
26,230913_SEFL10K6b_trauma_g7,2,trauma,postshock,postshock03,70.83,16.62
26,230913_SEFL10K6b_trauma_g7,2,trauma,postshock,postshock04,66.67,11.8
26,230913_SEFL10K6b_trauma_g7,2,trauma,postshock,postshock05,43,63.16
26,230913_SEFL10K6b_trauma_g7,2,trauma,postshock,postshock06,83.33,11.01
26,230913_SEFL10K6b_trauma_g7,2,trauma,postshock,postshock07,81.67,6.48
26,230913_SEFL10K6b_trauma_g7,2,trauma,postshock,postshock08,91.5,5.89
26,230913_SEFL10K6b_trauma_g7,2,trauma,postshock,postshock09,86.67,2.98
26,230913_SEFL10K6b_trauma_g7,2,trauma,postshock,postshock10,97,0.25
1,230920_SEFL10K6b_traumarec1_g1,1,traumatest,1,min_01,22.94,49.52
1,230920_SEFL10K6b_traumarec1_g1,1,traumatest,1,min_02,70.33,6.81
1,230920_SEFL10K6b_traumarec1_g1,1,traumatest,1,min_03,12.11,109.21
1,230920_SEFL10K6b_traumarec1_g1,1,traumatest,1,min_04,40.22,78.83
1,230920_SEFL10K6b_traumarec1_g1,1,traumatest,1,min_05,29.78,116.52
1,230920_SEFL10K6b_traumarec1_g1,1,traumatest,1,avg,35.69,72.18
2,230920_SEFL10K6b_traumarec1_g1,2,traumatest,1,min_01,76.78,11.87
2,230920_SEFL10K6b_traumarec1_g1,2,traumatest,1,min_02,78.72,11.31
2,230920_SEFL10K6b_traumarec1_g1,2,traumatest,1,min_03,91.22,3.99
2,230920_SEFL10K6b_traumarec1_g1,2,traumatest,1,min_04,87.61,5.23
2,230920_SEFL10K6b_traumarec1_g1,2,traumatest,1,min_05,86.44,5.47
2,230920_SEFL10K6b_traumarec1_g1,2,traumatest,1,avg,84.4,7.58
3,230920_SEFL10K6b_traumarec1_g1,3,traumatest,1,min_01,19.22,145.26
3,230920_SEFL10K6b_traumarec1_g1,3,traumatest,1,min_02,34.56,123.08
3,230920_SEFL10K6b_traumarec1_g1,3,traumatest,1,min_03,24.5,94.98
3,230920_SEFL10K6b_traumarec1_g1,3,traumatest,1,min_04,29.83,82.24
3,230920_SEFL10K6b_traumarec1_g1,3,traumatest,1,min_05,33.11,112.46
3,230920_SEFL10K6b_traumarec1_g1,3,traumatest,1,avg,28.91,111.6
4,230920_SEFL10K6b_traumarec1_g1,4,traumatest,1,min_01,73.28,21.81
4,230920_SEFL10K6b_traumarec1_g1,4,traumatest,1,min_02,63.11,16.89
4,230920_SEFL10K6b_traumarec1_g1,4,traumatest,1,min_03,58.78,44.03
4,230920_SEFL10K6b_traumarec1_g1,4,traumatest,1,min_04,12,105.1
4,230920_SEFL10K6b_traumarec1_g1,4,traumatest,1,min_05,31.06,71.24
4,230920_SEFL10K6b_traumarec1_g1,4,traumatest,1,avg,47.8,51.82
5,230920_SEFL10K6b_traumarec1_g2,1,traumatest,1,min_01,75.56,12.23
5,230920_SEFL10K6b_traumarec1_g2,1,traumatest,1,min_02,57.61,40.05
5,230920_SEFL10K6b_traumarec1_g2,1,traumatest,1,min_03,45.78,55.78
5,230920_SEFL10K6b_traumarec1_g2,1,traumatest,1,min_04,42.11,32.07
5,230920_SEFL10K6b_traumarec1_g2,1,traumatest,1,min_05,27.61,112.35
5,230920_SEFL10K6b_traumarec1_g2,1,traumatest,1,avg,49.73,50.49
6,230920_SEFL10K6b_traumarec1_g2,2,traumatest,1,min_01,42.44,53.29
6,230920_SEFL10K6b_traumarec1_g2,2,traumatest,1,min_02,27.72,56.09
6,230920_SEFL10K6b_traumarec1_g2,2,traumatest,1,min_03,42.06,82.17
6,230920_SEFL10K6b_traumarec1_g2,2,traumatest,1,min_04,58.11,30.75
6,230920_SEFL10K6b_traumarec1_g2,2,traumatest,1,min_05,40.28,60.42
6,230920_SEFL10K6b_traumarec1_g2,2,traumatest,1,avg,42.41,56.54
7,230920_SEFL10K6b_traumarec1_g2,3,traumatest,1,min_01,62.22,15.9
7,230920_SEFL10K6b_traumarec1_g2,3,traumatest,1,min_02,74.94,6.25
7,230920_SEFL10K6b_traumarec1_g2,3,traumatest,1,min_03,53.39,27.25
7,230920_SEFL10K6b_traumarec1_g2,3,traumatest,1,min_04,72.67,8.75
7,230920_SEFL10K6b_traumarec1_g2,3,traumatest,1,min_05,47.06,16.57
7,230920_SEFL10K6b_traumarec1_g2,3,traumatest,1,avg,62.29,14.95
8,230920_SEFL10K6b_traumarec1_g2,4,traumatest,1,min_01,20,59.56
8,230920_SEFL10K6b_traumarec1_g2,4,traumatest,1,min_02,62.94,17.3
8,230920_SEFL10K6b_traumarec1_g2,4,traumatest,1,min_03,64.83,11.95
8,230920_SEFL10K6b_traumarec1_g2,4,traumatest,1,min_04,64.22,16.06
8,230920_SEFL10K6b_traumarec1_g2,4,traumatest,1,min_05,76.72,57.23
8,230920_SEFL10K6b_traumarec1_g2,4,traumatest,1,avg,58.03,32.42
9,230920_SEFL10K6b_traumarec1_g3,1,traumatest,1,min_01,64.39,13.61
9,230920_SEFL10K6b_traumarec1_g3,1,traumatest,1,min_02,73.89,10.93
9,230920_SEFL10K6b_traumarec1_g3,1,traumatest,1,min_03,78.89,7.33
9,230920_SEFL10K6b_traumarec1_g3,1,traumatest,1,min_04,63.11,12.46
9,230920_SEFL10K6b_traumarec1_g3,1,traumatest,1,min_05,70.5,9.72
9,230920_SEFL10K6b_traumarec1_g3,1,traumatest,1,avg,70.17,10.81
10,230920_SEFL10K6b_traumarec1_g3,2,traumatest,1,min_01,43.5,70.15
10,230920_SEFL10K6b_traumarec1_g3,2,traumatest,1,min_02,62.11,42.05
10,230920_SEFL10K6b_traumarec1_g3,2,traumatest,1,min_03,61.22,21.86
10,230920_SEFL10K6b_traumarec1_g3,2,traumatest,1,min_04,62.39,31.48
10,230920_SEFL10K6b_traumarec1_g3,2,traumatest,1,min_05,45.39,61.97
10,230920_SEFL10K6b_traumarec1_g3,2,traumatest,1,avg,55.1,45.5
11,230920_SEFL10K6b_traumarec1_g3,3,traumatest,1,min_01,36.22,55.27
11,230920_SEFL10K6b_traumarec1_g3,3,traumatest,1,min_02,30.61,74.08
11,230920_SEFL10K6b_traumarec1_g3,3,traumatest,1,min_03,18,141.98
11,230920_SEFL10K6b_traumarec1_g3,3,traumatest,1,min_04,11.61,156.59
11,230920_SEFL10K6b_traumarec1_g3,3,traumatest,1,min_05,4.83,148.71
11,230920_SEFL10K6b_traumarec1_g3,3,traumatest,1,avg,20.44,115.32
12,230920_SEFL10K6b_traumarec1_g3,4,traumatest,1,min_01,50.39,24
12,230920_SEFL10K6b_traumarec1_g3,4,traumatest,1,min_02,64.61,12.04
12,230920_SEFL10K6b_traumarec1_g3,4,traumatest,1,min_03,68.67,21
12,230920_SEFL10K6b_traumarec1_g3,4,traumatest,1,min_04,74.67,9.15
12,230920_SEFL10K6b_traumarec1_g3,4,traumatest,1,min_05,54,44.07
12,230920_SEFL10K6b_traumarec1_g3,4,traumatest,1,avg,62.9,22.05
13,230920_SEFL10K6b_traumarec1_g4,1,traumatest,1,min_01,52.67,48.41
13,230920_SEFL10K6b_traumarec1_g4,1,traumatest,1,min_02,54.22,35.12
13,230920_SEFL10K6b_traumarec1_g4,1,traumatest,1,min_03,59.17,24.13
13,230920_SEFL10K6b_traumarec1_g4,1,traumatest,1,min_04,56.94,27.18
13,230920_SEFL10K6b_traumarec1_g4,1,traumatest,1,min_05,67.11,13.76
13,230920_SEFL10K6b_traumarec1_g4,1,traumatest,1,avg,58.32,29.72
14,230920_SEFL10K6b_traumarec1_g4,2,traumatest,1,min_01,55.83,17.17
14,230920_SEFL10K6b_traumarec1_g4,2,traumatest,1,min_02,83.22,5.14
14,230920_SEFL10K6b_traumarec1_g4,2,traumatest,1,min_03,58,30.86
14,230920_SEFL10K6b_traumarec1_g4,2,traumatest,1,min_04,73.22,11.95
14,230920_SEFL10K6b_traumarec1_g4,2,traumatest,1,min_05,45.61,52.95
14,230920_SEFL10K6b_traumarec1_g4,2,traumatest,1,avg,63.5,23.62
15,230920_SEFL10K6b_traumarec1_g4,3,traumatest,1,min_01,79.28,3.22
15,230920_SEFL10K6b_traumarec1_g4,3,traumatest,1,min_02,92.44,2.09
15,230920_SEFL10K6b_traumarec1_g4,3,traumatest,1,min_03,95.06,1.29
15,230920_SEFL10K6b_traumarec1_g4,3,traumatest,1,min_04,84.5,7.02
15,230920_SEFL10K6b_traumarec1_g4,3,traumatest,1,min_05,74.17,7.16
15,230920_SEFL10K6b_traumarec1_g4,3,traumatest,1,avg,85.09,4.15
16,230920_SEFL10K6b_traumarec1_g4,4,traumatest,1,min_01,60.89,25.19
16,230920_SEFL10K6b_traumarec1_g4,4,traumatest,1,min_02,62.83,12.77
16,230920_SEFL10K6b_traumarec1_g4,4,traumatest,1,min_03,30.22,83.42
16,230920_SEFL10K6b_traumarec1_g4,4,traumatest,1,min_04,46.44,46.11
16,230920_SEFL10K6b_traumarec1_g4,4,traumatest,1,min_05,74.56,17.97
16,230920_SEFL10K6b_traumarec1_g4,4,traumatest,1,avg,55.2,37.09
17,230920_SEFL10K6b_traumarec1_g5,1,traumatest,1,min_01,71.67,8.06
17,230920_SEFL10K6b_traumarec1_g5,1,traumatest,1,min_02,60.67,10.31
17,230920_SEFL10K6b_traumarec1_g5,1,traumatest,1,min_03,82.06,5.89
17,230920_SEFL10K6b_traumarec1_g5,1,traumatest,1,min_04,54.5,34.26
17,230920_SEFL10K6b_traumarec1_g5,1,traumatest,1,min_05,4.33,121.47
17,230920_SEFL10K6b_traumarec1_g5,1,traumatest,1,avg,54.72,36
18,230920_SEFL10K6b_traumarec1_g5,2,traumatest,1,min_01,71.33,12.66
18,230920_SEFL10K6b_traumarec1_g5,2,traumatest,1,min_02,84.28,7.46
18,230920_SEFL10K6b_traumarec1_g5,2,traumatest,1,min_03,75.06,21.76
18,230920_SEFL10K6b_traumarec1_g5,2,traumatest,1,min_04,89.83,5.68
18,230920_SEFL10K6b_traumarec1_g5,2,traumatest,1,min_05,95.78,0.47
18,230920_SEFL10K6b_traumarec1_g5,2,traumatest,1,avg,83.26,9.61
19,230920_SEFL10K6b_traumarec1_g5,3,traumatest,1,min_01,27.72,58.2
19,230920_SEFL10K6b_traumarec1_g5,3,traumatest,1,min_02,55.22,14.53
19,230920_SEFL10K6b_traumarec1_g5,3,traumatest,1,min_03,13.56,91.03
19,230920_SEFL10K6b_traumarec1_g5,3,traumatest,1,min_04,40.17,85.85
19,230920_SEFL10K6b_traumarec1_g5,3,traumatest,1,min_05,36.94,94.34
19,230920_SEFL10K6b_traumarec1_g5,3,traumatest,1,avg,35.32,68.79
20,230920_SEFL10K6b_traumarec1_g5,4,traumatest,1,min_01,68.17,8.3
20,230920_SEFL10K6b_traumarec1_g5,4,traumatest,1,min_02,88.61,3.23
20,230920_SEFL10K6b_traumarec1_g5,4,traumatest,1,min_03,60.44,28.94
20,230920_SEFL10K6b_traumarec1_g5,4,traumatest,1,min_04,19.67,70.45
20,230920_SEFL10K6b_traumarec1_g5,4,traumatest,1,min_05,15.28,88.37
20,230920_SEFL10K6b_traumarec1_g5,4,traumatest,1,avg,50.43,39.86
21,230920_SEFL10K6b_traumarec1_g6,1,traumatest,1,min_01,47,29.43
21,230920_SEFL10K6b_traumarec1_g6,1,traumatest,1,min_02,68.44,8.39
21,230920_SEFL10K6b_traumarec1_g6,1,traumatest,1,min_03,44.33,24.82
21,230920_SEFL10K6b_traumarec1_g6,1,traumatest,1,min_04,39.72,36.19
21,230920_SEFL10K6b_traumarec1_g6,1,traumatest,1,min_05,56.56,33.6
21,230920_SEFL10K6b_traumarec1_g6,1,traumatest,1,avg,51.59,26.48
22,230920_SEFL10K6b_traumarec1_g6,2,traumatest,1,min_01,28.33,85.16
22,230920_SEFL10K6b_traumarec1_g6,2,traumatest,1,min_02,9.33,144.4
22,230920_SEFL10K6b_traumarec1_g6,2,traumatest,1,min_03,30.56,96.73
22,230920_SEFL10K6b_traumarec1_g6,2,traumatest,1,min_04,8.72,155.65
22,230920_SEFL10K6b_traumarec1_g6,2,traumatest,1,min_05,26.67,109.19
22,230920_SEFL10K6b_traumarec1_g6,2,traumatest,1,avg,20.88,118.22
23,230920_SEFL10K6b_traumarec1_g6,3,traumatest,1,min_01,48.28,56.34
23,230920_SEFL10K6b_traumarec1_g6,3,traumatest,1,min_02,24.22,82.5
23,230920_SEFL10K6b_traumarec1_g6,3,traumatest,1,min_03,31.72,83.34
23,230920_SEFL10K6b_traumarec1_g6,3,traumatest,1,min_04,32.72,97.01
23,230920_SEFL10K6b_traumarec1_g6,3,traumatest,1,min_05,15,96.71
23,230920_SEFL10K6b_traumarec1_g6,3,traumatest,1,avg,30.39,83.18
24,230920_SEFL10K6b_traumarec1_g6,4,traumatest,1,min_01,50.94,49.85
24,230920_SEFL10K6b_traumarec1_g6,4,traumatest,1,min_02,67.33,10.85
24,230920_SEFL10K6b_traumarec1_g6,4,traumatest,1,min_03,45.78,71.36
24,230920_SEFL10K6b_traumarec1_g6,4,traumatest,1,min_04,31.89,107.03
24,230920_SEFL10K6b_traumarec1_g6,4,traumatest,1,min_05,26.33,140.06
24,230920_SEFL10K6b_traumarec1_g6,4,traumatest,1,avg,44.66,75.83
25,230920_SEFL10K6b_traumarec1_g7,1,traumatest,1,min_01,36.72,64.58
25,230920_SEFL10K6b_traumarec1_g7,1,traumatest,1,min_02,73.78,23.16
25,230920_SEFL10K6b_traumarec1_g7,1,traumatest,1,min_03,51.83,35
25,230920_SEFL10K6b_traumarec1_g7,1,traumatest,1,min_04,61.94,29.74
25,230920_SEFL10K6b_traumarec1_g7,1,traumatest,1,min_05,67.5,10.7
25,230920_SEFL10K6b_traumarec1_g7,1,traumatest,1,avg,58.56,32.63
26,230920_SEFL10K6b_traumarec1_g7,2,traumatest,1,min_01,24.11,83.9
26,230920_SEFL10K6b_traumarec1_g7,2,traumatest,1,min_02,38.89,82.98
26,230920_SEFL10K6b_traumarec1_g7,2,traumatest,1,min_03,17.78,125.41
26,230920_SEFL10K6b_traumarec1_g7,2,traumatest,1,min_04,24.83,101.99
26,230920_SEFL10K6b_traumarec1_g7,2,traumatest,1,min_05,46.61,57.85
26,230920_SEFL10K6b_traumarec1_g7,2,traumatest,1,avg,30.81,90.43
1,230921_SEFL10K6b_traumarec2_g1,1,traumatest,2,min_01,50.67,23.89
1,230921_SEFL10K6b_traumarec2_g1,1,traumatest,2,min_02,47.67,27.53
1,230921_SEFL10K6b_traumarec2_g1,1,traumatest,2,min_03,24,69.08
1,230921_SEFL10K6b_traumarec2_g1,1,traumatest,2,min_04,13.44,110.23
1,230921_SEFL10K6b_traumarec2_g1,1,traumatest,2,min_05,12.83,89.07
1,230921_SEFL10K6b_traumarec2_g1,1,traumatest,2,avg,29.96,63.96
2,230921_SEFL10K6b_traumarec2_g1,2,traumatest,2,min_01,14.22,45.12
2,230921_SEFL10K6b_traumarec2_g1,2,traumatest,2,min_02,12.28,85.09
2,230921_SEFL10K6b_traumarec2_g1,2,traumatest,2,min_03,6,156.47
2,230921_SEFL10K6b_traumarec2_g1,2,traumatest,2,min_04,20.94,127.13
2,230921_SEFL10K6b_traumarec2_g1,2,traumatest,2,min_05,19.06,122
2,230921_SEFL10K6b_traumarec2_g1,2,traumatest,2,avg,14.97,107.16
3,230921_SEFL10K6b_traumarec2_g1,3,traumatest,2,min_01,43.67,83.09
3,230921_SEFL10K6b_traumarec2_g1,3,traumatest,2,min_02,28.72,60.85
3,230921_SEFL10K6b_traumarec2_g1,3,traumatest,2,min_03,38.56,79.45
3,230921_SEFL10K6b_traumarec2_g1,3,traumatest,2,min_04,26.5,97.04
3,230921_SEFL10K6b_traumarec2_g1,3,traumatest,2,min_05,36.33,93.94
3,230921_SEFL10K6b_traumarec2_g1,3,traumatest,2,avg,35.09,82.87
4,230921_SEFL10K6b_traumarec2_g1,4,traumatest,2,min_01,8.56,109.81
4,230921_SEFL10K6b_traumarec2_g1,4,traumatest,2,min_02,25.78,96.16
4,230921_SEFL10K6b_traumarec2_g1,4,traumatest,2,min_03,16.28,75.04
4,230921_SEFL10K6b_traumarec2_g1,4,traumatest,2,min_04,8.33,81.3
4,230921_SEFL10K6b_traumarec2_g1,4,traumatest,2,min_05,0,114.76
4,230921_SEFL10K6b_traumarec2_g1,4,traumatest,2,avg,11.79,95.41
5,230921_SEFL10K6b_traumarec2_g2,1,traumatest,2,min_01,51.89,10.94
5,230921_SEFL10K6b_traumarec2_g2,1,traumatest,2,min_02,22.89,85.48
5,230921_SEFL10K6b_traumarec2_g2,1,traumatest,2,min_03,25.44,77.49
5,230921_SEFL10K6b_traumarec2_g2,1,traumatest,2,min_04,26.72,75.66
5,230921_SEFL10K6b_traumarec2_g2,1,traumatest,2,min_05,13.33,110.21
5,230921_SEFL10K6b_traumarec2_g2,1,traumatest,2,avg,28.27,71.96
6,230921_SEFL10K6b_traumarec2_g2,2,traumatest,2,min_01,78.39,6.68
6,230921_SEFL10K6b_traumarec2_g2,2,traumatest,2,min_02,65.06,15.97
6,230921_SEFL10K6b_traumarec2_g2,2,traumatest,2,min_03,22.89,93.45
6,230921_SEFL10K6b_traumarec2_g2,2,traumatest,2,min_04,10.33,176.04
6,230921_SEFL10K6b_traumarec2_g2,2,traumatest,2,min_05,30.44,72.08
6,230921_SEFL10K6b_traumarec2_g2,2,traumatest,2,avg,41.42,72.84
7,230921_SEFL10K6b_traumarec2_g2,3,traumatest,2,min_01,49.28,8.07
7,230921_SEFL10K6b_traumarec2_g2,3,traumatest,2,min_02,57.83,10.54
7,230921_SEFL10K6b_traumarec2_g2,3,traumatest,2,min_03,25.5,72.62
7,230921_SEFL10K6b_traumarec2_g2,3,traumatest,2,min_04,45.5,16.82
7,230921_SEFL10K6b_traumarec2_g2,3,traumatest,2,min_05,41.28,45.18
7,230921_SEFL10K6b_traumarec2_g2,3,traumatest,2,avg,44.06,30.65
8,230921_SEFL10K6b_traumarec2_g2,4,traumatest,2,min_01,43,53.1
8,230921_SEFL10K6b_traumarec2_g2,4,traumatest,2,min_02,83.28,7.4
8,230921_SEFL10K6b_traumarec2_g2,4,traumatest,2,min_03,70.94,8.28
8,230921_SEFL10K6b_traumarec2_g2,4,traumatest,2,min_04,34.22,72.53
8,230921_SEFL10K6b_traumarec2_g2,4,traumatest,2,min_05,17.5,133.34
8,230921_SEFL10K6b_traumarec2_g2,4,traumatest,2,avg,49.79,54.93
9,230921_SEFL10K6b_traumarec2_g3,1,traumatest,2,min_01,57.06,15.07
9,230921_SEFL10K6b_traumarec2_g3,1,traumatest,2,min_02,69.39,6.57
9,230921_SEFL10K6b_traumarec2_g3,1,traumatest,2,min_03,58.78,15.23
9,230921_SEFL10K6b_traumarec2_g3,1,traumatest,2,min_04,37.11,55.51
9,230921_SEFL10K6b_traumarec2_g3,1,traumatest,2,min_05,56.67,17.13
9,230921_SEFL10K6b_traumarec2_g3,1,traumatest,2,avg,56.07,21.9
10,230921_SEFL10K6b_traumarec2_g3,2,traumatest,2,min_01,2,229.98
10,230921_SEFL10K6b_traumarec2_g3,2,traumatest,2,min_02,7.89,209.7
10,230921_SEFL10K6b_traumarec2_g3,2,traumatest,2,min_03,7.11,178.68
10,230921_SEFL10K6b_traumarec2_g3,2,traumatest,2,min_04,1.72,190.12
10,230921_SEFL10K6b_traumarec2_g3,2,traumatest,2,min_05,4.39,181
10,230921_SEFL10K6b_traumarec2_g3,2,traumatest,2,avg,5,197.9
11,230921_SEFL10K6b_traumarec2_g3,3,traumatest,2,min_01,78,6.8
11,230921_SEFL10K6b_traumarec2_g3,3,traumatest,2,min_02,88.5,3.46
11,230921_SEFL10K6b_traumarec2_g3,3,traumatest,2,min_03,58.5,8.27
11,230921_SEFL10K6b_traumarec2_g3,3,traumatest,2,min_04,25.72,57.43
11,230921_SEFL10K6b_traumarec2_g3,3,traumatest,2,min_05,29.44,84.59
11,230921_SEFL10K6b_traumarec2_g3,3,traumatest,2,avg,56.82,32.11
12,230921_SEFL10K6b_traumarec2_g3,4,traumatest,2,min_01,16.94,45.63
12,230921_SEFL10K6b_traumarec2_g3,4,traumatest,2,min_02,36.94,33.79
12,230921_SEFL10K6b_traumarec2_g3,4,traumatest,2,min_03,33,36.64
12,230921_SEFL10K6b_traumarec2_g3,4,traumatest,2,min_04,11.83,155.23
12,230921_SEFL10K6b_traumarec2_g3,4,traumatest,2,min_05,27.89,76.71
12,230921_SEFL10K6b_traumarec2_g3,4,traumatest,2,avg,25.9,69.6
13,230921_SEFL10K6b_traumarec2_g4,1,traumatest,2,min_01,69.28,10.54
13,230921_SEFL10K6b_traumarec2_g4,1,traumatest,2,min_02,70.94,12.25
13,230921_SEFL10K6b_traumarec2_g4,1,traumatest,2,min_03,59.06,13.24
13,230921_SEFL10K6b_traumarec2_g4,1,traumatest,2,min_04,77.39,7.93
13,230921_SEFL10K6b_traumarec2_g4,1,traumatest,2,min_05,50.67,24.63
13,230921_SEFL10K6b_traumarec2_g4,1,traumatest,2,avg,65.61,13.72
14,230921_SEFL10K6b_traumarec2_g4,2,traumatest,2,min_01,44.72,51.57
14,230921_SEFL10K6b_traumarec2_g4,2,traumatest,2,min_02,33.89,78.62
14,230921_SEFL10K6b_traumarec2_g4,2,traumatest,2,min_03,12.11,167.22
14,230921_SEFL10K6b_traumarec2_g4,2,traumatest,2,min_04,14.61,176.4
14,230921_SEFL10K6b_traumarec2_g4,2,traumatest,2,min_05,35.83,96.74
14,230921_SEFL10K6b_traumarec2_g4,2,traumatest,2,avg,28.5,114.11
15,230921_SEFL10K6b_traumarec2_g4,3,traumatest,2,min_01,23.28,31.59
15,230921_SEFL10K6b_traumarec2_g4,3,traumatest,2,min_02,41.17,32.84
15,230921_SEFL10K6b_traumarec2_g4,3,traumatest,2,min_03,52.06,17.58
15,230921_SEFL10K6b_traumarec2_g4,3,traumatest,2,min_04,25.72,72.23
15,230921_SEFL10K6b_traumarec2_g4,3,traumatest,2,min_05,15.22,98.37
15,230921_SEFL10K6b_traumarec2_g4,3,traumatest,2,avg,32.46,50.52
16,230921_SEFL10K6b_traumarec2_g4,4,traumatest,2,min_01,63.11,14.47
16,230921_SEFL10K6b_traumarec2_g4,4,traumatest,2,min_02,77.94,8.16
16,230921_SEFL10K6b_traumarec2_g4,4,traumatest,2,min_03,42.28,105.05
16,230921_SEFL10K6b_traumarec2_g4,4,traumatest,2,min_04,3.67,124.19
16,230921_SEFL10K6b_traumarec2_g4,4,traumatest,2,min_05,3.5,149.44
16,230921_SEFL10K6b_traumarec2_g4,4,traumatest,2,avg,38.1,80.26
17,230921_SEFL10K6b_traumarec2_g5,1,traumatest,2,min_01,64.11,9.58
17,230921_SEFL10K6b_traumarec2_g5,1,traumatest,2,min_02,18,97.4
17,230921_SEFL10K6b_traumarec2_g5,1,traumatest,2,min_03,20.5,94.76
17,230921_SEFL10K6b_traumarec2_g5,1,traumatest,2,min_04,23.67,100.78
17,230921_SEFL10K6b_traumarec2_g5,1,traumatest,2,min_05,17.83,112.91
17,230921_SEFL10K6b_traumarec2_g5,1,traumatest,2,avg,28.82,83.09
18,230921_SEFL10K6b_traumarec2_g5,2,traumatest,2,min_01,69.56,11.37
18,230921_SEFL10K6b_traumarec2_g5,2,traumatest,2,min_02,81.28,6.03
18,230921_SEFL10K6b_traumarec2_g5,2,traumatest,2,min_03,67.39,23.8
18,230921_SEFL10K6b_traumarec2_g5,2,traumatest,2,min_04,61.89,26.24
18,230921_SEFL10K6b_traumarec2_g5,2,traumatest,2,min_05,78.78,18.3
18,230921_SEFL10K6b_traumarec2_g5,2,traumatest,2,avg,71.78,17.15
19,230921_SEFL10K6b_traumarec2_g5,3,traumatest,2,min_01,9.44,141.64
19,230921_SEFL10K6b_traumarec2_g5,3,traumatest,2,min_02,30.56,59.51
19,230921_SEFL10K6b_traumarec2_g5,3,traumatest,2,min_03,13.39,100.02
19,230921_SEFL10K6b_traumarec2_g5,3,traumatest,2,min_04,13.17,170.38
19,230921_SEFL10K6b_traumarec2_g5,3,traumatest,2,min_05,18.39,78.28
19,230921_SEFL10K6b_traumarec2_g5,3,traumatest,2,avg,16.99,109.97
20,230921_SEFL10K6b_traumarec2_g5,4,traumatest,2,min_01,27.11,44.32
20,230921_SEFL10K6b_traumarec2_g5,4,traumatest,2,min_02,44.78,58.95
20,230921_SEFL10K6b_traumarec2_g5,4,traumatest,2,min_03,45.78,25.58
20,230921_SEFL10K6b_traumarec2_g5,4,traumatest,2,min_04,45.17,61.68
20,230921_SEFL10K6b_traumarec2_g5,4,traumatest,2,min_05,27.06,114.6
20,230921_SEFL10K6b_traumarec2_g5,4,traumatest,2,avg,38.51,61.03
21,230921_SEFL10K6b_traumarec2_g6,1,traumatest,2,min_01,23.33,74.15
21,230921_SEFL10K6b_traumarec2_g6,1,traumatest,2,min_02,34,51.11
21,230921_SEFL10K6b_traumarec2_g6,1,traumatest,2,min_03,24.44,109.03
21,230921_SEFL10K6b_traumarec2_g6,1,traumatest,2,min_04,18.78,85.35
21,230921_SEFL10K6b_traumarec2_g6,1,traumatest,2,min_05,41.33,55.1
21,230921_SEFL10K6b_traumarec2_g6,1,traumatest,2,avg,28.38,74.95
22,230921_SEFL10K6b_traumarec2_g6,2,traumatest,2,min_01,44.94,53.15
22,230921_SEFL10K6b_traumarec2_g6,2,traumatest,2,min_02,30.28,80.9
22,230921_SEFL10K6b_traumarec2_g6,2,traumatest,2,min_03,37.39,86.54
22,230921_SEFL10K6b_traumarec2_g6,2,traumatest,2,min_04,48.28,51.74
22,230921_SEFL10K6b_traumarec2_g6,2,traumatest,2,min_05,20.44,114.08
22,230921_SEFL10K6b_traumarec2_g6,2,traumatest,2,avg,36.27,77.28
23,230921_SEFL10K6b_traumarec2_g6,3,traumatest,2,min_01,7.78,130.05
23,230921_SEFL10K6b_traumarec2_g6,3,traumatest,2,min_02,1.72,163.02
23,230921_SEFL10K6b_traumarec2_g6,3,traumatest,2,min_03,4.39,162.46
23,230921_SEFL10K6b_traumarec2_g6,3,traumatest,2,min_04,4.94,146.05
23,230921_SEFL10K6b_traumarec2_g6,3,traumatest,2,min_05,18,131.21
23,230921_SEFL10K6b_traumarec2_g6,3,traumatest,2,avg,7.37,146.56
24,230921_SEFL10K6b_traumarec2_g6,4,traumatest,2,min_01,50.39,53.57
24,230921_SEFL10K6b_traumarec2_g6,4,traumatest,2,min_02,71.61,9.64
24,230921_SEFL10K6b_traumarec2_g6,4,traumatest,2,min_03,23,84.92
24,230921_SEFL10K6b_traumarec2_g6,4,traumatest,2,min_04,39.28,65.53
24,230921_SEFL10K6b_traumarec2_g6,4,traumatest,2,min_05,45.72,78.42
24,230921_SEFL10K6b_traumarec2_g6,4,traumatest,2,avg,46,58.42
25,230921_SEFL10K6b_traumarec2_g7,1,traumatest,2,min_01,1.89,165.6
25,230921_SEFL10K6b_traumarec2_g7,1,traumatest,2,min_02,9.11,125.73
25,230921_SEFL10K6b_traumarec2_g7,1,traumatest,2,min_03,6.94,143.37
25,230921_SEFL10K6b_traumarec2_g7,1,traumatest,2,min_04,17.94,89.31
25,230921_SEFL10K6b_traumarec2_g7,1,traumatest,2,min_05,11.78,119.36
25,230921_SEFL10K6b_traumarec2_g7,1,traumatest,2,avg,9.53,128.67
26,230921_SEFL10K6b_traumarec2_g7,2,traumatest,2,min_01,30.67,96.44
26,230921_SEFL10K6b_traumarec2_g7,2,traumatest,2,min_02,21.72,110.01
26,230921_SEFL10K6b_traumarec2_g7,2,traumatest,2,min_03,24.06,69.61
26,230921_SEFL10K6b_traumarec2_g7,2,traumatest,2,min_04,22.39,139.64
26,230921_SEFL10K6b_traumarec2_g7,2,traumatest,2,min_05,22.06,95.32
26,230921_SEFL10K6b_traumarec2_g7,2,traumatest,2,avg,24.61,102.21
1,230925_SEFL10K6b_traumarec3_g1,1,traumatest,3,min_01,20.28,71.87
1,230925_SEFL10K6b_traumarec3_g1,1,traumatest,3,min_02,21.5,75.2
1,230925_SEFL10K6b_traumarec3_g1,1,traumatest,3,min_03,18.39,122.13
1,230925_SEFL10K6b_traumarec3_g1,1,traumatest,3,min_04,13.89,126.01
1,230925_SEFL10K6b_traumarec3_g1,1,traumatest,3,min_05,15,123.75
1,230925_SEFL10K6b_traumarec3_g1,1,traumatest,3,avg,18.73,103.79
2,230925_SEFL10K6b_traumarec3_g1,2,traumatest,3,min_01,3.22,117.83
2,230925_SEFL10K6b_traumarec3_g1,2,traumatest,3,min_02,24.39,86.55
2,230925_SEFL10K6b_traumarec3_g1,2,traumatest,3,min_03,16.22,110.57
2,230925_SEFL10K6b_traumarec3_g1,2,traumatest,3,min_04,13.89,84.71
2,230925_SEFL10K6b_traumarec3_g1,2,traumatest,3,min_05,21.28,130.88
2,230925_SEFL10K6b_traumarec3_g1,2,traumatest,3,avg,16.31,106.11
3,230925_SEFL10K6b_traumarec3_g1,3,traumatest,3,min_01,7.72,155.66
3,230925_SEFL10K6b_traumarec3_g1,3,traumatest,3,min_02,15.67,136.63
3,230925_SEFL10K6b_traumarec3_g1,3,traumatest,3,min_03,15.28,68.48
3,230925_SEFL10K6b_traumarec3_g1,3,traumatest,3,min_04,18.56,141.44
3,230925_SEFL10K6b_traumarec3_g1,3,traumatest,3,min_05,32.28,92.47
3,230925_SEFL10K6b_traumarec3_g1,3,traumatest,3,avg,17.9,118.94
4,230925_SEFL10K6b_traumarec3_g1,4,traumatest,3,min_01,2.83,100.04
4,230925_SEFL10K6b_traumarec3_g1,4,traumatest,3,min_02,5.5,100.37
4,230925_SEFL10K6b_traumarec3_g1,4,traumatest,3,min_03,12.5,57.04
4,230925_SEFL10K6b_traumarec3_g1,4,traumatest,3,min_04,0,136.66
4,230925_SEFL10K6b_traumarec3_g1,4,traumatest,3,min_05,3.83,90.7
4,230925_SEFL10K6b_traumarec3_g1,4,traumatest,3,avg,4.93,96.96
5,230925_SEFL10K6b_traumarec3_g2,1,traumatest,3,min_01,24.17,31.32
5,230925_SEFL10K6b_traumarec3_g2,1,traumatest,3,min_02,12.33,135.48
5,230925_SEFL10K6b_traumarec3_g2,1,traumatest,3,min_03,20.17,75.36
5,230925_SEFL10K6b_traumarec3_g2,1,traumatest,3,min_04,19.06,109.29
5,230925_SEFL10K6b_traumarec3_g2,1,traumatest,3,min_05,42.17,70.87
5,230925_SEFL10K6b_traumarec3_g2,1,traumatest,3,avg,23.66,84.46
6,230925_SEFL10K6b_traumarec3_g2,2,traumatest,3,min_01,38.72,20.31
6,230925_SEFL10K6b_traumarec3_g2,2,traumatest,3,min_02,31.22,53.09
6,230925_SEFL10K6b_traumarec3_g2,2,traumatest,3,min_03,0,178.98
6,230925_SEFL10K6b_traumarec3_g2,2,traumatest,3,min_04,24.44,101.24
6,230925_SEFL10K6b_traumarec3_g2,2,traumatest,3,min_05,19.06,114.98
6,230925_SEFL10K6b_traumarec3_g2,2,traumatest,3,avg,22.99,93.72
7,230925_SEFL10K6b_traumarec3_g2,3,traumatest,3,min_01,40.33,10.91
7,230925_SEFL10K6b_traumarec3_g2,3,traumatest,3,min_02,58.11,12.97
7,230925_SEFL10K6b_traumarec3_g2,3,traumatest,3,min_03,54,11.43
7,230925_SEFL10K6b_traumarec3_g2,3,traumatest,3,min_04,45.89,57.38
7,230925_SEFL10K6b_traumarec3_g2,3,traumatest,3,min_05,33.94,64.68
7,230925_SEFL10K6b_traumarec3_g2,3,traumatest,3,avg,46.8,31.47
8,230925_SEFL10K6b_traumarec3_g2,4,traumatest,3,min_01,6.56,123.85
8,230925_SEFL10K6b_traumarec3_g2,4,traumatest,3,min_02,29.83,37.01
8,230925_SEFL10K6b_traumarec3_g2,4,traumatest,3,min_03,53.39,35.9
8,230925_SEFL10K6b_traumarec3_g2,4,traumatest,3,min_04,19.94,108.52
8,230925_SEFL10K6b_traumarec3_g2,4,traumatest,3,min_05,21.33,99.78
8,230925_SEFL10K6b_traumarec3_g2,4,traumatest,3,avg,26.51,81.01
9,230925_SEFL10K6b_traumarec3_g3,1,traumatest,3,min_01,62.5,5.71
9,230925_SEFL10K6b_traumarec3_g3,1,traumatest,3,min_02,49.94,13.15
9,230925_SEFL10K6b_traumarec3_g3,1,traumatest,3,min_03,56.39,18.39
9,230925_SEFL10K6b_traumarec3_g3,1,traumatest,3,min_04,43.72,71.27
9,230925_SEFL10K6b_traumarec3_g3,1,traumatest,3,min_05,28.5,51.33
9,230925_SEFL10K6b_traumarec3_g3,1,traumatest,3,avg,49.16,31.97
10,230925_SEFL10K6b_traumarec3_g3,2,traumatest,3,min_01,22.67,73.64
10,230925_SEFL10K6b_traumarec3_g3,2,traumatest,3,min_02,22.33,69.38
10,230925_SEFL10K6b_traumarec3_g3,2,traumatest,3,min_03,11.83,113.69
10,230925_SEFL10K6b_traumarec3_g3,2,traumatest,3,min_04,6.22,130.65
10,230925_SEFL10K6b_traumarec3_g3,2,traumatest,3,min_05,21.11,93.23
10,230925_SEFL10K6b_traumarec3_g3,2,traumatest,3,avg,17.27,96.12
11,230925_SEFL10K6b_traumarec3_g3,3,traumatest,3,min_01,0,194.66
11,230925_SEFL10K6b_traumarec3_g3,3,traumatest,3,min_02,5,165.41
11,230925_SEFL10K6b_traumarec3_g3,3,traumatest,3,min_03,16.28,122.6
11,230925_SEFL10K6b_traumarec3_g3,3,traumatest,3,min_04,9.33,199.55
11,230925_SEFL10K6b_traumarec3_g3,3,traumatest,3,min_05,4.06,171.71
11,230925_SEFL10K6b_traumarec3_g3,3,traumatest,3,avg,6.93,170.79
12,230925_SEFL10K6b_traumarec3_g3,4,traumatest,3,min_01,44.39,31.31
12,230925_SEFL10K6b_traumarec3_g3,4,traumatest,3,min_02,46.22,12.16
12,230925_SEFL10K6b_traumarec3_g3,4,traumatest,3,min_03,25.78,82.61
12,230925_SEFL10K6b_traumarec3_g3,4,traumatest,3,min_04,39.39,72.12
12,230925_SEFL10K6b_traumarec3_g3,4,traumatest,3,min_05,28.11,59.74
12,230925_SEFL10K6b_traumarec3_g3,4,traumatest,3,avg,36.78,51.59
13,230925_SEFL10K6b_traumarec3_g4,1,traumatest,3,min_01,15.89,99.28
13,230925_SEFL10K6b_traumarec3_g4,1,traumatest,3,min_02,38.56,63.72
13,230925_SEFL10K6b_traumarec3_g4,1,traumatest,3,min_03,19.06,132.41
13,230925_SEFL10K6b_traumarec3_g4,1,traumatest,3,min_04,16.33,132.16
13,230925_SEFL10K6b_traumarec3_g4,1,traumatest,3,min_05,28.61,89.53
13,230925_SEFL10K6b_traumarec3_g4,1,traumatest,3,avg,23.69,103.42
14,230925_SEFL10K6b_traumarec3_g4,2,traumatest,3,min_01,22.83,79.26
14,230925_SEFL10K6b_traumarec3_g4,2,traumatest,3,min_02,25.56,97.14
14,230925_SEFL10K6b_traumarec3_g4,2,traumatest,3,min_03,33.78,75.24
14,230925_SEFL10K6b_traumarec3_g4,2,traumatest,3,min_04,41.72,96.09
14,230925_SEFL10K6b_traumarec3_g4,2,traumatest,3,min_05,29.11,107.79
14,230925_SEFL10K6b_traumarec3_g4,2,traumatest,3,avg,30.63,91.1
15,230925_SEFL10K6b_traumarec3_g4,3,traumatest,3,min_01,0,187.96
15,230925_SEFL10K6b_traumarec3_g4,3,traumatest,3,min_02,16.28,100.59
15,230925_SEFL10K6b_traumarec3_g4,3,traumatest,3,min_03,1.94,117.76
15,230925_SEFL10K6b_traumarec3_g4,3,traumatest,3,min_04,5.67,183.91
15,230925_SEFL10K6b_traumarec3_g4,3,traumatest,3,min_05,11.61,146.19
15,230925_SEFL10K6b_traumarec3_g4,3,traumatest,3,avg,7.1,147.28
16,230925_SEFL10K6b_traumarec3_g4,4,traumatest,3,min_01,39.5,62.03
16,230925_SEFL10K6b_traumarec3_g4,4,traumatest,3,min_02,22.89,93.79
16,230925_SEFL10K6b_traumarec3_g4,4,traumatest,3,min_03,22.72,65.94
16,230925_SEFL10K6b_traumarec3_g4,4,traumatest,3,min_04,1.67,88.33
16,230925_SEFL10K6b_traumarec3_g4,4,traumatest,3,min_05,13.11,113.03
16,230925_SEFL10K6b_traumarec3_g4,4,traumatest,3,avg,19.98,84.62
17,230925_SEFL10K6b_traumarec3_g5,1,traumatest,3,min_01,5.39,89.09
17,230925_SEFL10K6b_traumarec3_g5,1,traumatest,3,min_02,29,83.56
17,230925_SEFL10K6b_traumarec3_g5,1,traumatest,3,min_03,21.06,139.55
17,230925_SEFL10K6b_traumarec3_g5,1,traumatest,3,min_04,16.56,77.73
17,230925_SEFL10K6b_traumarec3_g5,1,traumatest,3,min_05,16.28,119.21
17,230925_SEFL10K6b_traumarec3_g5,1,traumatest,3,avg,17.66,101.83
18,230925_SEFL10K6b_traumarec3_g5,2,traumatest,3,min_01,54,50.42
18,230925_SEFL10K6b_traumarec3_g5,2,traumatest,3,min_02,56.94,38.06
18,230925_SEFL10K6b_traumarec3_g5,2,traumatest,3,min_03,40.22,64.72
18,230925_SEFL10K6b_traumarec3_g5,2,traumatest,3,min_04,32.89,70.21
18,230925_SEFL10K6b_traumarec3_g5,2,traumatest,3,min_05,40.39,45.1
18,230925_SEFL10K6b_traumarec3_g5,2,traumatest,3,avg,44.93,53.7
19,230925_SEFL10K6b_traumarec3_g5,3,traumatest,3,min_01,8.72,83.04
19,230925_SEFL10K6b_traumarec3_g5,3,traumatest,3,min_02,38.67,32.93
19,230925_SEFL10K6b_traumarec3_g5,3,traumatest,3,min_03,3,138.27
19,230925_SEFL10K6b_traumarec3_g5,3,traumatest,3,min_04,0,104.5
19,230925_SEFL10K6b_traumarec3_g5,3,traumatest,3,min_05,4.11,169.37
19,230925_SEFL10K6b_traumarec3_g5,3,traumatest,3,avg,11.17,105.62
20,230925_SEFL10K6b_traumarec3_g5,4,traumatest,3,min_01,10.28,70.99
20,230925_SEFL10K6b_traumarec3_g5,4,traumatest,3,min_02,13.33,94.3
20,230925_SEFL10K6b_traumarec3_g5,4,traumatest,3,min_03,39.83,57.25
20,230925_SEFL10K6b_traumarec3_g5,4,traumatest,3,min_04,9.67,106.36
20,230925_SEFL10K6b_traumarec3_g5,4,traumatest,3,min_05,27.28,48.73
20,230925_SEFL10K6b_traumarec3_g5,4,traumatest,3,avg,20.08,75.53
21,230925_SEFL10K6b_traumarec3_g6,1,traumatest,3,min_01,10.33,114.4
21,230925_SEFL10K6b_traumarec3_g6,1,traumatest,3,min_02,2.33,180.25
21,230925_SEFL10K6b_traumarec3_g6,1,traumatest,3,min_03,32.89,90.35
21,230925_SEFL10K6b_traumarec3_g6,1,traumatest,3,min_04,8.89,173.77
21,230925_SEFL10K6b_traumarec3_g6,1,traumatest,3,min_05,3.39,149.62
21,230925_SEFL10K6b_traumarec3_g6,1,traumatest,3,avg,11.57,141.68
22,230925_SEFL10K6b_traumarec3_g6,2,traumatest,3,min_01,4.83,153.37
22,230925_SEFL10K6b_traumarec3_g6,2,traumatest,3,min_02,7.67,151.87
22,230925_SEFL10K6b_traumarec3_g6,2,traumatest,3,min_03,11.5,141.34
22,230925_SEFL10K6b_traumarec3_g6,2,traumatest,3,min_04,10.56,107.77
22,230925_SEFL10K6b_traumarec3_g6,2,traumatest,3,min_05,6.94,136.09
22,230925_SEFL10K6b_traumarec3_g6,2,traumatest,3,avg,8.3,138.09
23,230925_SEFL10K6b_traumarec3_g6,3,traumatest,3,min_01,10.89,111.53
23,230925_SEFL10K6b_traumarec3_g6,3,traumatest,3,min_02,11.72,134.24
23,230925_SEFL10K6b_traumarec3_g6,3,traumatest,3,min_03,8.17,118.59
23,230925_SEFL10K6b_traumarec3_g6,3,traumatest,3,min_04,10.22,119.5
23,230925_SEFL10K6b_traumarec3_g6,3,traumatest,3,min_05,29.83,93.3
23,230925_SEFL10K6b_traumarec3_g6,3,traumatest,3,avg,14.17,115.43
24,230925_SEFL10K6b_traumarec3_g6,4,traumatest,3,min_01,44.56,59.13
24,230925_SEFL10K6b_traumarec3_g6,4,traumatest,3,min_02,57.56,17.28
24,230925_SEFL10K6b_traumarec3_g6,4,traumatest,3,min_03,23.72,83.57
24,230925_SEFL10K6b_traumarec3_g6,4,traumatest,3,min_04,26.5,96.47
24,230925_SEFL10K6b_traumarec3_g6,4,traumatest,3,min_05,8.28,138.8
24,230925_SEFL10K6b_traumarec3_g6,4,traumatest,3,avg,32.2,79.05
25,230925_SEFL10K6b_traumarec3_g7,1,traumatest,3,min_01,57.17,8.34
25,230925_SEFL10K6b_traumarec3_g7,1,traumatest,3,min_02,81.11,3.63
25,230925_SEFL10K6b_traumarec3_g7,1,traumatest,3,min_03,46.11,49.44
25,230925_SEFL10K6b_traumarec3_g7,1,traumatest,3,min_04,63.61,18.46
25,230925_SEFL10K6b_traumarec3_g7,1,traumatest,3,min_05,38.83,68.17
25,230925_SEFL10K6b_traumarec3_g7,1,traumatest,3,avg,57.78,29.61
26,230925_SEFL10K6b_traumarec3_g7,2,traumatest,3,min_01,18.28,106.31
26,230925_SEFL10K6b_traumarec3_g7,2,traumatest,3,min_02,9.89,90.68
26,230925_SEFL10K6b_traumarec3_g7,2,traumatest,3,min_03,26.44,94.37
26,230925_SEFL10K6b_traumarec3_g7,2,traumatest,3,min_04,28.17,106.25
26,230925_SEFL10K6b_traumarec3_g7,2,traumatest,3,min_05,19.72,86.4
26,230925_SEFL10K6b_traumarec3_g7,2,traumatest,3,avg,20.81,96.8
1,230926_SEFL10K6b_traumarec4_g1,1,traumatest,4,min_01,14.17,67.23
1,230926_SEFL10K6b_traumarec4_g1,1,traumatest,4,min_02,15.78,138.08
1,230926_SEFL10K6b_traumarec4_g1,1,traumatest,4,min_03,9.94,166.53
1,230926_SEFL10K6b_traumarec4_g1,1,traumatest,4,min_04,3.83,184.92
1,230926_SEFL10K6b_traumarec4_g1,1,traumatest,4,min_05,5.44,151.92
1,230926_SEFL10K6b_traumarec4_g1,1,traumatest,4,avg,9.83,141.74
2,230926_SEFL10K6b_traumarec4_g1,2,traumatest,4,min_01,16.22,122.27
2,230926_SEFL10K6b_traumarec4_g1,2,traumatest,4,min_02,16.89,132.72
2,230926_SEFL10K6b_traumarec4_g1,2,traumatest,4,min_03,14.94,150.39
2,230926_SEFL10K6b_traumarec4_g1,2,traumatest,4,min_04,23.83,118.65
2,230926_SEFL10K6b_traumarec4_g1,2,traumatest,4,min_05,14.22,117.31
2,230926_SEFL10K6b_traumarec4_g1,2,traumatest,4,avg,17.64,128.27
3,230926_SEFL10K6b_traumarec4_g1,3,traumatest,4,min_01,53.06,21.86
3,230926_SEFL10K6b_traumarec4_g1,3,traumatest,4,min_02,79.61,5.07
3,230926_SEFL10K6b_traumarec4_g1,3,traumatest,4,min_03,66,20.73
3,230926_SEFL10K6b_traumarec4_g1,3,traumatest,4,min_04,13.11,111.51
3,230926_SEFL10K6b_traumarec4_g1,3,traumatest,4,min_05,37.06,41.99
3,230926_SEFL10K6b_traumarec4_g1,3,traumatest,4,avg,49.77,40.23
4,230926_SEFL10K6b_traumarec4_g1,4,traumatest,4,min_01,72.28,10.13
4,230926_SEFL10K6b_traumarec4_g1,4,traumatest,4,min_02,40.56,43.49
4,230926_SEFL10K6b_traumarec4_g1,4,traumatest,4,min_03,11.11,76.53
4,230926_SEFL10K6b_traumarec4_g1,4,traumatest,4,min_04,31.94,66.65
4,230926_SEFL10K6b_traumarec4_g1,4,traumatest,4,min_05,41.28,44.51
4,230926_SEFL10K6b_traumarec4_g1,4,traumatest,4,avg,39.43,48.26
5,230926_SEFL10K6b_traumarec4_g2,1,traumatest,4,min_01,13.78,103.45
5,230926_SEFL10K6b_traumarec4_g2,1,traumatest,4,min_02,11.39,138.32
5,230926_SEFL10K6b_traumarec4_g2,1,traumatest,4,min_03,12.72,138.57
5,230926_SEFL10K6b_traumarec4_g2,1,traumatest,4,min_04,30.72,114.06
5,230926_SEFL10K6b_traumarec4_g2,1,traumatest,4,min_05,23.78,120.65
5,230926_SEFL10K6b_traumarec4_g2,1,traumatest,4,avg,18.48,123.01
6,230926_SEFL10K6b_traumarec4_g2,2,traumatest,4,min_01,31.61,11.25
6,230926_SEFL10K6b_traumarec4_g2,2,traumatest,4,min_02,78.33,4.33
6,230926_SEFL10K6b_traumarec4_g2,2,traumatest,4,min_03,18.5,67.49
6,230926_SEFL10K6b_traumarec4_g2,2,traumatest,4,min_04,23.78,93.87
6,230926_SEFL10K6b_traumarec4_g2,2,traumatest,4,min_05,18.72,83.61
6,230926_SEFL10K6b_traumarec4_g2,2,traumatest,4,avg,34.59,52.11
7,230926_SEFL10K6b_traumarec4_g2,3,traumatest,4,min_01,2.22,200.15
7,230926_SEFL10K6b_traumarec4_g2,3,traumatest,4,min_02,2.11,184.04
7,230926_SEFL10K6b_traumarec4_g2,3,traumatest,4,min_03,4.72,118.05
7,230926_SEFL10K6b_traumarec4_g2,3,traumatest,4,min_04,8.28,142.46
7,230926_SEFL10K6b_traumarec4_g2,3,traumatest,4,min_05,3.72,103.8
7,230926_SEFL10K6b_traumarec4_g2,3,traumatest,4,avg,4.21,149.7
8,230926_SEFL10K6b_traumarec4_g2,4,traumatest,4,min_01,1.94,105.17
8,230926_SEFL10K6b_traumarec4_g2,4,traumatest,4,min_02,1.67,61.83
8,230926_SEFL10K6b_traumarec4_g2,4,traumatest,4,min_03,2.11,80.07
8,230926_SEFL10K6b_traumarec4_g2,4,traumatest,4,min_04,23.56,103.26
8,230926_SEFL10K6b_traumarec4_g2,4,traumatest,4,min_05,42.72,90.45
8,230926_SEFL10K6b_traumarec4_g2,4,traumatest,4,avg,14.4,88.16
9,230926_SEFL10K6b_traumarec4_g3,1,traumatest,4,min_01,52.56,17.03
9,230926_SEFL10K6b_traumarec4_g3,1,traumatest,4,min_02,41.94,18.3
9,230926_SEFL10K6b_traumarec4_g3,1,traumatest,4,min_03,54.28,22.79
9,230926_SEFL10K6b_traumarec4_g3,1,traumatest,4,min_04,49.89,45.94
9,230926_SEFL10K6b_traumarec4_g3,1,traumatest,4,min_05,36.22,81.43
9,230926_SEFL10K6b_traumarec4_g3,1,traumatest,4,avg,47.32,37.1
10,230926_SEFL10K6b_traumarec4_g3,2,traumatest,4,min_01,0,189.12
10,230926_SEFL10K6b_traumarec4_g3,2,traumatest,4,min_02,3.72,158.09
10,230926_SEFL10K6b_traumarec4_g3,2,traumatest,4,min_03,9.22,144.56
10,230926_SEFL10K6b_traumarec4_g3,2,traumatest,4,min_04,12.11,105.31
10,230926_SEFL10K6b_traumarec4_g3,2,traumatest,4,min_05,7.94,106.15
10,230926_SEFL10K6b_traumarec4_g3,2,traumatest,4,avg,6.6,140.65
11,230926_SEFL10K6b_traumarec4_g3,3,traumatest,4,min_01,22.22,61.82
11,230926_SEFL10K6b_traumarec4_g3,3,traumatest,4,min_02,56.11,37.68
11,230926_SEFL10K6b_traumarec4_g3,3,traumatest,4,min_03,8.94,92.82
11,230926_SEFL10K6b_traumarec4_g3,3,traumatest,4,min_04,2.17,133.51
11,230926_SEFL10K6b_traumarec4_g3,3,traumatest,4,min_05,8.83,143.98
11,230926_SEFL10K6b_traumarec4_g3,3,traumatest,4,avg,19.66,93.96
12,230926_SEFL10K6b_traumarec4_g3,4,traumatest,4,min_01,32.67,41.86
12,230926_SEFL10K6b_traumarec4_g3,4,traumatest,4,min_02,45.94,22.59
12,230926_SEFL10K6b_traumarec4_g3,4,traumatest,4,min_03,66.44,7.9
12,230926_SEFL10K6b_traumarec4_g3,4,traumatest,4,min_04,10.61,80.19
12,230926_SEFL10K6b_traumarec4_g3,4,traumatest,4,min_05,19.28,80.04
12,230926_SEFL10K6b_traumarec4_g3,4,traumatest,4,avg,34.99,46.52
13,230926_SEFL10K6b_traumarec4_g4,1,traumatest,4,min_01,4.72,115.06
13,230926_SEFL10K6b_traumarec4_g4,1,traumatest,4,min_02,11.17,94.65
13,230926_SEFL10K6b_traumarec4_g4,1,traumatest,4,min_03,5.78,103.81
13,230926_SEFL10K6b_traumarec4_g4,1,traumatest,4,min_04,22.89,113.51
13,230926_SEFL10K6b_traumarec4_g4,1,traumatest,4,min_05,8.17,141.21
13,230926_SEFL10K6b_traumarec4_g4,1,traumatest,4,avg,10.68,113.65
14,230926_SEFL10K6b_traumarec4_g4,2,traumatest,4,min_01,31.06,39.27
14,230926_SEFL10K6b_traumarec4_g4,2,traumatest,4,min_02,17.33,72.53
14,230926_SEFL10K6b_traumarec4_g4,2,traumatest,4,min_03,21.33,80.3
14,230926_SEFL10K6b_traumarec4_g4,2,traumatest,4,min_04,31.39,100.7
14,230926_SEFL10K6b_traumarec4_g4,2,traumatest,4,min_05,20.39,111.72
14,230926_SEFL10K6b_traumarec4_g4,2,traumatest,4,avg,24.3,80.91
15,230926_SEFL10K6b_traumarec4_g4,3,traumatest,4,min_01,13.94,30.89
15,230926_SEFL10K6b_traumarec4_g4,3,traumatest,4,min_02,41,16.12
15,230926_SEFL10K6b_traumarec4_g4,3,traumatest,4,min_03,30.17,49.98
15,230926_SEFL10K6b_traumarec4_g4,3,traumatest,4,min_04,17,125.81
15,230926_SEFL10K6b_traumarec4_g4,3,traumatest,4,min_05,53.94,19.62
15,230926_SEFL10K6b_traumarec4_g4,3,traumatest,4,avg,31.6,48.48
16,230926_SEFL10K6b_traumarec4_g4,4,traumatest,4,min_01,17.56,77.85
16,230926_SEFL10K6b_traumarec4_g4,4,traumatest,4,min_02,17.39,90.28
16,230926_SEFL10K6b_traumarec4_g4,4,traumatest,4,min_03,26.72,84.46
16,230926_SEFL10K6b_traumarec4_g4,4,traumatest,4,min_04,9.11,101.67
16,230926_SEFL10K6b_traumarec4_g4,4,traumatest,4,min_05,14.56,94.74
16,230926_SEFL10K6b_traumarec4_g4,4,traumatest,4,avg,17.12,89.8
17,230926_SEFL10K6b_traumarec4_g5,1,traumatest,4,min_01,1.94,133.79
17,230926_SEFL10K6b_traumarec4_g5,1,traumatest,4,min_02,6.33,125.57
17,230926_SEFL10K6b_traumarec4_g5,1,traumatest,4,min_03,4.56,152.6
17,230926_SEFL10K6b_traumarec4_g5,1,traumatest,4,min_04,2.72,143.14
17,230926_SEFL10K6b_traumarec4_g5,1,traumatest,4,min_05,2.28,122.2
17,230926_SEFL10K6b_traumarec4_g5,1,traumatest,4,avg,3.57,135.46
18,230926_SEFL10K6b_traumarec4_g5,2,traumatest,4,min_01,12.78,110.23
18,230926_SEFL10K6b_traumarec4_g5,2,traumatest,4,min_02,22.78,93.4
18,230926_SEFL10K6b_traumarec4_g5,2,traumatest,4,min_03,18.56,115.6
18,230926_SEFL10K6b_traumarec4_g5,2,traumatest,4,min_04,23.83,83.29
18,230926_SEFL10K6b_traumarec4_g5,2,traumatest,4,min_05,24.67,78.42
18,230926_SEFL10K6b_traumarec4_g5,2,traumatest,4,avg,20.52,96.19
19,230926_SEFL10K6b_traumarec4_g5,3,traumatest,4,min_01,5.89,115.15
19,230926_SEFL10K6b_traumarec4_g5,3,traumatest,4,min_02,1.78,146.67
19,230926_SEFL10K6b_traumarec4_g5,3,traumatest,4,min_03,1.67,124.61
19,230926_SEFL10K6b_traumarec4_g5,3,traumatest,4,min_04,10,122.18
19,230926_SEFL10K6b_traumarec4_g5,3,traumatest,4,min_05,34.22,54.42
19,230926_SEFL10K6b_traumarec4_g5,3,traumatest,4,avg,10.71,112.61
20,230926_SEFL10K6b_traumarec4_g5,4,traumatest,4,min_01,42.83,28.96
20,230926_SEFL10K6b_traumarec4_g5,4,traumatest,4,min_02,48,42.66
20,230926_SEFL10K6b_traumarec4_g5,4,traumatest,4,min_03,41.72,23
20,230926_SEFL10K6b_traumarec4_g5,4,traumatest,4,min_04,27.22,75
20,230926_SEFL10K6b_traumarec4_g5,4,traumatest,4,min_05,31.22,66.2
20,230926_SEFL10K6b_traumarec4_g5,4,traumatest,4,avg,38.2,47.17
21,230926_SEFL10K6b_traumarec4_g6,1,traumatest,4,min_01,3.5,145.52
21,230926_SEFL10K6b_traumarec4_g6,1,traumatest,4,min_02,10,118.26
21,230926_SEFL10K6b_traumarec4_g6,1,traumatest,4,min_03,7.67,153.32
21,230926_SEFL10K6b_traumarec4_g6,1,traumatest,4,min_04,8.33,109.42
21,230926_SEFL10K6b_traumarec4_g6,1,traumatest,4,min_05,0,175.48
21,230926_SEFL10K6b_traumarec4_g6,1,traumatest,4,avg,5.9,140.4
22,230926_SEFL10K6b_traumarec4_g6,2,traumatest,4,min_01,23.22,65.68
22,230926_SEFL10K6b_traumarec4_g6,2,traumatest,4,min_02,22.22,44.49
22,230926_SEFL10K6b_traumarec4_g6,2,traumatest,4,min_03,21.78,81.7
22,230926_SEFL10K6b_traumarec4_g6,2,traumatest,4,min_04,9,129.41
22,230926_SEFL10K6b_traumarec4_g6,2,traumatest,4,min_05,14.67,92.56
22,230926_SEFL10K6b_traumarec4_g6,2,traumatest,4,avg,18.41,82.77
23,230926_SEFL10K6b_traumarec4_g6,3,traumatest,4,min_01,17.28,74.5
23,230926_SEFL10K6b_traumarec4_g6,3,traumatest,4,min_02,35.78,67.69
23,230926_SEFL10K6b_traumarec4_g6,3,traumatest,4,min_03,22.72,93.95
23,230926_SEFL10K6b_traumarec4_g6,3,traumatest,4,min_04,29.11,81.75
23,230926_SEFL10K6b_traumarec4_g6,3,traumatest,4,min_05,12.5,148.08
23,230926_SEFL10K6b_traumarec4_g6,3,traumatest,4,avg,24.2,93.19
24,230926_SEFL10K6b_traumarec4_g6,4,traumatest,4,min_01,55.39,15.26
24,230926_SEFL10K6b_traumarec4_g6,4,traumatest,4,min_02,90.89,1.95
24,230926_SEFL10K6b_traumarec4_g6,4,traumatest,4,min_03,45.39,37.09
24,230926_SEFL10K6b_traumarec4_g6,4,traumatest,4,min_04,40.28,55.46
24,230926_SEFL10K6b_traumarec4_g6,4,traumatest,4,min_05,10.89,114.56
24,230926_SEFL10K6b_traumarec4_g6,4,traumatest,4,avg,48.57,44.87
25,230926_SEFL10K6b_traumarec4_g7,1,traumatest,4,min_01,12.78,122.96
25,230926_SEFL10K6b_traumarec4_g7,1,traumatest,4,min_02,9.89,109.54
25,230926_SEFL10K6b_traumarec4_g7,1,traumatest,4,min_03,17.67,104.04
25,230926_SEFL10K6b_traumarec4_g7,1,traumatest,4,min_04,9.28,148.97
25,230926_SEFL10K6b_traumarec4_g7,1,traumatest,4,min_05,13.94,141.95
25,230926_SEFL10K6b_traumarec4_g7,1,traumatest,4,avg,13.38,125.49
26,230926_SEFL10K6b_traumarec4_g7,2,traumatest,4,min_01,10.11,136.34
26,230926_SEFL10K6b_traumarec4_g7,2,traumatest,4,min_02,17.67,120.7
26,230926_SEFL10K6b_traumarec4_g7,2,traumatest,4,min_03,25.67,141.66
26,230926_SEFL10K6b_traumarec4_g7,2,traumatest,4,min_04,27.94,113.69
26,230926_SEFL10K6b_traumarec4_g7,2,traumatest,4,min_05,27.06,122.23
26,230926_SEFL10K6b_traumarec4_g7,2,traumatest,4,avg,21.69,126.92