Animal,file,Box,phase,subphase,component,Freezing,Motion
1,221121_SEFL10k2_trauma_g1,1,trauma,baseline,baseline,2.13,195.19
2,221121_SEFL10k2_trauma_g1,2,trauma,baseline,baseline,1.28,264.75
3,221121_SEFL10k2_trauma_g1,3,trauma,baseline,baseline,2.23,162.14
4,221121_SEFL10k2_trauma_g1,4,trauma,baseline,baseline,0.78,215.72
5,221121_SEFL10k2_trauma_g2,1,trauma,baseline,baseline,0.86,210.3
6,221121_SEFL10k2_trauma_g2,2,trauma,baseline,baseline,0.7,240.35
7,221121_SEFL10k2_trauma_g2,3,trauma,baseline,baseline,1.27,309.13
8,221121_SEFL10k2_trauma_g2,4,trauma,baseline,baseline,0.6,262.96
9,221121_SEFL10k2_trauma_g3,1,trauma,baseline,baseline,0.76,189.11
10,221121_SEFL10k2_trauma_g3,2,trauma,baseline,baseline,0,280.11
11,221121_SEFL10k2_trauma_g3,3,trauma,baseline,baseline,0,303.16
12,221121_SEFL10k2_trauma_g3,4,trauma,baseline,baseline,0.46,182.03
13,221121_SEFL10k2_trauma_g4,1,trauma,baseline,baseline,0.34,219.37
14,221121_SEFL10k2_trauma_g4,2,trauma,baseline,baseline,0.51,224.65
15,221121_SEFL10k2_trauma_g4,3,trauma,baseline,baseline,1.74,199.66
16,221121_SEFL10k2_trauma_g4,4,trauma,baseline,baseline,0.63,194.92
17,221121_SEFL10k2_trauma_g5,1,trauma,baseline,baseline,0.57,246.96
18,221121_SEFL10k2_trauma_g5,2,trauma,baseline,baseline,21.82,110.78
1,221121_SEFL10k2_trauma_g1,1,trauma,postshock,postshock01,10.83,129.07
2,221121_SEFL10k2_trauma_g1,2,trauma,postshock,postshock01,0,242.18
3,221121_SEFL10k2_trauma_g1,3,trauma,postshock,postshock01,0,132.6
4,221121_SEFL10k2_trauma_g1,4,trauma,postshock,postshock01,5.33,97.14
5,221121_SEFL10k2_trauma_g2,1,trauma,postshock,postshock01,0,82.14
6,221121_SEFL10k2_trauma_g2,2,trauma,postshock,postshock01,5.67,144.77
7,221121_SEFL10k2_trauma_g2,3,trauma,postshock,postshock01,0,104.31
8,221121_SEFL10k2_trauma_g2,4,trauma,postshock,postshock01,0,137.56
9,221121_SEFL10k2_trauma_g3,1,trauma,postshock,postshock01,67.83,9.37
10,221121_SEFL10k2_trauma_g3,2,trauma,postshock,postshock01,10.83,164.67
11,221121_SEFL10k2_trauma_g3,3,trauma,postshock,postshock01,0,247.92
12,221121_SEFL10k2_trauma_g3,4,trauma,postshock,postshock01,0,128.43
13,221121_SEFL10k2_trauma_g4,1,trauma,postshock,postshock01,38,92.13
14,221121_SEFL10k2_trauma_g4,2,trauma,postshock,postshock01,0,209.88
15,221121_SEFL10k2_trauma_g4,3,trauma,postshock,postshock01,0,297.07
16,221121_SEFL10k2_trauma_g4,4,trauma,postshock,postshock01,0,137.91
17,221121_SEFL10k2_trauma_g5,1,trauma,postshock,postshock01,0,176.12
18,221121_SEFL10k2_trauma_g5,2,trauma,postshock,postshock01,40.33,54.21
1,221121_SEFL10k2_trauma_g1,1,trauma,postshock,postshock02,0,147.9
2,221121_SEFL10k2_trauma_g1,2,trauma,postshock,postshock02,65.67,22.65
3,221121_SEFL10k2_trauma_g1,3,trauma,postshock,postshock02,15,124.25
4,221121_SEFL10k2_trauma_g1,4,trauma,postshock,postshock02,25.83,36.84
5,221121_SEFL10k2_trauma_g2,1,trauma,postshock,postshock02,55.83,37.63
6,221121_SEFL10k2_trauma_g2,2,trauma,postshock,postshock02,15.67,84.95
7,221121_SEFL10k2_trauma_g2,3,trauma,postshock,postshock02,29.33,34.87
8,221121_SEFL10k2_trauma_g2,4,trauma,postshock,postshock02,14.5,140.03
9,221121_SEFL10k2_trauma_g3,1,trauma,postshock,postshock02,40.17,19.52
10,221121_SEFL10k2_trauma_g3,2,trauma,postshock,postshock02,47,58.33
11,221121_SEFL10k2_trauma_g3,3,trauma,postshock,postshock02,0,247.97
12,221121_SEFL10k2_trauma_g3,4,trauma,postshock,postshock02,16.33,112.1
13,221121_SEFL10k2_trauma_g4,1,trauma,postshock,postshock02,77.5,7.19
14,221121_SEFL10k2_trauma_g4,2,trauma,postshock,postshock02,27.5,36.62
15,221121_SEFL10k2_trauma_g4,3,trauma,postshock,postshock02,53,40.79
16,221121_SEFL10k2_trauma_g4,4,trauma,postshock,postshock02,5.17,178.46
17,221121_SEFL10k2_trauma_g5,1,trauma,postshock,postshock02,21.83,20.34
18,221121_SEFL10k2_trauma_g5,2,trauma,postshock,postshock02,44.33,61.13
1,221121_SEFL10k2_trauma_g1,1,trauma,postshock,postshock03,66,18.77
2,221121_SEFL10k2_trauma_g1,2,trauma,postshock,postshock03,48.17,75.72
3,221121_SEFL10k2_trauma_g1,3,trauma,postshock,postshock03,33,106.21
4,221121_SEFL10k2_trauma_g1,4,trauma,postshock,postshock03,23.83,58.53
5,221121_SEFL10k2_trauma_g2,1,trauma,postshock,postshock03,68,14.35
6,221121_SEFL10k2_trauma_g2,2,trauma,postshock,postshock03,36.67,49.88
7,221121_SEFL10k2_trauma_g2,3,trauma,postshock,postshock03,61.17,52.3
8,221121_SEFL10k2_trauma_g2,4,trauma,postshock,postshock03,44.33,38.09
9,221121_SEFL10k2_trauma_g3,1,trauma,postshock,postshock03,86.17,6.54
10,221121_SEFL10k2_trauma_g3,2,trauma,postshock,postshock03,40.83,43.46
11,221121_SEFL10k2_trauma_g3,3,trauma,postshock,postshock03,21.33,68.97
12,221121_SEFL10k2_trauma_g3,4,trauma,postshock,postshock03,54.33,25.75
13,221121_SEFL10k2_trauma_g4,1,trauma,postshock,postshock03,63.83,17.55
14,221121_SEFL10k2_trauma_g4,2,trauma,postshock,postshock03,51.5,44.72
15,221121_SEFL10k2_trauma_g4,3,trauma,postshock,postshock03,27.83,86.14
16,221121_SEFL10k2_trauma_g4,4,trauma,postshock,postshock03,41.33,23.57
17,221121_SEFL10k2_trauma_g5,1,trauma,postshock,postshock03,77.67,7.67
18,221121_SEFL10k2_trauma_g5,2,trauma,postshock,postshock03,31.83,72.09
1,221121_SEFL10k2_trauma_g1,1,trauma,postshock,postshock04,44.5,40.15
2,221121_SEFL10k2_trauma_g1,2,trauma,postshock,postshock04,53.5,64.24
3,221121_SEFL10k2_trauma_g1,3,trauma,postshock,postshock04,46.5,70.23
4,221121_SEFL10k2_trauma_g1,4,trauma,postshock,postshock04,17.67,55.66
5,221121_SEFL10k2_trauma_g2,1,trauma,postshock,postshock04,20.67,44.38
6,221121_SEFL10k2_trauma_g2,2,trauma,postshock,postshock04,49.17,27.35
7,221121_SEFL10k2_trauma_g2,3,trauma,postshock,postshock04,84,7.24
8,221121_SEFL10k2_trauma_g2,4,trauma,postshock,postshock04,61.17,16.74
9,221121_SEFL10k2_trauma_g3,1,trauma,postshock,postshock04,81.5,14.92
10,221121_SEFL10k2_trauma_g3,2,trauma,postshock,postshock04,68,23.2
11,221121_SEFL10k2_trauma_g3,3,trauma,postshock,postshock04,69,7.44
12,221121_SEFL10k2_trauma_g3,4,trauma,postshock,postshock04,53.33,18.91
13,221121_SEFL10k2_trauma_g4,1,trauma,postshock,postshock04,77.17,10.36
14,221121_SEFL10k2_trauma_g4,2,trauma,postshock,postshock04,5.83,116.8
15,221121_SEFL10k2_trauma_g4,3,trauma,postshock,postshock04,45.33,30.62
16,221121_SEFL10k2_trauma_g4,4,trauma,postshock,postshock04,53.17,23.98
17,221121_SEFL10k2_trauma_g5,1,trauma,postshock,postshock04,86.83,5.12
18,221121_SEFL10k2_trauma_g5,2,trauma,postshock,postshock04,52.33,47.54
1,221121_SEFL10k2_trauma_g1,1,trauma,postshock,postshock05,66.67,19.51
2,221121_SEFL10k2_trauma_g1,2,trauma,postshock,postshock05,29,216.53
3,221121_SEFL10k2_trauma_g1,3,trauma,postshock,postshock05,73.33,11.82
4,221121_SEFL10k2_trauma_g1,4,trauma,postshock,postshock05,65.83,22.12
5,221121_SEFL10k2_trauma_g2,1,trauma,postshock,postshock05,29,64.08
6,221121_SEFL10k2_trauma_g2,2,trauma,postshock,postshock05,73,17.99
7,221121_SEFL10k2_trauma_g2,3,trauma,postshock,postshock05,69.5,22.93
8,221121_SEFL10k2_trauma_g2,4,trauma,postshock,postshock05,87,4.44
9,221121_SEFL10k2_trauma_g3,1,trauma,postshock,postshock05,95.5,0.57
10,221121_SEFL10k2_trauma_g3,2,trauma,postshock,postshock05,62,17.96
11,221121_SEFL10k2_trauma_g3,3,trauma,postshock,postshock05,62.83,44.95
12,221121_SEFL10k2_trauma_g3,4,trauma,postshock,postshock05,57.33,13.21
13,221121_SEFL10k2_trauma_g4,1,trauma,postshock,postshock05,82.33,4.62
14,221121_SEFL10k2_trauma_g4,2,trauma,postshock,postshock05,65.67,11.05
15,221121_SEFL10k2_trauma_g4,3,trauma,postshock,postshock05,20.5,41.41
16,221121_SEFL10k2_trauma_g4,4,trauma,postshock,postshock05,33.17,35.2
17,221121_SEFL10k2_trauma_g5,1,trauma,postshock,postshock05,92.33,4.23
18,221121_SEFL10k2_trauma_g5,2,trauma,postshock,postshock05,10.5,84.39
1,221121_SEFL10k2_trauma_g1,1,trauma,postshock,postshock06,65.17,13.73
2,221121_SEFL10k2_trauma_g1,2,trauma,postshock,postshock06,88.67,6.88
3,221121_SEFL10k2_trauma_g1,3,trauma,postshock,postshock06,92.67,3.45
4,221121_SEFL10k2_trauma_g1,4,trauma,postshock,postshock06,64.17,12.82
5,221121_SEFL10k2_trauma_g2,1,trauma,postshock,postshock06,74.83,11.43
6,221121_SEFL10k2_trauma_g2,2,trauma,postshock,postshock06,58.17,25.64
7,221121_SEFL10k2_trauma_g2,3,trauma,postshock,postshock06,81.83,3.64
8,221121_SEFL10k2_trauma_g2,4,trauma,postshock,postshock06,89,7.8
9,221121_SEFL10k2_trauma_g3,1,trauma,postshock,postshock06,59,7.2
10,221121_SEFL10k2_trauma_g3,2,trauma,postshock,postshock06,67.17,11.06
11,221121_SEFL10k2_trauma_g3,3,trauma,postshock,postshock06,58.83,27.59
12,221121_SEFL10k2_trauma_g3,4,trauma,postshock,postshock06,63,43.74
13,221121_SEFL10k2_trauma_g4,1,trauma,postshock,postshock06,70.5,9.07
14,221121_SEFL10k2_trauma_g4,2,trauma,postshock,postshock06,6.17,54.62
15,221121_SEFL10k2_trauma_g4,3,trauma,postshock,postshock06,70.67,10.64
16,221121_SEFL10k2_trauma_g4,4,trauma,postshock,postshock06,31.5,66.07
17,221121_SEFL10k2_trauma_g5,1,trauma,postshock,postshock06,78.5,52.59
18,221121_SEFL10k2_trauma_g5,2,trauma,postshock,postshock06,65.33,14
1,221121_SEFL10k2_trauma_g1,1,trauma,postshock,postshock07,72.67,46.24
2,221121_SEFL10k2_trauma_g1,2,trauma,postshock,postshock07,81.5,6.7
3,221121_SEFL10k2_trauma_g1,3,trauma,postshock,postshock07,66.5,30.47
4,221121_SEFL10k2_trauma_g1,4,trauma,postshock,postshock07,66.33,20.68
5,221121_SEFL10k2_trauma_g2,1,trauma,postshock,postshock07,55.83,24.78
6,221121_SEFL10k2_trauma_g2,2,trauma,postshock,postshock07,83.83,2.87
7,221121_SEFL10k2_trauma_g2,3,trauma,postshock,postshock07,100,0.02
8,221121_SEFL10k2_trauma_g2,4,trauma,postshock,postshock07,59.17,41.51
9,221121_SEFL10k2_trauma_g3,1,trauma,postshock,postshock07,100,0.01
10,221121_SEFL10k2_trauma_g3,2,trauma,postshock,postshock07,73.83,26.28
11,221121_SEFL10k2_trauma_g3,3,trauma,postshock,postshock07,70,11.51
12,221121_SEFL10k2_trauma_g3,4,trauma,postshock,postshock07,75.83,20.09
13,221121_SEFL10k2_trauma_g4,1,trauma,postshock,postshock07,93.5,2.68
14,221121_SEFL10k2_trauma_g4,2,trauma,postshock,postshock07,55.33,41.05
15,221121_SEFL10k2_trauma_g4,3,trauma,postshock,postshock07,77.5,9.45
16,221121_SEFL10k2_trauma_g4,4,trauma,postshock,postshock07,83.67,5.04
17,221121_SEFL10k2_trauma_g5,1,trauma,postshock,postshock07,91.83,3.19
18,221121_SEFL10k2_trauma_g5,2,trauma,postshock,postshock07,75.83,17.04
1,221121_SEFL10k2_trauma_g1,1,trauma,postshock,postshock08,92.17,4.65
2,221121_SEFL10k2_trauma_g1,2,trauma,postshock,postshock08,86.33,12.22
3,221121_SEFL10k2_trauma_g1,3,trauma,postshock,postshock08,100,0.04
4,221121_SEFL10k2_trauma_g1,4,trauma,postshock,postshock08,66.83,7.68
5,221121_SEFL10k2_trauma_g2,1,trauma,postshock,postshock08,49.5,21.97
6,221121_SEFL10k2_trauma_g2,2,trauma,postshock,postshock08,60,20.7
7,221121_SEFL10k2_trauma_g2,3,trauma,postshock,postshock08,60,23.45
8,221121_SEFL10k2_trauma_g2,4,trauma,postshock,postshock08,91.83,1.37
9,221121_SEFL10k2_trauma_g3,1,trauma,postshock,postshock08,95.5,0.39
10,221121_SEFL10k2_trauma_g3,2,trauma,postshock,postshock08,80,15.77
11,221121_SEFL10k2_trauma_g3,3,trauma,postshock,postshock08,81.5,3.48
12,221121_SEFL10k2_trauma_g3,4,trauma,postshock,postshock08,84.33,29.06
13,221121_SEFL10k2_trauma_g4,1,trauma,postshock,postshock08,93.67,4.09
14,221121_SEFL10k2_trauma_g4,2,trauma,postshock,postshock08,62.83,16.02
15,221121_SEFL10k2_trauma_g4,3,trauma,postshock,postshock08,88.5,2.18
16,221121_SEFL10k2_trauma_g4,4,trauma,postshock,postshock08,81.83,11.32
17,221121_SEFL10k2_trauma_g5,1,trauma,postshock,postshock08,100,0
18,221121_SEFL10k2_trauma_g5,2,trauma,postshock,postshock08,56.83,19.22
1,221121_SEFL10k2_trauma_g1,1,trauma,postshock,postshock09,68.67,17.77
2,221121_SEFL10k2_trauma_g1,2,trauma,postshock,postshock09,77.67,40.85
3,221121_SEFL10k2_trauma_g1,3,trauma,postshock,postshock09,96.17,1.87
4,221121_SEFL10k2_trauma_g1,4,trauma,postshock,postshock09,82.5,4.81
5,221121_SEFL10k2_trauma_g2,1,trauma,postshock,postshock09,34.17,39.41
6,221121_SEFL10k2_trauma_g2,2,trauma,postshock,postshock09,79,4.45
7,221121_SEFL10k2_trauma_g2,3,trauma,postshock,postshock09,6.17,20.92
8,221121_SEFL10k2_trauma_g2,4,trauma,postshock,postshock09,58,3.7
9,221121_SEFL10k2_trauma_g3,1,trauma,postshock,postshock09,95,0.34
10,221121_SEFL10k2_trauma_g3,2,trauma,postshock,postshock09,76,17.45
11,221121_SEFL10k2_trauma_g3,3,trauma,postshock,postshock09,45.67,36.44
12,221121_SEFL10k2_trauma_g3,4,trauma,postshock,postshock09,80,8.06
13,221121_SEFL10k2_trauma_g4,1,trauma,postshock,postshock09,92,1.75
14,221121_SEFL10k2_trauma_g4,2,trauma,postshock,postshock09,70.83,12.54
15,221121_SEFL10k2_trauma_g4,3,trauma,postshock,postshock09,85.5,7.1
16,221121_SEFL10k2_trauma_g4,4,trauma,postshock,postshock09,91.33,1.96
17,221121_SEFL10k2_trauma_g5,1,trauma,postshock,postshock09,88.67,9.02
18,221121_SEFL10k2_trauma_g5,2,trauma,postshock,postshock09,89.5,2.83
1,221121_SEFL10k2_trauma_g1,1,trauma,postshock,postshock10,93.83,1.58
2,221121_SEFL10k2_trauma_g1,2,trauma,postshock,postshock10,48,28.21
3,221121_SEFL10k2_trauma_g1,3,trauma,postshock,postshock10,83.33,4.16
4,221121_SEFL10k2_trauma_g1,4,trauma,postshock,postshock10,59.67,11.82
5,221121_SEFL10k2_trauma_g2,1,trauma,postshock,postshock10,62.83,19.52
6,221121_SEFL10k2_trauma_g2,2,trauma,postshock,postshock10,96.67,1.46
7,221121_SEFL10k2_trauma_g2,3,trauma,postshock,postshock10,86,9.65
8,221121_SEFL10k2_trauma_g2,4,trauma,postshock,postshock10,100,0.32
9,221121_SEFL10k2_trauma_g3,1,trauma,postshock,postshock10,100,0
10,221121_SEFL10k2_trauma_g3,2,trauma,postshock,postshock10,98.33,0.77
11,221121_SEFL10k2_trauma_g3,3,trauma,postshock,postshock10,77,9.93
12,221121_SEFL10k2_trauma_g3,4,trauma,postshock,postshock10,87.67,2.28
13,221121_SEFL10k2_trauma_g4,1,trauma,postshock,postshock10,71,26.44
14,221121_SEFL10k2_trauma_g4,2,trauma,postshock,postshock10,68.67,8.88
15,221121_SEFL10k2_trauma_g4,3,trauma,postshock,postshock10,74.17,10.18
16,221121_SEFL10k2_trauma_g4,4,trauma,postshock,postshock10,80.5,15.26
17,221121_SEFL10k2_trauma_g5,1,trauma,postshock,postshock10,83.17,11.56
18,221121_SEFL10k2_trauma_g5,2,trauma,postshock,postshock10,52.17,22.87
1,221121_SEFL10k2_trauma_g1,1,trauma,shock,shock01,0,772.53
2,221121_SEFL10k2_trauma_g1,2,trauma,shock,shock01,0,1245.6
3,221121_SEFL10k2_trauma_g1,3,trauma,shock,shock01,0,780.6
4,221121_SEFL10k2_trauma_g1,4,trauma,shock,shock01,0,1150.77
5,221121_SEFL10k2_trauma_g2,1,trauma,shock,shock01,0,825.73
6,221121_SEFL10k2_trauma_g2,2,trauma,shock,shock01,0,1263.8
7,221121_SEFL10k2_trauma_g2,3,trauma,shock,shock01,0,1253.13
8,221121_SEFL10k2_trauma_g2,4,trauma,shock,shock01,0,817.7
9,221121_SEFL10k2_trauma_g3,1,trauma,shock,shock01,0,1349.77
10,221121_SEFL10k2_trauma_g3,2,trauma,shock,shock01,0,1362.2
11,221121_SEFL10k2_trauma_g3,3,trauma,shock,shock01,0,1272.63
12,221121_SEFL10k2_trauma_g3,4,trauma,shock,shock01,0,1182.57
13,221121_SEFL10k2_trauma_g4,1,trauma,shock,shock01,0,1334.27
14,221121_SEFL10k2_trauma_g4,2,trauma,shock,shock01,0,1185.33
15,221121_SEFL10k2_trauma_g4,3,trauma,shock,shock01,0,1266.43
16,221121_SEFL10k2_trauma_g4,4,trauma,shock,shock01,0,712.27
17,221121_SEFL10k2_trauma_g5,1,trauma,shock,shock01,0,2377.57
18,221121_SEFL10k2_trauma_g5,2,trauma,shock,shock01,0,1069.77
1,221121_SEFL10k2_trauma_g1,1,trauma,shock,shock02,0,1100.1
2,221121_SEFL10k2_trauma_g1,2,trauma,shock,shock02,0,1289.57
3,221121_SEFL10k2_trauma_g1,3,trauma,shock,shock02,0,698.03
4,221121_SEFL10k2_trauma_g1,4,trauma,shock,shock02,0,1470.23
5,221121_SEFL10k2_trauma_g2,1,trauma,shock,shock02,0,993.8
6,221121_SEFL10k2_trauma_g2,2,trauma,shock,shock02,0,659.43
7,221121_SEFL10k2_trauma_g2,3,trauma,shock,shock02,0,1031.63
8,221121_SEFL10k2_trauma_g2,4,trauma,shock,shock02,0,969.9
9,221121_SEFL10k2_trauma_g3,1,trauma,shock,shock02,0,1234.2
10,221121_SEFL10k2_trauma_g3,2,trauma,shock,shock02,0,985.6
11,221121_SEFL10k2_trauma_g3,3,trauma,shock,shock02,0,865.97
12,221121_SEFL10k2_trauma_g3,4,trauma,shock,shock02,0,521.93
13,221121_SEFL10k2_trauma_g4,1,trauma,shock,shock02,0,945.3
14,221121_SEFL10k2_trauma_g4,2,trauma,shock,shock02,0,1099
15,221121_SEFL10k2_trauma_g4,3,trauma,shock,shock02,0,1584.5
16,221121_SEFL10k2_trauma_g4,4,trauma,shock,shock02,0,596.1
17,221121_SEFL10k2_trauma_g5,1,trauma,shock,shock02,0,1420.53
18,221121_SEFL10k2_trauma_g5,2,trauma,shock,shock02,0,1059.97
1,221121_SEFL10k2_trauma_g1,1,trauma,shock,shock03,0,1226.9
2,221121_SEFL10k2_trauma_g1,2,trauma,shock,shock03,0,750.53
3,221121_SEFL10k2_trauma_g1,3,trauma,shock,shock03,0,798.87
4,221121_SEFL10k2_trauma_g1,4,trauma,shock,shock03,0,2066.07
5,221121_SEFL10k2_trauma_g2,1,trauma,shock,shock03,0,1089.83
6,221121_SEFL10k2_trauma_g2,2,trauma,shock,shock03,0,975.33
7,221121_SEFL10k2_trauma_g2,3,trauma,shock,shock03,0,809.53
8,221121_SEFL10k2_trauma_g2,4,trauma,shock,shock03,0,1076.57
9,221121_SEFL10k2_trauma_g3,1,trauma,shock,shock03,0,1038.23
10,221121_SEFL10k2_trauma_g3,2,trauma,shock,shock03,0,1035.23
11,221121_SEFL10k2_trauma_g3,3,trauma,shock,shock03,0,1495.3
12,221121_SEFL10k2_trauma_g3,4,trauma,shock,shock03,0,645.47
13,221121_SEFL10k2_trauma_g4,1,trauma,shock,shock03,0,1245.83
14,221121_SEFL10k2_trauma_g4,2,trauma,shock,shock03,0,851.43
15,221121_SEFL10k2_trauma_g4,3,trauma,shock,shock03,0,1112.1
16,221121_SEFL10k2_trauma_g4,4,trauma,shock,shock03,0,971.23
17,221121_SEFL10k2_trauma_g5,1,trauma,shock,shock03,0,1705.13
18,221121_SEFL10k2_trauma_g5,2,trauma,shock,shock03,0,1059.13
1,221121_SEFL10k2_trauma_g1,1,trauma,shock,shock04,0,722.53
2,221121_SEFL10k2_trauma_g1,2,trauma,shock,shock04,0,1272.1
3,221121_SEFL10k2_trauma_g1,3,trauma,shock,shock04,0,999.87
4,221121_SEFL10k2_trauma_g1,4,trauma,shock,shock04,0,673.13
5,221121_SEFL10k2_trauma_g2,1,trauma,shock,shock04,0,831.27
6,221121_SEFL10k2_trauma_g2,2,trauma,shock,shock04,0,699.17
7,221121_SEFL10k2_trauma_g2,3,trauma,shock,shock04,0,869.07
8,221121_SEFL10k2_trauma_g2,4,trauma,shock,shock04,0,1112.37
9,221121_SEFL10k2_trauma_g3,1,trauma,shock,shock04,0,1121.9
10,221121_SEFL10k2_trauma_g3,2,trauma,shock,shock04,0,1310
11,221121_SEFL10k2_trauma_g3,3,trauma,shock,shock04,0,861.73
12,221121_SEFL10k2_trauma_g3,4,trauma,shock,shock04,0,607.53
13,221121_SEFL10k2_trauma_g4,1,trauma,shock,shock04,0,1136.73
14,221121_SEFL10k2_trauma_g4,2,trauma,shock,shock04,0,2510.73
15,221121_SEFL10k2_trauma_g4,3,trauma,shock,shock04,0,1109.6
16,221121_SEFL10k2_trauma_g4,4,trauma,shock,shock04,0,1251.17
17,221121_SEFL10k2_trauma_g5,1,trauma,shock,shock04,0,685.93
18,221121_SEFL10k2_trauma_g5,2,trauma,shock,shock04,0,1186.7
1,221121_SEFL10k2_trauma_g1,1,trauma,shock,shock05,0,936.8
2,221121_SEFL10k2_trauma_g1,2,trauma,shock,shock05,0,314.83
3,221121_SEFL10k2_trauma_g1,3,trauma,shock,shock05,0,1714.77
4,221121_SEFL10k2_trauma_g1,4,trauma,shock,shock05,0,1107.97
5,221121_SEFL10k2_trauma_g2,1,trauma,shock,shock05,0,951.57
6,221121_SEFL10k2_trauma_g2,2,trauma,shock,shock05,0,1155.5
7,221121_SEFL10k2_trauma_g2,3,trauma,shock,shock05,0,588.6
8,221121_SEFL10k2_trauma_g2,4,trauma,shock,shock05,0,696.23
9,221121_SEFL10k2_trauma_g3,1,trauma,shock,shock05,0,744.5
10,221121_SEFL10k2_trauma_g3,2,trauma,shock,shock05,0,813.33
11,221121_SEFL10k2_trauma_g3,3,trauma,shock,shock05,0,1307.1
12,221121_SEFL10k2_trauma_g3,4,trauma,shock,shock05,0,737.6
13,221121_SEFL10k2_trauma_g4,1,trauma,shock,shock05,0,926.27
14,221121_SEFL10k2_trauma_g4,2,trauma,shock,shock05,0,1005.37
15,221121_SEFL10k2_trauma_g4,3,trauma,shock,shock05,0,864.83
16,221121_SEFL10k2_trauma_g4,4,trauma,shock,shock05,0,849.3
17,221121_SEFL10k2_trauma_g5,1,trauma,shock,shock05,0,1503.73
18,221121_SEFL10k2_trauma_g5,2,trauma,shock,shock05,0,1182.9
1,221121_SEFL10k2_trauma_g1,1,trauma,shock,shock06,0,817.53
2,221121_SEFL10k2_trauma_g1,2,trauma,shock,shock06,0,1163.53
3,221121_SEFL10k2_trauma_g1,3,trauma,shock,shock06,0,1323.3
4,221121_SEFL10k2_trauma_g1,4,trauma,shock,shock06,0,1365.17
5,221121_SEFL10k2_trauma_g2,1,trauma,shock,shock06,0,678.1
6,221121_SEFL10k2_trauma_g2,2,trauma,shock,shock06,0,888.87
7,221121_SEFL10k2_trauma_g2,3,trauma,shock,shock06,0,390.47
8,221121_SEFL10k2_trauma_g2,4,trauma,shock,shock06,0,521.7
9,221121_SEFL10k2_trauma_g3,1,trauma,shock,shock06,0,1561.37
10,221121_SEFL10k2_trauma_g3,2,trauma,shock,shock06,0,788.03
11,221121_SEFL10k2_trauma_g3,3,trauma,shock,shock06,0,1282.3
12,221121_SEFL10k2_trauma_g3,4,trauma,shock,shock06,0,808.5
13,221121_SEFL10k2_trauma_g4,1,trauma,shock,shock06,0,1632.97
14,221121_SEFL10k2_trauma_g4,2,trauma,shock,shock06,0,1606.43
15,221121_SEFL10k2_trauma_g4,3,trauma,shock,shock06,0,1051.53
16,221121_SEFL10k2_trauma_g4,4,trauma,shock,shock06,0,437.17
17,221121_SEFL10k2_trauma_g5,1,trauma,shock,shock06,0,1014.13
18,221121_SEFL10k2_trauma_g5,2,trauma,shock,shock06,0,710.93
1,221121_SEFL10k2_trauma_g1,1,trauma,shock,shock07,0,576.1
2,221121_SEFL10k2_trauma_g1,2,trauma,shock,shock07,0,370.67
3,221121_SEFL10k2_trauma_g1,3,trauma,shock,shock07,0,1536.3
4,221121_SEFL10k2_trauma_g1,4,trauma,shock,shock07,0,1677.33
5,221121_SEFL10k2_trauma_g2,1,trauma,shock,shock07,0,969.57
6,221121_SEFL10k2_trauma_g2,2,trauma,shock,shock07,0,750.27
7,221121_SEFL10k2_trauma_g2,3,trauma,shock,shock07,0,893.43
8,221121_SEFL10k2_trauma_g2,4,trauma,shock,shock07,0,923.6
9,221121_SEFL10k2_trauma_g3,1,trauma,shock,shock07,0,1007.23
10,221121_SEFL10k2_trauma_g3,2,trauma,shock,shock07,0,543.33
11,221121_SEFL10k2_trauma_g3,3,trauma,shock,shock07,0,1089.5
12,221121_SEFL10k2_trauma_g3,4,trauma,shock,shock07,0,1306.07
13,221121_SEFL10k2_trauma_g4,1,trauma,shock,shock07,0,882.07
14,221121_SEFL10k2_trauma_g4,2,trauma,shock,shock07,0,1405.37
15,221121_SEFL10k2_trauma_g4,3,trauma,shock,shock07,0,1065.57
16,221121_SEFL10k2_trauma_g4,4,trauma,shock,shock07,0,1104.63
17,221121_SEFL10k2_trauma_g5,1,trauma,shock,shock07,0,698.5
18,221121_SEFL10k2_trauma_g5,2,trauma,shock,shock07,0,815.37
1,221121_SEFL10k2_trauma_g1,1,trauma,shock,shock08,0,694.2
2,221121_SEFL10k2_trauma_g1,2,trauma,shock,shock08,0,402.87
3,221121_SEFL10k2_trauma_g1,3,trauma,shock,shock08,0,1272.73
4,221121_SEFL10k2_trauma_g1,4,trauma,shock,shock08,0,1077.57
5,221121_SEFL10k2_trauma_g2,1,trauma,shock,shock08,0,853.1
6,221121_SEFL10k2_trauma_g2,2,trauma,shock,shock08,0,712.07
7,221121_SEFL10k2_trauma_g2,3,trauma,shock,shock08,0,978.33
8,221121_SEFL10k2_trauma_g2,4,trauma,shock,shock08,0,777.73
9,221121_SEFL10k2_trauma_g3,1,trauma,shock,shock08,0,900.03
10,221121_SEFL10k2_trauma_g3,2,trauma,shock,shock08,0,707.17
11,221121_SEFL10k2_trauma_g3,3,trauma,shock,shock08,0,1077.67
12,221121_SEFL10k2_trauma_g3,4,trauma,shock,shock08,0,1244.27
13,221121_SEFL10k2_trauma_g4,1,trauma,shock,shock08,0,821.1
14,221121_SEFL10k2_trauma_g4,2,trauma,shock,shock08,0,1293.67
15,221121_SEFL10k2_trauma_g4,3,trauma,shock,shock08,0,1185.57
16,221121_SEFL10k2_trauma_g4,4,trauma,shock,shock08,0,1269.53
17,221121_SEFL10k2_trauma_g5,1,trauma,shock,shock08,0,669.8
18,221121_SEFL10k2_trauma_g5,2,trauma,shock,shock08,0,1401.6
1,221121_SEFL10k2_trauma_g1,1,trauma,shock,shock09,0,582.33
2,221121_SEFL10k2_trauma_g1,2,trauma,shock,shock09,0,1045
3,221121_SEFL10k2_trauma_g1,3,trauma,shock,shock09,0,1497.97
4,221121_SEFL10k2_trauma_g1,4,trauma,shock,shock09,0,1330.1
5,221121_SEFL10k2_trauma_g2,1,trauma,shock,shock09,0,1115.2
6,221121_SEFL10k2_trauma_g2,2,trauma,shock,shock09,0,601.2
7,221121_SEFL10k2_trauma_g2,3,trauma,shock,shock09,0,563.8
8,221121_SEFL10k2_trauma_g2,4,trauma,shock,shock09,0,528.53
9,221121_SEFL10k2_trauma_g3,1,trauma,shock,shock09,0,1329.67
10,221121_SEFL10k2_trauma_g3,2,trauma,shock,shock09,0,1015.17
11,221121_SEFL10k2_trauma_g3,3,trauma,shock,shock09,0,728.6
12,221121_SEFL10k2_trauma_g3,4,trauma,shock,shock09,0,445.67
13,221121_SEFL10k2_trauma_g4,1,trauma,shock,shock09,0,735.1
14,221121_SEFL10k2_trauma_g4,2,trauma,shock,shock09,0,1118.5
15,221121_SEFL10k2_trauma_g4,3,trauma,shock,shock09,0,792
16,221121_SEFL10k2_trauma_g4,4,trauma,shock,shock09,0,854.67
17,221121_SEFL10k2_trauma_g5,1,trauma,shock,shock09,0,1036.87
18,221121_SEFL10k2_trauma_g5,2,trauma,shock,shock09,0,1183.67
1,221121_SEFL10k2_trauma_g1,1,trauma,shock,shock10,0,974.43
2,221121_SEFL10k2_trauma_g1,2,trauma,shock,shock10,0,1353.27
3,221121_SEFL10k2_trauma_g1,3,trauma,shock,shock10,0,555.13
4,221121_SEFL10k2_trauma_g1,4,trauma,shock,shock10,0,696.1
5,221121_SEFL10k2_trauma_g2,1,trauma,shock,shock10,0,1112.17
6,221121_SEFL10k2_trauma_g2,2,trauma,shock,shock10,0,649.7
7,221121_SEFL10k2_trauma_g2,3,trauma,shock,shock10,0,692.33
8,221121_SEFL10k2_trauma_g2,4,trauma,shock,shock10,0,682.97
9,221121_SEFL10k2_trauma_g3,1,trauma,shock,shock10,0,1124.43
10,221121_SEFL10k2_trauma_g3,2,trauma,shock,shock10,0,980.43
11,221121_SEFL10k2_trauma_g3,3,trauma,shock,shock10,0,1095.7
12,221121_SEFL10k2_trauma_g3,4,trauma,shock,shock10,0,380.63
13,221121_SEFL10k2_trauma_g4,1,trauma,shock,shock10,0,1295.17
14,221121_SEFL10k2_trauma_g4,2,trauma,shock,shock10,0,741.07
15,221121_SEFL10k2_trauma_g4,3,trauma,shock,shock10,0,998.03
16,221121_SEFL10k2_trauma_g4,4,trauma,shock,shock10,0,1371.57
17,221121_SEFL10k2_trauma_g5,1,trauma,shock,shock10,0,1108.23
18,221121_SEFL10k2_trauma_g5,2,trauma,shock,shock10,0,616.1
1,221212_SEFL10K2_traumatest1_g1,1,traumatest,1,avg,41.28,75.91
2,221212_SEFL10K2_traumatest1_g1,2,traumatest,1,avg,12.1,182.19
3,221212_SEFL10K2_traumatest1_g1,3,traumatest,1,avg,50.65,56.15
4,221212_SEFL10K2_traumatest1_g1,4,traumatest,1,avg,25.6,130.94
5,221212_SEFL10K2_traumatest1_g2,1,traumatest,1,avg,8.51,152.73
6,221212_SEFL10K2_traumatest1_g2,2,traumatest,1,avg,60.69,38.54
7,221212_SEFL10K2_traumatest1_g2,3,traumatest,1,avg,33.59,100.46
8,221212_SEFL10K2_traumatest1_g2,4,traumatest,1,avg,26.43,100.6
9,221212_SEFL10K2_traumatest1_g3,1,traumatest,1,avg,74.58,18.85
10,221212_SEFL10K2_traumatest1_g3,2,traumatest,1,avg,64.4,43.85
11,221212_SEFL10K2_traumatest1_g3,3,traumatest,1,avg,16.93,156.09
12,221212_SEFL10K2_traumatest1_g3,4,traumatest,1,avg,8.74,145.26
13,221212_SEFL10K2_traumatest1_g4,1,traumatest,1,avg,18.82,119.08
14,221212_SEFL10K2_traumatest1_g4,2,traumatest,1,avg,3.71,232.6
15,221212_SEFL10K2_traumatest1_g4,3,traumatest,1,avg,14.72,182.14
16,221212_SEFL10K2_traumatest1_g4,4,traumatest,1,avg,60.53,51.99
17,221212_SEFL10K2_traumatest1_g5,1,traumatest,1,avg,29.28,103.77
18,221212_SEFL10K2_traumatest1_g5,2,traumatest,1,avg,26.15,112.65
1,221215_SEFL10K2_traumatest1_g1,1,traumatest,2,avg,9.76,190.75
2,221215_SEFL10K2_traumatest1_g1,2,traumatest,2,avg,30.1,109.54
3,221215_SEFL10K2_traumatest1_g1,3,traumatest,2,avg,45.9,53.96
4,221215_SEFL10K2_traumatest1_g1,4,traumatest,2,avg,10.13,160.46
5,221215_SEFL10K2_traumatest1_g2,1,traumatest,2,avg,46.76,50.08
6,221215_SEFL10K2_traumatest1_g2,2,traumatest,2,avg,7.03,198.23
7,221215_SEFL10K2_traumatest1_g2,3,traumatest,2,avg,28.74,88.34
8,221215_SEFL10K2_traumatest1_g2,4,traumatest,2,avg,16.02,112.2
9,221215_SEFL10K2_traumatest1_g3,1,traumatest,2,avg,60.53,27.88
10,221215_SEFL10K2_traumatest1_g3,2,traumatest,2,avg,22.08,121.35
11,221215_SEFL10K2_traumatest1_g3,3,traumatest,2,avg,3.68,264.72
12,221215_SEFL10K2_traumatest1_g3,4,traumatest,2,avg,13.58,116.93
13,221215_SEFL10K2_traumatest1_g4,1,traumatest,2,avg,7.75,128.65
14,221215_SEFL10K2_traumatest1_g4,2,traumatest,2,avg,18.37,85.24
15,221215_SEFL10K2_traumatest1_g4,3,traumatest,2,avg,47.59,55.31
16,221215_SEFL10K2_traumatest1_g4,4,traumatest,2,avg,36.44,98.52
17,221215_SEFL10K2_traumatest1_g5,1,traumatest,2,avg,12.46,149.79
18,221215_SEFL10K2_traumatest1_g5,2,traumatest,2,avg,30.37,87.91
1,221212_SEFL10K2_traumatest1_g1,1,traumatest,1,min01,29.5,94.91
2,221212_SEFL10K2_traumatest1_g1,2,traumatest,1,min01,0,296.53
3,221212_SEFL10K2_traumatest1_g1,3,traumatest,1,min01,18.11,82.8
4,221212_SEFL10K2_traumatest1_g1,4,traumatest,1,min01,8.94,237.28
5,221212_SEFL10K2_traumatest1_g2,1,traumatest,1,min01,11.5,222.98
6,221212_SEFL10K2_traumatest1_g2,2,traumatest,1,min01,59.06,22.08
7,221212_SEFL10K2_traumatest1_g2,3,traumatest,1,min01,7.94,159.26
8,221212_SEFL10K2_traumatest1_g2,4,traumatest,1,min01,12.94,116.03
9,221212_SEFL10K2_traumatest1_g3,1,traumatest,1,min01,49.06,86.31
10,221212_SEFL10K2_traumatest1_g3,2,traumatest,1,min01,77.56,12.88
11,221212_SEFL10K2_traumatest1_g3,3,traumatest,1,min01,4.11,238.95
12,221212_SEFL10K2_traumatest1_g3,4,traumatest,1,min01,1.78,258.39
13,221212_SEFL10K2_traumatest1_g4,1,traumatest,1,min01,18.61,87.05
14,221212_SEFL10K2_traumatest1_g4,2,traumatest,1,min01,0,394.65
15,221212_SEFL10K2_traumatest1_g4,3,traumatest,1,min01,2.67,268.26
16,221212_SEFL10K2_traumatest1_g4,4,traumatest,1,min01,46.78,108.6
17,221212_SEFL10K2_traumatest1_g5,1,traumatest,1,min01,15.06,157.52
18,221212_SEFL10K2_traumatest1_g5,2,traumatest,1,min01,2,228.24
1,221215_SEFL10K2_traumatest1_g1,1,traumatest,2,min01,1.72,263.23
2,221215_SEFL10K2_traumatest1_g1,2,traumatest,2,min01,23.11,105.82
3,221215_SEFL10K2_traumatest1_g1,3,traumatest,2,min01,20.5,99.08
4,221215_SEFL10K2_traumatest1_g1,4,traumatest,2,min01,3.5,198.29
5,221215_SEFL10K2_traumatest1_g2,1,traumatest,2,min01,49.22,50.62
6,221215_SEFL10K2_traumatest1_g2,2,traumatest,2,min01,0,212.78
7,221215_SEFL10K2_traumatest1_g2,3,traumatest,2,min01,24.17,62.66
8,221215_SEFL10K2_traumatest1_g2,4,traumatest,2,min01,15.17,65.43
9,221215_SEFL10K2_traumatest1_g3,1,traumatest,2,min01,47.5,38.74
10,221215_SEFL10K2_traumatest1_g3,2,traumatest,2,min01,19.78,92.85
11,221215_SEFL10K2_traumatest1_g3,3,traumatest,2,min01,2.5,326.14
12,221215_SEFL10K2_traumatest1_g3,4,traumatest,2,min01,0,132.64
13,221215_SEFL10K2_traumatest1_g4,1,traumatest,2,min01,6.06,117.97
14,221215_SEFL10K2_traumatest1_g4,2,traumatest,2,min01,18.33,54.83
15,221215_SEFL10K2_traumatest1_g4,3,traumatest,2,min01,50.89,30.88
16,221215_SEFL10K2_traumatest1_g4,4,traumatest,2,min01,15.94,217.89
17,221215_SEFL10K2_traumatest1_g5,1,traumatest,2,min01,1.83,166.59
18,221215_SEFL10K2_traumatest1_g5,2,traumatest,2,min01,17.33,112.8
1,221212_SEFL10K2_traumatest1_g1,1,traumatest,1,min02,73.94,18.4
2,221212_SEFL10K2_traumatest1_g1,2,traumatest,1,min02,17.72,209.89
3,221212_SEFL10K2_traumatest1_g1,3,traumatest,1,min02,52.17,89.66
4,221212_SEFL10K2_traumatest1_g1,4,traumatest,1,min02,35.56,66.04
5,221212_SEFL10K2_traumatest1_g2,1,traumatest,1,min02,5.33,147.56
6,221212_SEFL10K2_traumatest1_g2,2,traumatest,1,min02,77.56,10.33
7,221212_SEFL10K2_traumatest1_g2,3,traumatest,1,min02,46.94,45.04
8,221212_SEFL10K2_traumatest1_g2,4,traumatest,1,min02,63.61,22.86
9,221212_SEFL10K2_traumatest1_g3,1,traumatest,1,min02,74.72,8.61
10,221212_SEFL10K2_traumatest1_g3,2,traumatest,1,min02,94.56,1.16
11,221212_SEFL10K2_traumatest1_g3,3,traumatest,1,min02,12.72,173.11
12,221212_SEFL10K2_traumatest1_g3,4,traumatest,1,min02,6.44,90.53
13,221212_SEFL10K2_traumatest1_g4,1,traumatest,1,min02,16.33,76.85
14,221212_SEFL10K2_traumatest1_g4,2,traumatest,1,min02,1.67,182.57
15,221212_SEFL10K2_traumatest1_g4,3,traumatest,1,min02,14.67,230.31
16,221212_SEFL10K2_traumatest1_g4,4,traumatest,1,min02,78.83,9.6
17,221212_SEFL10K2_traumatest1_g5,1,traumatest,1,min02,52,49.96
18,221212_SEFL10K2_traumatest1_g5,2,traumatest,1,min02,18.67,97.47
1,221215_SEFL10K2_traumatest1_g1,1,traumatest,2,min02,7.56,203.42
2,221215_SEFL10K2_traumatest1_g1,2,traumatest,2,min02,20.89,192
3,221215_SEFL10K2_traumatest1_g1,3,traumatest,2,min02,38.89,8.44
4,221215_SEFL10K2_traumatest1_g1,4,traumatest,2,min02,22.11,116.71
5,221215_SEFL10K2_traumatest1_g2,1,traumatest,2,min02,39.89,32.26
6,221215_SEFL10K2_traumatest1_g2,2,traumatest,2,min02,6.89,275.13
7,221215_SEFL10K2_traumatest1_g2,3,traumatest,2,min02,47.94,57.95
8,221215_SEFL10K2_traumatest1_g2,4,traumatest,2,min02,52.17,13.39
9,221215_SEFL10K2_traumatest1_g3,1,traumatest,2,min02,65.11,11.1
10,221215_SEFL10K2_traumatest1_g3,2,traumatest,2,min02,15.44,166.71
11,221215_SEFL10K2_traumatest1_g3,3,traumatest,2,min02,0,286.75
12,221215_SEFL10K2_traumatest1_g3,4,traumatest,2,min02,10.72,122.81
13,221215_SEFL10K2_traumatest1_g4,1,traumatest,2,min02,3.83,135.13
14,221215_SEFL10K2_traumatest1_g4,2,traumatest,2,min02,14.78,93.8
15,221215_SEFL10K2_traumatest1_g4,3,traumatest,2,min02,67.44,8.65
16,221215_SEFL10K2_traumatest1_g4,4,traumatest,2,min02,33.44,118.77
17,221215_SEFL10K2_traumatest1_g5,1,traumatest,2,min02,11.28,129.5
18,221215_SEFL10K2_traumatest1_g5,2,traumatest,2,min02,34.06,70.42
1,221212_SEFL10K2_traumatest1_g1,1,traumatest,1,min03,54.72,11.68
2,221212_SEFL10K2_traumatest1_g1,2,traumatest,1,min03,21.78,203.16
3,221212_SEFL10K2_traumatest1_g1,3,traumatest,1,min03,64.56,25.53
4,221212_SEFL10K2_traumatest1_g1,4,traumatest,1,min03,11.06,237.29
5,221212_SEFL10K2_traumatest1_g2,1,traumatest,1,min03,7.44,174.7
6,221212_SEFL10K2_traumatest1_g2,2,traumatest,1,min03,69.78,18.91
7,221212_SEFL10K2_traumatest1_g2,3,traumatest,1,min03,12.39,172.58
8,221212_SEFL10K2_traumatest1_g2,4,traumatest,1,min03,60.39,13.71
9,221212_SEFL10K2_traumatest1_g3,1,traumatest,1,min03,61.17,34.06
10,221212_SEFL10K2_traumatest1_g3,2,traumatest,1,min03,91.56,2.08
11,221212_SEFL10K2_traumatest1_g3,3,traumatest,1,min03,26.33,182.64
12,221212_SEFL10K2_traumatest1_g3,4,traumatest,1,min03,7.5,238.37
13,221212_SEFL10K2_traumatest1_g4,1,traumatest,1,min03,8.78,173.08
14,221212_SEFL10K2_traumatest1_g4,2,traumatest,1,min03,8.44,170.5
15,221212_SEFL10K2_traumatest1_g4,3,traumatest,1,min03,33,111.26
16,221212_SEFL10K2_traumatest1_g4,4,traumatest,1,min03,83.44,5.76
17,221212_SEFL10K2_traumatest1_g5,1,traumatest,1,min03,67.28,15.55
18,221212_SEFL10K2_traumatest1_g5,2,traumatest,1,min03,36.17,54.7
1,221215_SEFL10K2_traumatest1_g1,1,traumatest,2,min03,11.17,197.53
2,221215_SEFL10K2_traumatest1_g1,2,traumatest,2,min03,24.78,134.13
3,221215_SEFL10K2_traumatest1_g1,3,traumatest,2,min03,48.28,37.03
4,221215_SEFL10K2_traumatest1_g1,4,traumatest,2,min03,25.56,96.91
5,221215_SEFL10K2_traumatest1_g2,1,traumatest,2,min03,21.56,112.87
6,221215_SEFL10K2_traumatest1_g2,2,traumatest,2,min03,8.61,144.5
7,221215_SEFL10K2_traumatest1_g2,3,traumatest,2,min03,36.83,81.82
8,221215_SEFL10K2_traumatest1_g2,4,traumatest,2,min03,2.78,154.45
9,221215_SEFL10K2_traumatest1_g3,1,traumatest,2,min03,52.61,55.11
10,221215_SEFL10K2_traumatest1_g3,2,traumatest,2,min03,15.61,155.29
11,221215_SEFL10K2_traumatest1_g3,3,traumatest,2,min03,2,230.78
12,221215_SEFL10K2_traumatest1_g3,4,traumatest,2,min03,15.44,97.58
13,221215_SEFL10K2_traumatest1_g4,1,traumatest,2,min03,12.5,120.58
14,221215_SEFL10K2_traumatest1_g4,2,traumatest,2,min03,21.11,98.1
15,221215_SEFL10K2_traumatest1_g4,3,traumatest,2,min03,79.06,4.45
16,221215_SEFL10K2_traumatest1_g4,4,traumatest,2,min03,60.94,45.26
17,221215_SEFL10K2_traumatest1_g5,1,traumatest,2,min03,21.72,141.38
18,221215_SEFL10K2_traumatest1_g5,2,traumatest,2,min03,43.06,35.43
1,221212_SEFL10K2_traumatest1_g1,1,traumatest,1,min04,25.72,111.26
2,221212_SEFL10K2_traumatest1_g1,2,traumatest,1,min04,10.11,88.11
3,221212_SEFL10K2_traumatest1_g1,3,traumatest,1,min04,77.83,8.38
4,221212_SEFL10K2_traumatest1_g1,4,traumatest,1,min04,32.39,84.56
5,221212_SEFL10K2_traumatest1_g2,1,traumatest,1,min04,14.72,177.5
6,221212_SEFL10K2_traumatest1_g2,2,traumatest,1,min04,74.61,8.93
7,221212_SEFL10K2_traumatest1_g2,3,traumatest,1,min04,23.39,151.56
8,221212_SEFL10K2_traumatest1_g2,4,traumatest,1,min04,11.78,111.63
9,221212_SEFL10K2_traumatest1_g3,1,traumatest,1,min04,84.5,3.24
10,221212_SEFL10K2_traumatest1_g3,2,traumatest,1,min04,89.94,3.32
11,221212_SEFL10K2_traumatest1_g3,3,traumatest,1,min04,23.17,114.84
12,221212_SEFL10K2_traumatest1_g3,4,traumatest,1,min04,9.56,110.24
13,221212_SEFL10K2_traumatest1_g4,1,traumatest,1,min04,5.78,154.32
14,221212_SEFL10K2_traumatest1_g4,2,traumatest,1,min04,1.83,279.19
15,221212_SEFL10K2_traumatest1_g4,3,traumatest,1,min04,43.94,44.64
16,221212_SEFL10K2_traumatest1_g4,4,traumatest,1,min04,48,63.08
17,221212_SEFL10K2_traumatest1_g5,1,traumatest,1,min04,29.06,101.09
18,221212_SEFL10K2_traumatest1_g5,2,traumatest,1,min04,14.06,178.94
1,221215_SEFL10K2_traumatest1_g1,1,traumatest,2,min04,17.22,186.63
2,221215_SEFL10K2_traumatest1_g1,2,traumatest,2,min04,18.17,121.38
3,221215_SEFL10K2_traumatest1_g1,3,traumatest,2,min04,23.22,111.02
4,221215_SEFL10K2_traumatest1_g1,4,traumatest,2,min04,11.22,152.62
5,221215_SEFL10K2_traumatest1_g2,1,traumatest,2,min04,74,20.54
6,221215_SEFL10K2_traumatest1_g2,2,traumatest,2,min04,8,220.38
7,221215_SEFL10K2_traumatest1_g2,3,traumatest,2,min04,25.06,125.01
8,221215_SEFL10K2_traumatest1_g2,4,traumatest,2,min04,6.78,161.49
9,221215_SEFL10K2_traumatest1_g3,1,traumatest,2,min04,57.17,32.36
10,221215_SEFL10K2_traumatest1_g3,2,traumatest,2,min04,43.83,67.42
11,221215_SEFL10K2_traumatest1_g3,3,traumatest,2,min04,4.39,249.99
12,221215_SEFL10K2_traumatest1_g3,4,traumatest,2,min04,10.39,133.1
13,221215_SEFL10K2_traumatest1_g4,1,traumatest,2,min04,11.56,121.78
14,221215_SEFL10K2_traumatest1_g4,2,traumatest,2,min04,20.78,67.3
15,221215_SEFL10K2_traumatest1_g4,3,traumatest,2,min04,8.89,142.32
16,221215_SEFL10K2_traumatest1_g4,4,traumatest,2,min04,26.28,125.31
17,221215_SEFL10K2_traumatest1_g5,1,traumatest,2,min04,18.78,124.48
18,221215_SEFL10K2_traumatest1_g5,2,traumatest,2,min04,61.06,12.94
1,221212_SEFL10K2_traumatest1_g1,1,traumatest,1,min05,34.33,87.48
2,221212_SEFL10K2_traumatest1_g1,2,traumatest,1,min05,16.44,162.33
3,221212_SEFL10K2_traumatest1_g1,3,traumatest,1,min05,42.22,74.46
4,221212_SEFL10K2_traumatest1_g1,4,traumatest,1,min05,16,133.56
5,221212_SEFL10K2_traumatest1_g2,1,traumatest,1,min05,11.5,92.92
6,221212_SEFL10K2_traumatest1_g2,2,traumatest,1,min05,56.33,43.53
7,221212_SEFL10K2_traumatest1_g2,3,traumatest,1,min05,40.83,90.94
8,221212_SEFL10K2_traumatest1_g2,4,traumatest,1,min05,17.11,131.35
9,221212_SEFL10K2_traumatest1_g3,1,traumatest,1,min05,87.78,2.52
10,221212_SEFL10K2_traumatest1_g3,2,traumatest,1,min05,66.89,15.49
11,221212_SEFL10K2_traumatest1_g3,3,traumatest,1,min05,13.5,177.31
12,221212_SEFL10K2_traumatest1_g3,4,traumatest,1,min05,22.94,92.68
13,221212_SEFL10K2_traumatest1_g4,1,traumatest,1,min05,4.06,182.77
14,221212_SEFL10K2_traumatest1_g4,2,traumatest,1,min05,7.83,202.47
15,221212_SEFL10K2_traumatest1_g4,3,traumatest,1,min05,10.39,150.31
16,221212_SEFL10K2_traumatest1_g4,4,traumatest,1,min05,67,18.01
17,221212_SEFL10K2_traumatest1_g5,1,traumatest,1,min05,21.72,123.29
18,221212_SEFL10K2_traumatest1_g5,2,traumatest,1,min05,45.33,55.65
1,221215_SEFL10K2_traumatest1_g1,1,traumatest,2,min05,14.22,187.24
2,221215_SEFL10K2_traumatest1_g1,2,traumatest,2,min05,58.72,31.84
3,221215_SEFL10K2_traumatest1_g1,3,traumatest,2,min05,57.67,50.38
4,221215_SEFL10K2_traumatest1_g1,4,traumatest,2,min05,0,188.22
5,221215_SEFL10K2_traumatest1_g2,1,traumatest,2,min05,51.17,46.94
6,221215_SEFL10K2_traumatest1_g2,2,traumatest,2,min05,13.72,222.3
7,221215_SEFL10K2_traumatest1_g2,3,traumatest,2,min05,11.61,124.38
8,221215_SEFL10K2_traumatest1_g2,4,traumatest,2,min05,3.72,146.49
9,221215_SEFL10K2_traumatest1_g3,1,traumatest,2,min05,58.33,19.91
10,221215_SEFL10K2_traumatest1_g3,2,traumatest,2,min05,21.06,105.38
11,221215_SEFL10K2_traumatest1_g3,3,traumatest,2,min05,1.72,210.33
12,221215_SEFL10K2_traumatest1_g3,4,traumatest,2,min05,20.78,144.35
13,221215_SEFL10K2_traumatest1_g4,1,traumatest,2,min05,10.33,138.25
14,221215_SEFL10K2_traumatest1_g4,2,traumatest,2,min05,9.67,164.14
15,221215_SEFL10K2_traumatest1_g4,3,traumatest,2,min05,18.06,102.28
16,221215_SEFL10K2_traumatest1_g4,4,traumatest,2,min05,41.89,52.02
17,221215_SEFL10K2_traumatest1_g5,1,traumatest,2,min05,12.5,182.66
18,221215_SEFL10K2_traumatest1_g5,2,traumatest,2,min05,20.61,129.51
1,221212_SEFL10K2_traumatest1_g1,1,traumatest,1,min06,29.56,125.75
2,221212_SEFL10K2_traumatest1_g1,2,traumatest,1,min06,6.72,175.32
3,221212_SEFL10K2_traumatest1_g1,3,traumatest,1,min06,16.28,106.87
4,221212_SEFL10K2_traumatest1_g1,4,traumatest,1,min06,27.17,119.2
5,221212_SEFL10K2_traumatest1_g2,1,traumatest,1,min06,9.67,117.61
6,221212_SEFL10K2_traumatest1_g2,2,traumatest,1,min06,10.78,174.82
7,221212_SEFL10K2_traumatest1_g2,3,traumatest,1,min06,55.94,50.25
8,221212_SEFL10K2_traumatest1_g2,4,traumatest,1,min06,25.83,63.5
9,221212_SEFL10K2_traumatest1_g3,1,traumatest,1,min06,83.94,3.12
10,221212_SEFL10K2_traumatest1_g3,2,traumatest,1,min06,27,117.81
11,221212_SEFL10K2_traumatest1_g3,3,traumatest,1,min06,26,106.73
12,221212_SEFL10K2_traumatest1_g3,4,traumatest,1,min06,7.61,157.22
13,221212_SEFL10K2_traumatest1_g4,1,traumatest,1,min06,7.94,167.34
14,221212_SEFL10K2_traumatest1_g4,2,traumatest,1,min06,6.11,232.78
15,221212_SEFL10K2_traumatest1_g4,3,traumatest,1,min06,1.94,235.16
16,221212_SEFL10K2_traumatest1_g4,4,traumatest,1,min06,67.78,36.52
17,221212_SEFL10K2_traumatest1_g5,1,traumatest,1,min06,25.61,114.85
18,221212_SEFL10K2_traumatest1_g5,2,traumatest,1,min06,21.22,75.39
1,221215_SEFL10K2_traumatest1_g1,1,traumatest,2,min06,11.33,113.23
2,221215_SEFL10K2_traumatest1_g1,2,traumatest,2,min06,37.83,102.23
3,221215_SEFL10K2_traumatest1_g1,3,traumatest,2,min06,47.89,53.78
4,221215_SEFL10K2_traumatest1_g1,4,traumatest,2,min06,2,197.6
5,221215_SEFL10K2_traumatest1_g2,1,traumatest,2,min06,70.56,7.74
6,221215_SEFL10K2_traumatest1_g2,2,traumatest,2,min06,9.28,115.9
7,221215_SEFL10K2_traumatest1_g2,3,traumatest,2,min06,18.72,123.63
8,221215_SEFL10K2_traumatest1_g2,4,traumatest,2,min06,6.28,118.15
9,221215_SEFL10K2_traumatest1_g3,1,traumatest,2,min06,83.67,3.81
10,221215_SEFL10K2_traumatest1_g3,2,traumatest,2,min06,16.72,142.25
11,221215_SEFL10K2_traumatest1_g3,3,traumatest,2,min06,3.94,334.41
12,221215_SEFL10K2_traumatest1_g3,4,traumatest,2,min06,17.72,79.79
13,221215_SEFL10K2_traumatest1_g4,1,traumatest,2,min06,3.17,102.38
14,221215_SEFL10K2_traumatest1_g4,2,traumatest,2,min06,17.5,70.5
15,221215_SEFL10K2_traumatest1_g4,3,traumatest,2,min06,49.06,82.21
16,221215_SEFL10K2_traumatest1_g4,4,traumatest,2,min06,29.61,86.4
17,221215_SEFL10K2_traumatest1_g5,1,traumatest,2,min06,12.72,139.84
18,221215_SEFL10K2_traumatest1_g5,2,traumatest,2,min06,19.22,106.57
1,221212_SEFL10K2_traumatest1_g1,1,traumatest,1,min07,46.72,67.37
2,221212_SEFL10K2_traumatest1_g1,2,traumatest,1,min07,15.83,146.38
3,221212_SEFL10K2_traumatest1_g1,3,traumatest,1,min07,52.22,39.29
4,221212_SEFL10K2_traumatest1_g1,4,traumatest,1,min07,37.44,66.29
5,221212_SEFL10K2_traumatest1_g2,1,traumatest,1,min07,0,181.12
6,221212_SEFL10K2_traumatest1_g2,2,traumatest,1,min07,53.44,22.28
7,221212_SEFL10K2_traumatest1_g2,3,traumatest,1,min07,42.39,45
8,221212_SEFL10K2_traumatest1_g2,4,traumatest,1,min07,5.44,158.27
9,221212_SEFL10K2_traumatest1_g3,1,traumatest,1,min07,73.67,6.28
10,221212_SEFL10K2_traumatest1_g3,2,traumatest,1,min07,48.83,63.03
11,221212_SEFL10K2_traumatest1_g3,3,traumatest,1,min07,14.22,172.32
12,221212_SEFL10K2_traumatest1_g3,4,traumatest,1,min07,5.83,96.09
13,221212_SEFL10K2_traumatest1_g4,1,traumatest,1,min07,54.89,28.25
14,221212_SEFL10K2_traumatest1_g4,2,traumatest,1,min07,1.83,184.9
15,221212_SEFL10K2_traumatest1_g4,3,traumatest,1,min07,5.83,198.35
16,221212_SEFL10K2_traumatest1_g4,4,traumatest,1,min07,46.78,76.59
17,221212_SEFL10K2_traumatest1_g5,1,traumatest,1,min07,17.11,89.28
18,221212_SEFL10K2_traumatest1_g5,2,traumatest,1,min07,23.06,159.79
1,221215_SEFL10K2_traumatest1_g1,1,traumatest,2,min07,9.72,188.56
2,221215_SEFL10K2_traumatest1_g1,2,traumatest,2,min07,31.28,88.92
3,221215_SEFL10K2_traumatest1_g1,3,traumatest,2,min07,74.67,6.85
4,221215_SEFL10K2_traumatest1_g1,4,traumatest,2,min07,4.22,167.43
5,221215_SEFL10K2_traumatest1_g2,1,traumatest,2,min07,31.5,71.84
6,221215_SEFL10K2_traumatest1_g2,2,traumatest,2,min07,4.5,205.36
7,221215_SEFL10K2_traumatest1_g2,3,traumatest,2,min07,42.06,77.69
8,221215_SEFL10K2_traumatest1_g2,4,traumatest,2,min07,12.83,130.41
9,221215_SEFL10K2_traumatest1_g3,1,traumatest,2,min07,42.17,54.41
10,221215_SEFL10K2_traumatest1_g3,2,traumatest,2,min07,24.11,125.09
11,221215_SEFL10K2_traumatest1_g3,3,traumatest,2,min07,1.94,226.1
12,221215_SEFL10K2_traumatest1_g3,4,traumatest,2,min07,6.06,167.03
13,221215_SEFL10K2_traumatest1_g4,1,traumatest,2,min07,6.22,141.66
14,221215_SEFL10K2_traumatest1_g4,2,traumatest,2,min07,23.33,46.17
15,221215_SEFL10K2_traumatest1_g4,3,traumatest,2,min07,46.72,55.53
16,221215_SEFL10K2_traumatest1_g4,4,traumatest,2,min07,38.17,63.3
17,221215_SEFL10K2_traumatest1_g5,1,traumatest,2,min07,11.72,144.07
18,221215_SEFL10K2_traumatest1_g5,2,traumatest,2,min07,19.06,140.41
1,221212_SEFL10K2_traumatest1_g1,1,traumatest,1,min08,33.72,90.44
2,221212_SEFL10K2_traumatest1_g1,2,traumatest,1,min08,8.17,175.81
3,221212_SEFL10K2_traumatest1_g1,3,traumatest,1,min08,79.44,22.23
4,221212_SEFL10K2_traumatest1_g1,4,traumatest,1,min08,29.78,103.32
5,221212_SEFL10K2_traumatest1_g2,1,traumatest,1,min08,7.89,107.44
6,221212_SEFL10K2_traumatest1_g2,2,traumatest,1,min08,79.56,7.47
7,221212_SEFL10K2_traumatest1_g2,3,traumatest,1,min08,38.89,89.04
8,221212_SEFL10K2_traumatest1_g2,4,traumatest,1,min08,8.33,187.42
9,221212_SEFL10K2_traumatest1_g3,1,traumatest,1,min08,79.33,6.67
10,221212_SEFL10K2_traumatest1_g3,2,traumatest,1,min08,18.89,135.04
11,221212_SEFL10K2_traumatest1_g3,3,traumatest,1,min08,14.39,82.83
12,221212_SEFL10K2_traumatest1_g3,4,traumatest,1,min08,8.22,118.55
13,221212_SEFL10K2_traumatest1_g4,1,traumatest,1,min08,32.33,83.01
14,221212_SEFL10K2_traumatest1_g4,2,traumatest,1,min08,1.94,213.71
15,221212_SEFL10K2_traumatest1_g4,3,traumatest,1,min08,5.33,218.85
16,221212_SEFL10K2_traumatest1_g4,4,traumatest,1,min08,43.17,97.74
17,221212_SEFL10K2_traumatest1_g5,1,traumatest,1,min08,5.72,178.66
18,221212_SEFL10K2_traumatest1_g5,2,traumatest,1,min08,48.56,51
1,221215_SEFL10K2_traumatest1_g1,1,traumatest,2,min08,3.67,186.12
2,221215_SEFL10K2_traumatest1_g1,2,traumatest,2,min08,22.06,99.98
3,221215_SEFL10K2_traumatest1_g1,3,traumatest,2,min08,55.78,65.14
4,221215_SEFL10K2_traumatest1_g1,4,traumatest,2,min08,8.44,165.91
5,221215_SEFL10K2_traumatest1_g2,1,traumatest,2,min08,34.11,57.84
6,221215_SEFL10K2_traumatest1_g2,2,traumatest,2,min08,3.33,189.5
7,221215_SEFL10K2_traumatest1_g2,3,traumatest,2,min08,22.89,53.58
8,221215_SEFL10K2_traumatest1_g2,4,traumatest,2,min08,28,107.83
9,221215_SEFL10K2_traumatest1_g3,1,traumatest,2,min08,75.39,7.59
10,221215_SEFL10K2_traumatest1_g3,2,traumatest,2,min08,19.94,115.81
11,221215_SEFL10K2_traumatest1_g3,3,traumatest,2,min08,12.94,253.25
12,221215_SEFL10K2_traumatest1_g3,4,traumatest,2,min08,27.56,58.16
13,221215_SEFL10K2_traumatest1_g4,1,traumatest,2,min08,4.44,151.42
14,221215_SEFL10K2_traumatest1_g4,2,traumatest,2,min08,20.72,87.11
15,221215_SEFL10K2_traumatest1_g4,3,traumatest,2,min08,58.83,16.2
16,221215_SEFL10K2_traumatest1_g4,4,traumatest,2,min08,44.56,79.23
17,221215_SEFL10K2_traumatest1_g5,1,traumatest,2,min08,9.06,169.82
18,221215_SEFL10K2_traumatest1_g5,2,traumatest,2,min08,24.94,95.17