Animal,File,Box,phase,subphase,component,freezing,motion
1,20201011_SEFL_07c_mild_stressor4_g1,1,mildstressor,4,bl,22.22,43.02
1,20201010_mild_stressor3_g1,1,mildstressor,3,bl,23.22,78.28
1,20201012_SEFL_07c_mild_stressor5_g1,1,mildstressor,5,bl,6.22,135.07
1,20201013_SEFL_07c_mild_stressor6_g1,1,mildstressor,6,bl,4.56,149.56
1,20201014_SEFL_07c_mildstressor7_g1,1,mildstressor,7,bl,0,178.53
1,20201008_SEFL_7c_mild_stressor1_g1,1,mildstressor,1,bl,0,236.07
2,20201008_SEFL_7c_mild_stressor1_g1,2,mildstressor,1,bl,100,0
2,20201010_mild_stressor3_g1,2,mildstressor,3,bl,100,0
2,20201012_SEFL_07c_mild_stressor5_g1,2,mildstressor,5,bl,100,0
2,20201013_SEFL_07c_mild_stressor6_g1,2,mildstressor,6,bl,100,0
2,20201014_SEFL_07c_mildstressor7_g1,2,mildstressor,7,bl,100,0
2,20201011_SEFL_07c_mild_stressor4_g1,2,mildstressor,4,bl,100,0.01
3,20201010_mild_stressor3_g1,3,mildstressor,3,bl,10,101.33
3,20201013_SEFL_07c_mild_stressor6_g1,3,mildstressor,6,bl,13.44,143.31
3,20201014_SEFL_07c_mildstressor7_g1,3,mildstressor,7,bl,0,227.35
3,20201011_SEFL_07c_mild_stressor4_g1,3,mildstressor,4,bl,6.78,235.93
3,20201012_SEFL_07c_mild_stressor5_g1,3,mildstressor,5,bl,0,264.52
3,20201008_SEFL_7c_mild_stressor1_g1,3,mildstressor,1,bl,0,450.06
4,20201014_SEFL_07c_mildstressor7_g1,4,mildstressor,7,bl,0,178.24
4,20201010_mild_stressor3_g1,4,mildstressor,3,bl,0,222.61
4,20201011_SEFL_07c_mild_stressor4_g1,4,mildstressor,4,bl,0,239.94
4,20201013_SEFL_07c_mild_stressor6_g1,4,mildstressor,6,bl,0,250.54
4,20201012_SEFL_07c_mild_stressor5_g1,4,mildstressor,5,bl,0,251.77
4,20201008_SEFL_7c_mild_stressor1_g1,4,mildstressor,1,bl,0,274.7
5,20201011_SEFL_07c_mild_stressor4_g2,1,mildstressor,4,bl,0,167.5
5,20201014_SEFL_07c_mildstressor7_g2,1,mildstressor,7,bl,3.67,173.43
5,20201013_SEFL_07c_mild_stressor6_g2,1,mildstressor,6,bl,3.44,231.24
5,20201010_SEFL_7c_mild_stressor3_g2,1,mildstressor,3,bl,0,282.96
5,20201009_mildstressor_2_g2,1,mildstressor,2,bl,0,311.67
5,20201012_SEFL_07c_mild_stressor5_g2,1,mildstressor,5,bl,0,343.16
5,20201008_SEFL_7c_mild_stressor1_g2,1,mildstressor,1,bl,0,351.06
6,20201011_SEFL_07c_mild_stressor4_g2,2,mildstressor,4,bl,5.56,85.94
6,20201012_SEFL_07c_mild_stressor5_g2,2,mildstressor,5,bl,9,132.79
6,20201014_SEFL_07c_mildstressor7_g2,2,mildstressor,7,bl,6.89,137.45
6,20201010_SEFL_7c_mild_stressor3_g2,2,mildstressor,3,bl,0,145.24
6,20201013_SEFL_07c_mild_stressor6_g2,2,mildstressor,6,bl,0,206.54
6,20201009_mildstressor_2_g2,2,mildstressor,2,bl,0,239.83
6,20201008_SEFL_7c_mild_stressor1_g2,2,mildstressor,1,bl,0,348.53
7,20201014_SEFL_07c_mildstressor7_g2,3,mildstressor,7,bl,0,177
7,20201012_SEFL_07c_mild_stressor5_g2,3,mildstressor,5,bl,0,192.19
7,20201013_SEFL_07c_mild_stressor6_g2,3,mildstressor,6,bl,0,192.45
7,20201010_SEFL_7c_mild_stressor3_g2,3,mildstressor,3,bl,0,217.96
7,20201009_mildstressor_2_g2,3,mildstressor,2,bl,0,227.93
7,20201011_SEFL_07c_mild_stressor4_g2,3,mildstressor,4,bl,0,279.54
7,20201008_SEFL_7c_mild_stressor1_g2,3,mildstressor,1,bl,0,421.96
8,20201013_SEFL_07c_mild_stressor6_g2,4,mildstressor,6,bl,0,125.73
8,20201012_SEFL_07c_mild_stressor5_g2,4,mildstressor,5,bl,0,256.87
8,20201009_mildstressor_2_g2,4,mildstressor,2,bl,0,269.97
8,20201014_SEFL_07c_mildstressor7_g2,4,mildstressor,7,bl,0,275.99
8,20201010_SEFL_7c_mild_stressor3_g2,4,mildstressor,3,bl,0,278.39
8,20201011_SEFL_07c_mild_stressor4_g2,4,mildstressor,4,bl,0,293.36
8,20201008_SEFL_7c_mild_stressor1_g2,4,mildstressor,1,bl,0,407.74
9,20201010_SEFL_7c_mild_stressor3_g3,1,mildstressor,3,bl,16,90.25
9,20201011_SEFL_07c_mild_stressor4_g3,1,mildstressor,4,bl,12.78,113.52
9,20201014_SEFL_07c_mildstressor7_g3,1,mildstressor,7,bl,0,172.99
9,20201013_SEFL_07c_mild_stressor6_g3,1,mildstressor,6,bl,3.33,175.71
9,20201012_SEFL_07c_mild_stressor5_g3,1,mildstressor,5,bl,0,202.14
9,20201009_mildstressor_2_g3,1,mildstressor,2,bl,0,202.79
9,20201008_SEFL_7c_mild_stressor1_g3,1,mildstressor,1,bl,0,407.87
10,20201011_SEFL_07c_mild_stressor4_g3,2,mildstressor,4,bl,37,23.68
10,20201009_mildstressor_2_g3,2,mildstressor,2,bl,15.44,109.19
10,20201010_SEFL_7c_mild_stressor3_g3,2,mildstressor,3,bl,10.67,162.09
10,20201014_SEFL_07c_mildstressor7_g3,2,mildstressor,7,bl,3.78,169.18
10,20201013_SEFL_07c_mild_stressor6_g3,2,mildstressor,6,bl,7.89,190.04
10,20201012_SEFL_07c_mild_stressor5_g3,2,mildstressor,5,bl,0,282.67
10,20201008_SEFL_7c_mild_stressor1_g3,2,mildstressor,1,bl,0,402.52
11,20201009_mildstressor_2_g3,3,mildstressor,2,bl,3.89,163.98
11,20201012_SEFL_07c_mild_stressor5_g3,3,mildstressor,5,bl,0,215.33
11,20201010_SEFL_7c_mild_stressor3_g3,3,mildstressor,3,bl,0,216.24
11,20201014_SEFL_07c_mildstressor7_g3,3,mildstressor,7,bl,0,235.05
11,20201013_SEFL_07c_mild_stressor6_g3,3,mildstressor,6,bl,0,237.06
11,20201011_SEFL_07c_mild_stressor4_g3,3,mildstressor,4,bl,0,277.64
11,20201008_SEFL_7c_mild_stressor1_g3,3,mildstressor,1,bl,0,353.71
12,20201013_SEFL_07c_mild_stressor6_g3,4,mildstressor,6,bl,0,236.41
12,20201009_mildstressor_2_g3,4,mildstressor,2,bl,0,265.58
12,20201014_SEFL_07c_mildstressor7_g3,4,mildstressor,7,bl,0,309.47
12,20201011_SEFL_07c_mild_stressor4_g3,4,mildstressor,4,bl,0,325.19
12,20201010_SEFL_7c_mild_stressor3_g3,4,mildstressor,3,bl,0,325.45
12,20201012_SEFL_07c_mild_stressor5_g3,4,mildstressor,5,bl,0,351.85
12,20201008_SEFL_7c_mild_stressor1_g3,4,mildstressor,1,bl,0,404.97
13,20201014_SEFL_07c_mildstressor7_g4,1,mildstressor,7,bl,0,106.81
13,20201012_SEFL_07c_mild_stressor5_g4,1,mildstressor,5,bl,0,157.12
13,20201011_SEFL_07c_mild_stressor4_g4,1,mildstressor,4,bl,0,163.63
13,20201010_SEFL_7c_mild_stressor3_g4,1,mildstressor,3,bl,0,246.04
13,20201009_mildstressor_2_g4,1,mildstressor,2,bl,0,246.27
13,20201013_SEFL_07c_mild_stressor6_g4,1,mildstressor,6,bl,0,297.68
13,20201008_SEFL_7c_mild_stressor1_g4,1,mildstressor,1,bl,0,390.35
14,20201012_SEFL_07c_mild_stressor5_g4,2,mildstressor,5,bl,8.78,41.05
14,20201011_SEFL_07c_mild_stressor4_g4,2,mildstressor,4,bl,0,98.93
14,20201014_SEFL_07c_mildstressor7_g4,2,mildstressor,7,bl,25.56,134.6
14,20201010_SEFL_7c_mild_stressor3_g4,2,mildstressor,3,bl,7.56,165.11
14,20201013_SEFL_07c_mild_stressor6_g4,2,mildstressor,6,bl,0,277.16
14,20201009_mildstressor_2_g4,2,mildstressor,2,bl,0,312.53
14,20201008_SEFL_7c_mild_stressor1_g4,2,mildstressor,1,bl,0,376.02
15,20201009_mildstressor_2_g4,3,mildstressor,2,bl,0,180.26
15,20201010_SEFL_7c_mild_stressor3_g4,3,mildstressor,3,bl,0,201.93
15,20201012_SEFL_07c_mild_stressor5_g4,3,mildstressor,5,bl,0,223.69
15,20201011_SEFL_07c_mild_stressor4_g4,3,mildstressor,4,bl,0,227.54
15,20201013_SEFL_07c_mild_stressor6_g4,3,mildstressor,6,bl,0,276.04
15,20201014_SEFL_07c_mildstressor7_g4,3,mildstressor,7,bl,0,277.96
15,20201008_SEFL_7c_mild_stressor1_g4,3,mildstressor,1,bl,0,379.56
16,20201014_SEFL_07c_mildstressor7_g4,4,mildstressor,7,bl,0,248.1
16,20201009_mildstressor_2_g4,4,mildstressor,2,bl,0,263.85
16,20201012_SEFL_07c_mild_stressor5_g4,4,mildstressor,5,bl,0,279.06
16,20201013_SEFL_07c_mild_stressor6_g4,4,mildstressor,6,bl,0,287.19
16,20201010_SEFL_7c_mild_stressor3_g4,4,mildstressor,3,bl,0,297.08
16,20201011_SEFL_07c_mild_stressor4_g4,4,mildstressor,4,bl,0,303.88
16,20201008_SEFL_7c_mild_stressor1_g4,4,mildstressor,1,bl,0,355.39
17,20201010_SEFL_7c_mild_stressor3_g5,1,mildstressor,3,bl,0,170.62
17,20201011_SEFL_07c_mild_stressor4_g5,1,mildstressor,4,bl,0,211.74
17,20201014_SEFL_07c_mildstressor7_g5,1,mildstressor,7,bl,0,229.19
17,20201009_mildstressor_2_g5,1,mildstressor,2,bl,0,238.82
17,20201013_SEFL_07c_mild_stressor6_g5,1,mildstressor,6,bl,0,260.52
17,20201012_SEFL_07c_mild_stressor5_g5,1,mildstressor,5,bl,0,312.9
17,20201008_SEFL_7c_mild_stressor1_g5,1,mildstressor,1,bl,0,423.79
18,20201011_SEFL_07c_mild_stressor4_g5,2,mildstressor,4,bl,5.11,153.54
18,20201013_SEFL_07c_mild_stressor6_g5,2,mildstressor,6,bl,0,177.49
18,20201012_SEFL_07c_mild_stressor5_g5,2,mildstressor,5,bl,0,183.39
18,20201014_SEFL_07c_mildstressor7_g5,2,mildstressor,7,bl,0,223.71
18,20201010_SEFL_7c_mild_stressor3_g5,2,mildstressor,3,bl,0,280.26
18,20201009_mildstressor_2_g5,2,mildstressor,2,bl,0,288.2
18,20201008_SEFL_7c_mild_stressor1_g5,2,mildstressor,1,bl,0,370.64
19,20201011_SEFL_07c_mild_stressor4_g5,3,mildstressor,4,bl,0,183.35
19,20201009_mildstressor_2_g5,3,mildstressor,2,bl,4.44,210.3
19,20201014_SEFL_07c_mildstressor7_g5,3,mildstressor,7,bl,0,212.68
19,20201010_SEFL_7c_mild_stressor3_g5,3,mildstressor,3,bl,0,234.61
19,20201012_SEFL_07c_mild_stressor5_g5,3,mildstressor,5,bl,0,285.95
19,20201013_SEFL_07c_mild_stressor6_g5,3,mildstressor,6,bl,0,302.18
19,20201008_SEFL_7c_mild_stressor1_g5,3,mildstressor,1,bl,0,416.16
20,20201012_SEFL_07c_mild_stressor5_g5,4,mildstressor,5,bl,0,250.83
20,20201013_SEFL_07c_mild_stressor6_g5,4,mildstressor,6,bl,0,266.31
20,20201011_SEFL_07c_mild_stressor4_g5,4,mildstressor,4,bl,0,303.2
20,20201014_SEFL_07c_mildstressor7_g5,4,mildstressor,7,bl,0,311.51
20,20201010_SEFL_7c_mild_stressor3_g5,4,mildstressor,3,bl,0,323.88
20,20201009_mildstressor_2_g5,4,mildstressor,2,bl,0,334.13
20,20201008_SEFL_7c_mild_stressor1_g5,4,mildstressor,1,bl,0,404.71
21,20201010_SEFL_7c_mild_stressor3_g6,1,mildstressor,3,bl,8.89,162.63
21,20201014_SEFL_07c_mildstressor7_g6,1,mildstressor,7,bl,0,165.1
21,20201011_SEFL_07c_mild_stressor4_g6,1,mildstressor,4,bl,0,199.45
21,20201009_mildstressor_2_g6,1,mildstressor,2,bl,0,200.59
21,20201012_SEFL_07c_mild_stressor5_g6,1,mildstressor,5,bl,4.33,223.4
21,20201013_SEFL_07c_mild_stressor6_g6,1,mildstressor,6,bl,0,239.76
21,20201008_SEFL_7c_mild_stressor1_g6,1,mildstressor,1,bl,0,425.17
22,20201011_SEFL_07c_mild_stressor4_g6,2,mildstressor,4,bl,29.22,71
22,20201010_SEFL_7c_mild_stressor3_g6,2,mildstressor,3,bl,28.56,76.04
22,20201012_SEFL_07c_mild_stressor5_g6,2,mildstressor,5,bl,9.78,90.37
22,20201013_SEFL_07c_mild_stressor6_g6,2,mildstressor,6,bl,26.11,91.1
22,20201014_SEFL_07c_mildstressor7_g6,2,mildstressor,7,bl,4.44,189.18
22,20201009_mildstressor_2_g6,2,mildstressor,2,bl,9.67,207.28
22,20201008_SEFL_7c_mild_stressor1_g6,2,mildstressor,1,bl,0,350.57
23,20201010_SEFL_7c_mild_stressor3_g6,3,mildstressor,3,bl,4.11,114.77
23,20201009_mildstressor_2_g6,3,mildstressor,2,bl,0,132.66
23,20201013_SEFL_07c_mild_stressor6_g6,3,mildstressor,6,bl,19.56,134.14
23,20201012_SEFL_07c_mild_stressor5_g6,3,mildstressor,5,bl,8.89,178.12
23,20201014_SEFL_07c_mildstressor7_g6,3,mildstressor,7,bl,0,186.92
23,20201011_SEFL_07c_mild_stressor4_g6,3,mildstressor,4,bl,0,203.5
23,20201008_SEFL_7c_mild_stressor1_g6,3,mildstressor,1,bl,0,326.97
24,20201012_SEFL_07c_mild_stressor5_g6,4,mildstressor,5,bl,0,199.93
24,20201014_SEFL_07c_mildstressor7_g6,4,mildstressor,7,bl,0,272.12
24,20201013_SEFL_07c_mild_stressor6_g6,4,mildstressor,6,bl,0,297.44
24,20201010_SEFL_7c_mild_stressor3_g6,4,mildstressor,3,bl,0,351.14
24,20201011_SEFL_07c_mild_stressor4_g6,4,mildstressor,4,bl,0,355.63
24,20201008_SEFL_7c_mild_stressor1_g6,4,mildstressor,1,bl,0,362.25
24,20201009_mildstressor_2_g6,4,mildstressor,2,bl,0,444.67
1,20201011_SEFL_07c_mild_stressor4_g1,1,mildstressor,4,cs,94.88,1.81
1,20201010_mild_stressor3_g1,1,mildstressor,3,cs,85,5.67
1,20201014_SEFL_07c_mildstressor7_g1,1,mildstressor,7,cs,44.88,65.58
1,20201012_SEFL_07c_mild_stressor5_g1,1,mildstressor,5,cs,49.29,76.27
1,20201013_SEFL_07c_mild_stressor6_g1,1,mildstressor,6,cs,48.81,87.49
1,20201008_SEFL_7c_mild_stressor1_g1,1,mildstressor,1,cs,3.81,163.62
2,20201008_SEFL_7c_mild_stressor1_g1,2,mildstressor,1,cs,100,0
2,20201010_mild_stressor3_g1,2,mildstressor,3,cs,100,0
2,20201011_SEFL_07c_mild_stressor4_g1,2,mildstressor,4,cs,100,0
2,20201012_SEFL_07c_mild_stressor5_g1,2,mildstressor,5,cs,100,0
2,20201014_SEFL_07c_mildstressor7_g1,2,mildstressor,7,cs,100,0
2,20201013_SEFL_07c_mild_stressor6_g1,2,mildstressor,6,cs,100,0.01
3,20201011_SEFL_07c_mild_stressor4_g1,3,mildstressor,4,cs,91.79,3.3
3,20201013_SEFL_07c_mild_stressor6_g1,3,mildstressor,6,cs,88.21,5.79
3,20201012_SEFL_07c_mild_stressor5_g1,3,mildstressor,5,cs,80.12,11.32
3,20201014_SEFL_07c_mildstressor7_g1,3,mildstressor,7,cs,77.14,14.42
3,20201010_mild_stressor3_g1,3,mildstressor,3,cs,64.05,66.79
3,20201008_SEFL_7c_mild_stressor1_g1,3,mildstressor,1,cs,9.64,218.02
4,20201014_SEFL_07c_mildstressor7_g1,4,mildstressor,7,cs,24.17,67.28
4,20201011_SEFL_07c_mild_stressor4_g1,4,mildstressor,4,cs,17.86,79.51
4,20201010_mild_stressor3_g1,4,mildstressor,3,cs,32.26,100.68
4,20201013_SEFL_07c_mild_stressor6_g1,4,mildstressor,6,cs,20.48,118.72
4,20201012_SEFL_07c_mild_stressor5_g1,4,mildstressor,5,cs,21.55,138.2
4,20201008_SEFL_7c_mild_stressor1_g1,4,mildstressor,1,cs,0,187.3
5,20201013_SEFL_07c_mild_stressor6_g2,1,mildstressor,6,cs,28.21,106.86
5,20201009_mildstressor_2_g2,1,mildstressor,2,cs,17.02,122.87
5,20201014_SEFL_07c_mildstressor7_g2,1,mildstressor,7,cs,25.83,144.53
5,20201011_SEFL_07c_mild_stressor4_g2,1,mildstressor,4,cs,8.1,153.37
5,20201010_SEFL_7c_mild_stressor3_g2,1,mildstressor,3,cs,23.1,164.4
5,20201012_SEFL_07c_mild_stressor5_g2,1,mildstressor,5,cs,12.02,196.12
5,20201008_SEFL_7c_mild_stressor1_g2,1,mildstressor,1,cs,3.81,242.32
6,20201014_SEFL_07c_mildstressor7_g2,2,mildstressor,7,cs,72.26,11.46
6,20201013_SEFL_07c_mild_stressor6_g2,2,mildstressor,6,cs,68.93,25.86
6,20201010_SEFL_7c_mild_stressor3_g2,2,mildstressor,3,cs,37.02,48.81
6,20201011_SEFL_07c_mild_stressor4_g2,2,mildstressor,4,cs,41.19,55
6,20201012_SEFL_07c_mild_stressor5_g2,2,mildstressor,5,cs,40.36,80.15
6,20201008_SEFL_7c_mild_stressor1_g2,2,mildstressor,1,cs,3.57,172.54
6,20201009_mildstressor_2_g2,2,mildstressor,2,cs,14.64,191.27
7,20201014_SEFL_07c_mildstressor7_g2,3,mildstressor,7,cs,28.81,59.39
7,20201012_SEFL_07c_mild_stressor5_g2,3,mildstressor,5,cs,18.93,88.13
7,20201011_SEFL_07c_mild_stressor4_g2,3,mildstressor,4,cs,17.5,90.92
7,20201013_SEFL_07c_mild_stressor6_g2,3,mildstressor,6,cs,0,139.19
7,20201010_SEFL_7c_mild_stressor3_g2,3,mildstressor,3,cs,11.19,140.01
7,20201009_mildstressor_2_g2,3,mildstressor,2,cs,17.38,149.3
7,20201008_SEFL_7c_mild_stressor1_g2,3,mildstressor,1,cs,0,340.67
8,20201014_SEFL_07c_mildstressor7_g2,4,mildstressor,7,cs,29.17,69.47
8,20201013_SEFL_07c_mild_stressor6_g2,4,mildstressor,6,cs,36.19,121.22
8,20201012_SEFL_07c_mild_stressor5_g2,4,mildstressor,5,cs,35.24,144.33
8,20201011_SEFL_07c_mild_stressor4_g2,4,mildstressor,4,cs,19.29,148.66
8,20201009_mildstressor_2_g2,4,mildstressor,2,cs,14.29,200.7
8,20201008_SEFL_7c_mild_stressor1_g2,4,mildstressor,1,cs,0,248.82
8,20201010_SEFL_7c_mild_stressor3_g2,4,mildstressor,3,cs,4.52,257.13
9,20201013_SEFL_07c_mild_stressor6_g3,1,mildstressor,6,cs,64.76,24.26
9,20201010_SEFL_7c_mild_stressor3_g3,1,mildstressor,3,cs,52.62,49.82
9,20201012_SEFL_07c_mild_stressor5_g3,1,mildstressor,5,cs,35.83,54.73
9,20201011_SEFL_07c_mild_stressor4_g3,1,mildstressor,4,cs,38.1,69.71
9,20201009_mildstressor_2_g3,1,mildstressor,2,cs,32.62,77.84
9,20201014_SEFL_07c_mildstressor7_g3,1,mildstressor,7,cs,18.69,120.87
9,20201008_SEFL_7c_mild_stressor1_g3,1,mildstressor,1,cs,3.93,244.09
10,20201010_SEFL_7c_mild_stressor3_g3,2,mildstressor,3,cs,47.86,26.71
10,20201013_SEFL_07c_mild_stressor6_g3,2,mildstressor,6,cs,37.14,106.43
10,20201012_SEFL_07c_mild_stressor5_g3,2,mildstressor,5,cs,18.69,109.65
10,20201014_SEFL_07c_mildstressor7_g3,2,mildstressor,7,cs,27.02,132.42
10,20201011_SEFL_07c_mild_stressor4_g3,2,mildstressor,4,cs,12.98,154.65
10,20201009_mildstressor_2_g3,2,mildstressor,2,cs,9.29,172.63
10,20201008_SEFL_7c_mild_stressor1_g3,2,mildstressor,1,cs,0,316.44
11,20201011_SEFL_07c_mild_stressor4_g3,3,mildstressor,4,cs,66.07,12.35
11,20201012_SEFL_07c_mild_stressor5_g3,3,mildstressor,5,cs,65.83,13.75
11,20201009_mildstressor_2_g3,3,mildstressor,2,cs,62.62,15.87
11,20201013_SEFL_07c_mild_stressor6_g3,3,mildstressor,6,cs,62.98,16.72
11,20201010_SEFL_7c_mild_stressor3_g3,3,mildstressor,3,cs,43.69,52.67
11,20201014_SEFL_07c_mildstressor7_g3,3,mildstressor,7,cs,61.55,79.05
11,20201008_SEFL_7c_mild_stressor1_g3,3,mildstressor,1,cs,3.57,216.34
12,20201013_SEFL_07c_mild_stressor6_g3,4,mildstressor,6,cs,16.31,55.96
12,20201010_SEFL_7c_mild_stressor3_g3,4,mildstressor,3,cs,7.86,115.3
12,20201012_SEFL_07c_mild_stressor5_g3,4,mildstressor,5,cs,9.4,127.15
12,20201014_SEFL_07c_mildstressor7_g3,4,mildstressor,7,cs,25.95,133.37
12,20201011_SEFL_07c_mild_stressor4_g3,4,mildstressor,4,cs,5.48,137.71
12,20201009_mildstressor_2_g3,4,mildstressor,2,cs,12.98,168.14
12,20201008_SEFL_7c_mild_stressor1_g3,4,mildstressor,1,cs,0,343.93
13,20201012_SEFL_07c_mild_stressor5_g4,1,mildstressor,5,cs,14.52,110.61
13,20201014_SEFL_07c_mildstressor7_g4,1,mildstressor,7,cs,12.02,134.11
13,20201010_SEFL_7c_mild_stressor3_g4,1,mildstressor,3,cs,0,143.61
13,20201013_SEFL_07c_mild_stressor6_g4,1,mildstressor,6,cs,9.4,166.87
13,20201011_SEFL_07c_mild_stressor4_g4,1,mildstressor,4,cs,0,167.91
13,20201008_SEFL_7c_mild_stressor1_g4,1,mildstressor,1,cs,0,188.34
13,20201009_mildstressor_2_g4,1,mildstressor,2,cs,8.81,213.34
14,20201010_SEFL_7c_mild_stressor3_g4,2,mildstressor,3,cs,62.14,33.51
14,20201012_SEFL_07c_mild_stressor5_g4,2,mildstressor,5,cs,42.74,68.33
14,20201013_SEFL_07c_mild_stressor6_g4,2,mildstressor,6,cs,14.05,75.1
14,20201014_SEFL_07c_mildstressor7_g4,2,mildstressor,7,cs,11.55,79.62
14,20201011_SEFL_07c_mild_stressor4_g4,2,mildstressor,4,cs,20.83,82.24
14,20201009_mildstressor_2_g4,2,mildstressor,2,cs,5.48,169.17
14,20201008_SEFL_7c_mild_stressor1_g4,2,mildstressor,1,cs,0,203.41
15,20201010_SEFL_7c_mild_stressor3_g4,3,mildstressor,3,cs,73.69,31.14
15,20201011_SEFL_07c_mild_stressor4_g4,3,mildstressor,4,cs,43.69,59.8
15,20201012_SEFL_07c_mild_stressor5_g4,3,mildstressor,5,cs,60.24,74.03
15,20201009_mildstressor_2_g4,3,mildstressor,2,cs,33.81,120.17
15,20201013_SEFL_07c_mild_stressor6_g4,3,mildstressor,6,cs,38.33,131.09
15,20201014_SEFL_07c_mildstressor7_g4,3,mildstressor,7,cs,30.36,140.56
15,20201008_SEFL_7c_mild_stressor1_g4,3,mildstressor,1,cs,0,248.98
16,20201012_SEFL_07c_mild_stressor5_g4,4,mildstressor,5,cs,42.5,62.77
16,20201009_mildstressor_2_g4,4,mildstressor,2,cs,39.05,79.75
16,20201013_SEFL_07c_mild_stressor6_g4,4,mildstressor,6,cs,37.38,91.45
16,20201011_SEFL_07c_mild_stressor4_g4,4,mildstressor,4,cs,37.38,100.47
16,20201014_SEFL_07c_mildstressor7_g4,4,mildstressor,7,cs,26.67,117.26
16,20201010_SEFL_7c_mild_stressor3_g4,4,mildstressor,3,cs,21.9,138.64
16,20201008_SEFL_7c_mild_stressor1_g4,4,mildstressor,1,cs,0,256.03
17,20201010_SEFL_7c_mild_stressor3_g5,1,mildstressor,3,cs,11.31,165.26
17,20201014_SEFL_07c_mildstressor7_g5,1,mildstressor,7,cs,9.05,173.09
17,20201009_mildstressor_2_g5,1,mildstressor,2,cs,0,186.98
17,20201013_SEFL_07c_mild_stressor6_g5,1,mildstressor,6,cs,0,187.51
17,20201011_SEFL_07c_mild_stressor4_g5,1,mildstressor,4,cs,5.6,190.01
17,20201012_SEFL_07c_mild_stressor5_g5,1,mildstressor,5,cs,0,264.1
17,20201008_SEFL_7c_mild_stressor1_g5,1,mildstressor,1,cs,0,283.06
18,20201014_SEFL_07c_mildstressor7_g5,2,mildstressor,7,cs,80.6,6.43
18,20201013_SEFL_07c_mild_stressor6_g5,2,mildstressor,6,cs,55.12,13.15
18,20201009_mildstressor_2_g5,2,mildstressor,2,cs,63.93,14.6
18,20201011_SEFL_07c_mild_stressor4_g5,2,mildstressor,4,cs,71.19,24.75
18,20201010_SEFL_7c_mild_stressor3_g5,2,mildstressor,3,cs,46.07,48.55
18,20201012_SEFL_07c_mild_stressor5_g5,2,mildstressor,5,cs,42.26,63.98
18,20201008_SEFL_7c_mild_stressor1_g5,2,mildstressor,1,cs,0,274.58
19,20201013_SEFL_07c_mild_stressor6_g5,3,mildstressor,6,cs,39.88,66.46
19,20201009_mildstressor_2_g5,3,mildstressor,2,cs,31.9,92.16
19,20201011_SEFL_07c_mild_stressor4_g5,3,mildstressor,4,cs,19.4,101.58
19,20201010_SEFL_7c_mild_stressor3_g5,3,mildstressor,3,cs,18.45,125.98
19,20201012_SEFL_07c_mild_stressor5_g5,3,mildstressor,5,cs,9.29,142.09
19,20201014_SEFL_07c_mildstressor7_g5,3,mildstressor,7,cs,7.86,159.9
19,20201008_SEFL_7c_mild_stressor1_g5,3,mildstressor,1,cs,0,254.44
20,20201014_SEFL_07c_mildstressor7_g5,4,mildstressor,7,cs,54.64,59.74
20,20201013_SEFL_07c_mild_stressor6_g5,4,mildstressor,6,cs,35.48,89.99
20,20201009_mildstressor_2_g5,4,mildstressor,2,cs,12.98,125.05
20,20201011_SEFL_07c_mild_stressor4_g5,4,mildstressor,4,cs,33.1,144.22
20,20201012_SEFL_07c_mild_stressor5_g5,4,mildstressor,5,cs,33.93,153.97
20,20201010_SEFL_7c_mild_stressor3_g5,4,mildstressor,3,cs,25,154.6
20,20201008_SEFL_7c_mild_stressor1_g5,4,mildstressor,1,cs,0,235.66
21,20201009_mildstressor_2_g6,1,mildstressor,2,cs,14.76,138.26
21,20201012_SEFL_07c_mild_stressor5_g6,1,mildstressor,5,cs,4.05,143.46
21,20201010_SEFL_7c_mild_stressor3_g6,1,mildstressor,3,cs,13.93,145.4
21,20201013_SEFL_07c_mild_stressor6_g6,1,mildstressor,6,cs,12.98,156.67
21,20201011_SEFL_07c_mild_stressor4_g6,1,mildstressor,4,cs,0,202.19
21,20201014_SEFL_07c_mildstressor7_g6,1,mildstressor,7,cs,4.17,207.09
21,20201008_SEFL_7c_mild_stressor1_g6,1,mildstressor,1,cs,0,324.45
22,20201012_SEFL_07c_mild_stressor5_g6,2,mildstressor,5,cs,92.02,4.15
22,20201011_SEFL_07c_mild_stressor4_g6,2,mildstressor,4,cs,74.64,9.34
22,20201010_SEFL_7c_mild_stressor3_g6,2,mildstressor,3,cs,80.36,12.43
22,20201013_SEFL_07c_mild_stressor6_g6,2,mildstressor,6,cs,74.88,13.23
22,20201009_mildstressor_2_g6,2,mildstressor,2,cs,73.1,20.25
22,20201014_SEFL_07c_mildstressor7_g6,2,mildstressor,7,cs,61.07,23.64
22,20201008_SEFL_7c_mild_stressor1_g6,2,mildstressor,1,cs,0,250.78
23,20201014_SEFL_07c_mildstressor7_g6,3,mildstressor,7,cs,55.12,21.4
23,20201012_SEFL_07c_mild_stressor5_g6,3,mildstressor,5,cs,67.86,37.38
23,20201009_mildstressor_2_g6,3,mildstressor,2,cs,40.6,65.57
23,20201013_SEFL_07c_mild_stressor6_g6,3,mildstressor,6,cs,37.86,75.98
23,20201011_SEFL_07c_mild_stressor4_g6,3,mildstressor,4,cs,39.64,99.25
23,20201010_SEFL_7c_mild_stressor3_g6,3,mildstressor,3,cs,24.76,100.76
23,20201008_SEFL_7c_mild_stressor1_g6,3,mildstressor,1,cs,0,255.32
24,20201012_SEFL_07c_mild_stressor5_g6,4,mildstressor,5,cs,75.83,12.74
24,20201014_SEFL_07c_mildstressor7_g6,4,mildstressor,7,cs,74.64,19.4
24,20201013_SEFL_07c_mild_stressor6_g6,4,mildstressor,6,cs,77.62,23.94
24,20201010_SEFL_7c_mild_stressor3_g6,4,mildstressor,3,cs,38.1,45.32
24,20201009_mildstressor_2_g6,4,mildstressor,2,cs,39.76,57.92
24,20201011_SEFL_07c_mild_stressor4_g6,4,mildstressor,4,cs,40.6,71.6
24,20201008_SEFL_7c_mild_stressor1_g6,4,mildstressor,1,cs,0,178.05
1,20201014_SEFL_07c_mildstressor7_g1,1,mildstressor,7,postcs,28.56,99.9
1,20201010_mild_stressor3_g1,1,mildstressor,3,postcs,8.22,119.53
1,20201013_SEFL_07c_mild_stressor6_g1,1,mildstressor,6,postcs,10.44,124.96
1,20201012_SEFL_07c_mild_stressor5_g1,1,mildstressor,5,postcs,4.67,154.44
1,20201011_SEFL_07c_mild_stressor4_g1,1,mildstressor,4,postcs,5.11,166.9
1,20201008_SEFL_7c_mild_stressor1_g1,1,mildstressor,1,postcs,0,226.9
2,20201008_SEFL_7c_mild_stressor1_g1,2,mildstressor,1,postcs,100,0
2,20201013_SEFL_07c_mild_stressor6_g1,2,mildstressor,6,postcs,100,0
2,20201014_SEFL_07c_mildstressor7_g1,2,mildstressor,7,postcs,100,0
2,20201010_mild_stressor3_g1,2,mildstressor,3,postcs,100,0.01
2,20201011_SEFL_07c_mild_stressor4_g1,2,mildstressor,4,postcs,100,0.01
2,20201012_SEFL_07c_mild_stressor5_g1,2,mildstressor,5,postcs,99.89,0.29
3,20201010_mild_stressor3_g1,3,mildstressor,3,postcs,26.56,80.37
3,20201011_SEFL_07c_mild_stressor4_g1,3,mildstressor,4,postcs,0,176.97
3,20201014_SEFL_07c_mildstressor7_g1,3,mildstressor,7,postcs,0,203.62
3,20201013_SEFL_07c_mild_stressor6_g1,3,mildstressor,6,postcs,0,249.9
3,20201012_SEFL_07c_mild_stressor5_g1,3,mildstressor,5,postcs,0,259.1
3,20201008_SEFL_7c_mild_stressor1_g1,3,mildstressor,1,postcs,0,264.2
4,20201011_SEFL_07c_mild_stressor4_g1,4,mildstressor,4,postcs,4.44,120.2
4,20201013_SEFL_07c_mild_stressor6_g1,4,mildstressor,6,postcs,4.89,144.83
4,20201014_SEFL_07c_mildstressor7_g1,4,mildstressor,7,postcs,0,234.07
4,20201008_SEFL_7c_mild_stressor1_g1,4,mildstressor,1,postcs,0,295.75
4,20201012_SEFL_07c_mild_stressor5_g1,4,mildstressor,5,postcs,0,315.02
4,20201010_mild_stressor3_g1,4,mildstressor,3,postcs,0,348.78
5,20201010_SEFL_7c_mild_stressor3_g2,1,mildstressor,3,postcs,0,209.73
5,20201013_SEFL_07c_mild_stressor6_g2,1,mildstressor,6,postcs,0,212.84
5,20201011_SEFL_07c_mild_stressor4_g2,1,mildstressor,4,postcs,0,222.54
5,20201009_mildstressor_2_g2,1,mildstressor,2,postcs,0,227.56
5,20201008_SEFL_7c_mild_stressor1_g2,1,mildstressor,1,postcs,0,251.75
5,20201014_SEFL_07c_mildstressor7_g2,1,mildstressor,7,postcs,0,320.76
5,20201012_SEFL_07c_mild_stressor5_g2,1,mildstressor,5,postcs,0,359.32
6,20201012_SEFL_07c_mild_stressor5_g2,2,mildstressor,5,postcs,4.11,137.33
6,20201013_SEFL_07c_mild_stressor6_g2,2,mildstressor,6,postcs,0,162.25
6,20201011_SEFL_07c_mild_stressor4_g2,2,mildstressor,4,postcs,7.78,239.46
6,20201010_SEFL_7c_mild_stressor3_g2,2,mildstressor,3,postcs,0,241.27
6,20201009_mildstressor_2_g2,2,mildstressor,2,postcs,6.67,261.24
6,20201008_SEFL_7c_mild_stressor1_g2,2,mildstressor,1,postcs,0,296.69
6,20201014_SEFL_07c_mildstressor7_g2,2,mildstressor,7,postcs,0,310.86
7,20201009_mildstressor_2_g2,3,mildstressor,2,postcs,0,149.65
7,20201010_SEFL_7c_mild_stressor3_g2,3,mildstressor,3,postcs,0,163.19
7,20201014_SEFL_07c_mildstressor7_g2,3,mildstressor,7,postcs,0,238.76
7,20201008_SEFL_7c_mild_stressor1_g2,3,mildstressor,1,postcs,0,245.07
7,20201012_SEFL_07c_mild_stressor5_g2,3,mildstressor,5,postcs,0,264.69
7,20201013_SEFL_07c_mild_stressor6_g2,3,mildstressor,6,postcs,0,279.87
7,20201011_SEFL_07c_mild_stressor4_g2,3,mildstressor,4,postcs,0,293.79
8,20201013_SEFL_07c_mild_stressor6_g2,4,mildstressor,6,postcs,8.56,175.66
8,20201010_SEFL_7c_mild_stressor3_g2,4,mildstressor,3,postcs,0,179.67
8,20201011_SEFL_07c_mild_stressor4_g2,4,mildstressor,4,postcs,0,214.61
8,20201012_SEFL_07c_mild_stressor5_g2,4,mildstressor,5,postcs,0,222.98
8,20201014_SEFL_07c_mildstressor7_g2,4,mildstressor,7,postcs,0,223.9
8,20201009_mildstressor_2_g2,4,mildstressor,2,postcs,8.56,235.21
8,20201008_SEFL_7c_mild_stressor1_g2,4,mildstressor,1,postcs,0,301.24
9,20201013_SEFL_07c_mild_stressor6_g3,1,mildstressor,6,postcs,3.89,128.64
9,20201011_SEFL_07c_mild_stressor4_g3,1,mildstressor,4,postcs,0,186.17
9,20201012_SEFL_07c_mild_stressor5_g3,1,mildstressor,5,postcs,0,195.97
9,20201009_mildstressor_2_g3,1,mildstressor,2,postcs,16.11,205.04
9,20201010_SEFL_7c_mild_stressor3_g3,1,mildstressor,3,postcs,0,252.1
9,20201008_SEFL_7c_mild_stressor1_g3,1,mildstressor,1,postcs,0,270.08
9,20201014_SEFL_07c_mildstressor7_g3,1,mildstressor,7,postcs,0,321.92
10,20201009_mildstressor_2_g3,2,mildstressor,2,postcs,10.44,134.57
10,20201011_SEFL_07c_mild_stressor4_g3,2,mildstressor,4,postcs,8.67,156.99
10,20201012_SEFL_07c_mild_stressor5_g3,2,mildstressor,5,postcs,11.33,177.16
10,20201013_SEFL_07c_mild_stressor6_g3,2,mildstressor,6,postcs,0,183.75
10,20201010_SEFL_7c_mild_stressor3_g3,2,mildstressor,3,postcs,8.11,201.15
10,20201014_SEFL_07c_mildstressor7_g3,2,mildstressor,7,postcs,0,280.57
10,20201008_SEFL_7c_mild_stressor1_g3,2,mildstressor,1,postcs,0,303.36
11,20201009_mildstressor_2_g3,3,mildstressor,2,postcs,9.44,126.35
11,20201012_SEFL_07c_mild_stressor5_g3,3,mildstressor,5,postcs,5.56,215.4
11,20201010_SEFL_7c_mild_stressor3_g3,3,mildstressor,3,postcs,0,217.01
11,20201014_SEFL_07c_mildstressor7_g3,3,mildstressor,7,postcs,4.44,263.56
11,20201013_SEFL_07c_mild_stressor6_g3,3,mildstressor,6,postcs,0,306.16
11,20201011_SEFL_07c_mild_stressor4_g3,3,mildstressor,4,postcs,0,307.34
11,20201008_SEFL_7c_mild_stressor1_g3,3,mildstressor,1,postcs,0,315.83
12,20201009_mildstressor_2_g3,4,mildstressor,2,postcs,0,223.06
12,20201012_SEFL_07c_mild_stressor5_g3,4,mildstressor,5,postcs,0,251.78
12,20201013_SEFL_07c_mild_stressor6_g3,4,mildstressor,6,postcs,0,255.79
12,20201008_SEFL_7c_mild_stressor1_g3,4,mildstressor,1,postcs,0,260.75
12,20201011_SEFL_07c_mild_stressor4_g3,4,mildstressor,4,postcs,0,280.91
12,20201014_SEFL_07c_mildstressor7_g3,4,mildstressor,7,postcs,0,285.59
12,20201010_SEFL_7c_mild_stressor3_g3,4,mildstressor,3,postcs,0,330.3
13,20201009_mildstressor_2_g4,1,mildstressor,2,postcs,0,210.62
13,20201014_SEFL_07c_mildstressor7_g4,1,mildstressor,7,postcs,0,226.4
13,20201008_SEFL_7c_mild_stressor1_g4,1,mildstressor,1,postcs,0,253.69
13,20201011_SEFL_07c_mild_stressor4_g4,1,mildstressor,4,postcs,0,254.38
13,20201010_SEFL_7c_mild_stressor3_g4,1,mildstressor,3,postcs,0,266.04
13,20201013_SEFL_07c_mild_stressor6_g4,1,mildstressor,6,postcs,0,271.76
13,20201012_SEFL_07c_mild_stressor5_g4,1,mildstressor,5,postcs,0,301.16
14,20201011_SEFL_07c_mild_stressor4_g4,2,mildstressor,4,postcs,16.56,65.03
14,20201012_SEFL_07c_mild_stressor5_g4,2,mildstressor,5,postcs,22.56,68.6
14,20201013_SEFL_07c_mild_stressor6_g4,2,mildstressor,6,postcs,3.33,128.36
14,20201009_mildstressor_2_g4,2,mildstressor,2,postcs,14.89,171.33
14,20201014_SEFL_07c_mildstressor7_g4,2,mildstressor,7,postcs,3.33,180.9
14,20201010_SEFL_7c_mild_stressor3_g4,2,mildstressor,3,postcs,14.11,192.51
14,20201008_SEFL_7c_mild_stressor1_g4,2,mildstressor,1,postcs,0,216.96
15,20201012_SEFL_07c_mild_stressor5_g4,3,mildstressor,5,postcs,0,212.98
15,20201013_SEFL_07c_mild_stressor6_g4,3,mildstressor,6,postcs,7.67,225.89
15,20201010_SEFL_7c_mild_stressor3_g4,3,mildstressor,3,postcs,7.89,253.49
15,20201014_SEFL_07c_mildstressor7_g4,3,mildstressor,7,postcs,0,256.81
15,20201009_mildstressor_2_g4,3,mildstressor,2,postcs,0,300.94
15,20201008_SEFL_7c_mild_stressor1_g4,3,mildstressor,1,postcs,0,331.48
15,20201011_SEFL_07c_mild_stressor4_g4,3,mildstressor,4,postcs,4.11,373.51
16,20201014_SEFL_07c_mildstressor7_g4,4,mildstressor,7,postcs,0,137.55
16,20201013_SEFL_07c_mild_stressor6_g4,4,mildstressor,6,postcs,0,147.62
16,20201010_SEFL_7c_mild_stressor3_g4,4,mildstressor,3,postcs,0,176.24
16,20201012_SEFL_07c_mild_stressor5_g4,4,mildstressor,5,postcs,0,182.83
16,20201009_mildstressor_2_g4,4,mildstressor,2,postcs,0,210.46
16,20201008_SEFL_7c_mild_stressor1_g4,4,mildstressor,1,postcs,0,251.84
16,20201011_SEFL_07c_mild_stressor4_g4,4,mildstressor,4,postcs,4,344.41
17,20201011_SEFL_07c_mild_stressor4_g5,1,mildstressor,4,postcs,3.78,255.73
17,20201008_SEFL_7c_mild_stressor1_g5,1,mildstressor,1,postcs,0,256.88
17,20201009_mildstressor_2_g5,1,mildstressor,2,postcs,0,261.21
17,20201014_SEFL_07c_mildstressor7_g5,1,mildstressor,7,postcs,0,290.21
17,20201010_SEFL_7c_mild_stressor3_g5,1,mildstressor,3,postcs,0,299.94
17,20201012_SEFL_07c_mild_stressor5_g5,1,mildstressor,5,postcs,0,325.82
17,20201013_SEFL_07c_mild_stressor6_g5,1,mildstressor,6,postcs,0,470.04
18,20201012_SEFL_07c_mild_stressor5_g5,2,mildstressor,5,postcs,19.44,76.63
18,20201014_SEFL_07c_mildstressor7_g5,2,mildstressor,7,postcs,29.56,84.39
18,20201009_mildstressor_2_g5,2,mildstressor,2,postcs,0,162.75
18,20201013_SEFL_07c_mild_stressor6_g5,2,mildstressor,6,postcs,16.89,165.03
18,20201010_SEFL_7c_mild_stressor3_g5,2,mildstressor,3,postcs,17.11,170.86
18,20201011_SEFL_07c_mild_stressor4_g5,2,mildstressor,4,postcs,5.67,220.2
18,20201008_SEFL_7c_mild_stressor1_g5,2,mildstressor,1,postcs,0,333.28
19,20201011_SEFL_07c_mild_stressor4_g5,3,mildstressor,4,postcs,3.78,134.31
19,20201012_SEFL_07c_mild_stressor5_g5,3,mildstressor,5,postcs,0,194.21
19,20201010_SEFL_7c_mild_stressor3_g5,3,mildstressor,3,postcs,0,205.03
19,20201009_mildstressor_2_g5,3,mildstressor,2,postcs,0,247.08
19,20201013_SEFL_07c_mild_stressor6_g5,3,mildstressor,6,postcs,0,268.58
19,20201014_SEFL_07c_mildstressor7_g5,3,mildstressor,7,postcs,0,283.23
19,20201008_SEFL_7c_mild_stressor1_g5,3,mildstressor,1,postcs,0,316.09
20,20201011_SEFL_07c_mild_stressor4_g5,4,mildstressor,4,postcs,4.78,183.76
20,20201012_SEFL_07c_mild_stressor5_g5,4,mildstressor,5,postcs,3.44,207.39
20,20201013_SEFL_07c_mild_stressor6_g5,4,mildstressor,6,postcs,0,226.47
20,20201009_mildstressor_2_g5,4,mildstressor,2,postcs,0,237.83
20,20201010_SEFL_7c_mild_stressor3_g5,4,mildstressor,3,postcs,0,240.81
20,20201014_SEFL_07c_mildstressor7_g5,4,mildstressor,7,postcs,0,246.93
20,20201008_SEFL_7c_mild_stressor1_g5,4,mildstressor,1,postcs,0,317.17
21,20201010_SEFL_7c_mild_stressor3_g6,1,mildstressor,3,postcs,3.56,168.1
21,20201011_SEFL_07c_mild_stressor4_g6,1,mildstressor,4,postcs,0,260.1
21,20201009_mildstressor_2_g6,1,mildstressor,2,postcs,0,268.06
21,20201008_SEFL_7c_mild_stressor1_g6,1,mildstressor,1,postcs,0,299.24
21,20201012_SEFL_07c_mild_stressor5_g6,1,mildstressor,5,postcs,0,309.3
21,20201014_SEFL_07c_mildstressor7_g6,1,mildstressor,7,postcs,0,319.01
21,20201013_SEFL_07c_mild_stressor6_g6,1,mildstressor,6,postcs,0,351.58
22,20201009_mildstressor_2_g6,2,mildstressor,2,postcs,15.22,117.89
22,20201013_SEFL_07c_mild_stressor6_g6,2,mildstressor,6,postcs,0,143.78
22,20201014_SEFL_07c_mildstressor7_g6,2,mildstressor,7,postcs,18.56,172.57
22,20201010_SEFL_7c_mild_stressor3_g6,2,mildstressor,3,postcs,11.11,212.46
22,20201011_SEFL_07c_mild_stressor4_g6,2,mildstressor,4,postcs,4.11,227.29
22,20201008_SEFL_7c_mild_stressor1_g6,2,mildstressor,1,postcs,0,229.43
22,20201012_SEFL_07c_mild_stressor5_g6,2,mildstressor,5,postcs,0,258
23,20201009_mildstressor_2_g6,3,mildstressor,2,postcs,7.56,111.88
23,20201013_SEFL_07c_mild_stressor6_g6,3,mildstressor,6,postcs,18.56,144.61
23,20201014_SEFL_07c_mildstressor7_g6,3,mildstressor,7,postcs,0,145.53
23,20201008_SEFL_7c_mild_stressor1_g6,3,mildstressor,1,postcs,0,161.91
23,20201010_SEFL_7c_mild_stressor3_g6,3,mildstressor,3,postcs,3.78,174.25
23,20201012_SEFL_07c_mild_stressor5_g6,3,mildstressor,5,postcs,0,207.1
23,20201011_SEFL_07c_mild_stressor4_g6,3,mildstressor,4,postcs,0,275.6
24,20201013_SEFL_07c_mild_stressor6_g6,4,mildstressor,6,postcs,12.89,148.84
24,20201010_SEFL_7c_mild_stressor3_g6,4,mildstressor,3,postcs,11.89,160.02
24,20201008_SEFL_7c_mild_stressor1_g6,4,mildstressor,1,postcs,7.56,161.33
24,20201014_SEFL_07c_mildstressor7_g6,4,mildstressor,7,postcs,3.78,179.14
24,20201009_mildstressor_2_g6,4,mildstressor,2,postcs,0,220.83
24,20201012_SEFL_07c_mild_stressor5_g6,4,mildstressor,5,postcs,4.11,224.34
24,20201011_SEFL_07c_mild_stressor4_g6,4,mildstressor,4,postcs,0,269.09
1,20201008_SEFL_7c_mild_stressor1_g1,1,mildstressor,1,shock,0,213.52
1,20201013_SEFL_07c_mild_stressor6_g1,1,mildstressor,6,shock,0,374.6
1,20201012_SEFL_07c_mild_stressor5_g1,1,mildstressor,5,shock,0,401.9
1,20201011_SEFL_07c_mild_stressor4_g1,1,mildstressor,4,shock,0,442.93
1,20201010_mild_stressor3_g1,1,mildstressor,3,shock,0,443.08
1,20201014_SEFL_07c_mildstressor7_g1,1,mildstressor,7,shock,0,548.88
2,20201010_mild_stressor3_g1,2,mildstressor,3,shock,100,0
2,20201011_SEFL_07c_mild_stressor4_g1,2,mildstressor,4,shock,100,0
2,20201012_SEFL_07c_mild_stressor5_g1,2,mildstressor,5,shock,100,0
2,20201013_SEFL_07c_mild_stressor6_g1,2,mildstressor,6,shock,100,0
2,20201014_SEFL_07c_mildstressor7_g1,2,mildstressor,7,shock,100,0
2,20201008_SEFL_7c_mild_stressor1_g1,2,mildstressor,1,shock,100,0.02
3,20201014_SEFL_07c_mildstressor7_g1,3,mildstressor,7,shock,0,338.43
3,20201012_SEFL_07c_mild_stressor5_g1,3,mildstressor,5,shock,0,349.48
3,20201011_SEFL_07c_mild_stressor4_g1,3,mildstressor,4,shock,0,388
3,20201013_SEFL_07c_mild_stressor6_g1,3,mildstressor,6,shock,0,439.82
3,20201008_SEFL_7c_mild_stressor1_g1,3,mildstressor,1,shock,0,494
3,20201010_mild_stressor3_g1,3,mildstressor,3,shock,0,616.48
4,20201010_mild_stressor3_g1,4,mildstressor,3,shock,0,408.95
4,20201012_SEFL_07c_mild_stressor5_g1,4,mildstressor,5,shock,0,419.57
4,20201008_SEFL_7c_mild_stressor1_g1,4,mildstressor,1,shock,0,515.32
4,20201013_SEFL_07c_mild_stressor6_g1,4,mildstressor,6,shock,0,527.18
4,20201011_SEFL_07c_mild_stressor4_g1,4,mildstressor,4,shock,0,691.97
4,20201014_SEFL_07c_mildstressor7_g1,4,mildstressor,7,shock,0,742.32
5,20201013_SEFL_07c_mild_stressor6_g2,1,mildstressor,6,shock,0,380.5
5,20201014_SEFL_07c_mildstressor7_g2,1,mildstressor,7,shock,0,447.58
5,20201010_SEFL_7c_mild_stressor3_g2,1,mildstressor,3,shock,0,521.77
5,20201009_mildstressor_2_g2,1,mildstressor,2,shock,0,523.52
5,20201012_SEFL_07c_mild_stressor5_g2,1,mildstressor,5,shock,0,548.68
5,20201011_SEFL_07c_mild_stressor4_g2,1,mildstressor,4,shock,0,587.47
5,20201008_SEFL_7c_mild_stressor1_g2,1,mildstressor,1,shock,0,628.98
6,20201011_SEFL_07c_mild_stressor4_g2,2,mildstressor,4,shock,0,325.02
6,20201010_SEFL_7c_mild_stressor3_g2,2,mildstressor,3,shock,0,349.83
6,20201009_mildstressor_2_g2,2,mildstressor,2,shock,0,412.4
6,20201013_SEFL_07c_mild_stressor6_g2,2,mildstressor,6,shock,0,417.88
6,20201014_SEFL_07c_mildstressor7_g2,2,mildstressor,7,shock,0,439.42
6,20201012_SEFL_07c_mild_stressor5_g2,2,mildstressor,5,shock,0,519.47
6,20201008_SEFL_7c_mild_stressor1_g2,2,mildstressor,1,shock,0,658.18
7,20201013_SEFL_07c_mild_stressor6_g2,3,mildstressor,6,shock,0,413.33
7,20201014_SEFL_07c_mildstressor7_g2,3,mildstressor,7,shock,0,594.27
7,20201012_SEFL_07c_mild_stressor5_g2,3,mildstressor,5,shock,0,784.75
7,20201011_SEFL_07c_mild_stressor4_g2,3,mildstressor,4,shock,0,889.5
7,20201008_SEFL_7c_mild_stressor1_g2,3,mildstressor,1,shock,0,1015.9
7,20201010_SEFL_7c_mild_stressor3_g2,3,mildstressor,3,shock,0,1047.2
7,20201009_mildstressor_2_g2,3,mildstressor,2,shock,0,1282.65
8,20201009_mildstressor_2_g2,4,mildstressor,2,shock,0,197.9
8,20201012_SEFL_07c_mild_stressor5_g2,4,mildstressor,5,shock,0,336.87
8,20201014_SEFL_07c_mildstressor7_g2,4,mildstressor,7,shock,0,457.02
8,20201008_SEFL_7c_mild_stressor1_g2,4,mildstressor,1,shock,0,502.32
8,20201010_SEFL_7c_mild_stressor3_g2,4,mildstressor,3,shock,0,546.58
8,20201011_SEFL_07c_mild_stressor4_g2,4,mildstressor,4,shock,0,576.52
8,20201013_SEFL_07c_mild_stressor6_g2,4,mildstressor,6,shock,0,659.62
9,20201009_mildstressor_2_g3,1,mildstressor,2,shock,0,382.8
9,20201010_SEFL_7c_mild_stressor3_g3,1,mildstressor,3,shock,0,396.78
9,20201013_SEFL_07c_mild_stressor6_g3,1,mildstressor,6,shock,0,534.93
9,20201011_SEFL_07c_mild_stressor4_g3,1,mildstressor,4,shock,0,595.5
9,20201008_SEFL_7c_mild_stressor1_g3,1,mildstressor,1,shock,0,608.63
9,20201014_SEFL_07c_mildstressor7_g3,1,mildstressor,7,shock,0,635.45
9,20201012_SEFL_07c_mild_stressor5_g3,1,mildstressor,5,shock,0,698.65
10,20201011_SEFL_07c_mild_stressor4_g3,2,mildstressor,4,shock,0,437.07
10,20201009_mildstressor_2_g3,2,mildstressor,2,shock,0,518.92
10,20201013_SEFL_07c_mild_stressor6_g3,2,mildstressor,6,shock,0,584.35
10,20201010_SEFL_7c_mild_stressor3_g3,2,mildstressor,3,shock,0,637.97
10,20201014_SEFL_07c_mildstressor7_g3,2,mildstressor,7,shock,0,691
10,20201012_SEFL_07c_mild_stressor5_g3,2,mildstressor,5,shock,0,699.9
10,20201008_SEFL_7c_mild_stressor1_g3,2,mildstressor,1,shock,0,875.9
11,20201010_SEFL_7c_mild_stressor3_g3,3,mildstressor,3,shock,0,517.75
11,20201008_SEFL_7c_mild_stressor1_g3,3,mildstressor,1,shock,0,538.07
11,20201011_SEFL_07c_mild_stressor4_g3,3,mildstressor,4,shock,0,757.92
11,20201012_SEFL_07c_mild_stressor5_g3,3,mildstressor,5,shock,0,917.47
11,20201009_mildstressor_2_g3,3,mildstressor,2,shock,0,947.92
11,20201014_SEFL_07c_mildstressor7_g3,3,mildstressor,7,shock,0,1100.32
11,20201013_SEFL_07c_mild_stressor6_g3,3,mildstressor,6,shock,0,1211.45
12,20201011_SEFL_07c_mild_stressor4_g3,4,mildstressor,4,shock,0,354.42
12,20201010_SEFL_7c_mild_stressor3_g3,4,mildstressor,3,shock,0,363.08
12,20201009_mildstressor_2_g3,4,mildstressor,2,shock,0,374.53
12,20201008_SEFL_7c_mild_stressor1_g3,4,mildstressor,1,shock,0,461.37
12,20201014_SEFL_07c_mildstressor7_g3,4,mildstressor,7,shock,0,609
12,20201012_SEFL_07c_mild_stressor5_g3,4,mildstressor,5,shock,0,626.83
12,20201013_SEFL_07c_mild_stressor6_g3,4,mildstressor,6,shock,0,861.05
13,20201009_mildstressor_2_g4,1,mildstressor,2,shock,0,351.53
13,20201008_SEFL_7c_mild_stressor1_g4,1,mildstressor,1,shock,0,432.65
13,20201011_SEFL_07c_mild_stressor4_g4,1,mildstressor,4,shock,0,434.57
13,20201014_SEFL_07c_mildstressor7_g4,1,mildstressor,7,shock,0,484.82
13,20201010_SEFL_7c_mild_stressor3_g4,1,mildstressor,3,shock,0,549.43
13,20201013_SEFL_07c_mild_stressor6_g4,1,mildstressor,6,shock,0,632.45
13,20201012_SEFL_07c_mild_stressor5_g4,1,mildstressor,5,shock,0,671.2
14,20201014_SEFL_07c_mildstressor7_g4,2,mildstressor,7,shock,0,370.27
14,20201013_SEFL_07c_mild_stressor6_g4,2,mildstressor,6,shock,0,387.27
14,20201010_SEFL_7c_mild_stressor3_g4,2,mildstressor,3,shock,0,495.53
14,20201011_SEFL_07c_mild_stressor4_g4,2,mildstressor,4,shock,0,502.93
14,20201009_mildstressor_2_g4,2,mildstressor,2,shock,0,556.43
14,20201012_SEFL_07c_mild_stressor5_g4,2,mildstressor,5,shock,0,563.78
14,20201008_SEFL_7c_mild_stressor1_g4,2,mildstressor,1,shock,0,615.42
15,20201011_SEFL_07c_mild_stressor4_g4,3,mildstressor,4,shock,0,604.5
15,20201010_SEFL_7c_mild_stressor3_g4,3,mildstressor,3,shock,0,604.52
15,20201009_mildstressor_2_g4,3,mildstressor,2,shock,0,648.9
15,20201008_SEFL_7c_mild_stressor1_g4,3,mildstressor,1,shock,0,686.52
15,20201014_SEFL_07c_mildstressor7_g4,3,mildstressor,7,shock,0,1023.18
15,20201013_SEFL_07c_mild_stressor6_g4,3,mildstressor,6,shock,0,1033.75
15,20201012_SEFL_07c_mild_stressor5_g4,3,mildstressor,5,shock,0,1049.02
16,20201009_mildstressor_2_g4,4,mildstressor,2,shock,0,240.35
16,20201011_SEFL_07c_mild_stressor4_g4,4,mildstressor,4,shock,0,281.88
16,20201008_SEFL_7c_mild_stressor1_g4,4,mildstressor,1,shock,0,286.03
16,20201010_SEFL_7c_mild_stressor3_g4,4,mildstressor,3,shock,0,330.4
16,20201013_SEFL_07c_mild_stressor6_g4,4,mildstressor,6,shock,0,385.77
16,20201012_SEFL_07c_mild_stressor5_g4,4,mildstressor,5,shock,0,498.02
16,20201014_SEFL_07c_mildstressor7_g4,4,mildstressor,7,shock,0,572.65
17,20201013_SEFL_07c_mild_stressor6_g5,1,mildstressor,6,shock,0,278.13
17,20201009_mildstressor_2_g5,1,mildstressor,2,shock,0,291.53
17,20201011_SEFL_07c_mild_stressor4_g5,1,mildstressor,4,shock,0,330.47
17,20201008_SEFL_7c_mild_stressor1_g5,1,mildstressor,1,shock,0,333.83
17,20201010_SEFL_7c_mild_stressor3_g5,1,mildstressor,3,shock,0,389.35
17,20201014_SEFL_07c_mildstressor7_g5,1,mildstressor,7,shock,0,427.28
17,20201012_SEFL_07c_mild_stressor5_g5,1,mildstressor,5,shock,0,659.17
18,20201011_SEFL_07c_mild_stressor4_g5,2,mildstressor,4,shock,0,297.72
18,20201008_SEFL_7c_mild_stressor1_g5,2,mildstressor,1,shock,0,377
18,20201012_SEFL_07c_mild_stressor5_g5,2,mildstressor,5,shock,0,397.7
18,20201009_mildstressor_2_g5,2,mildstressor,2,shock,0,435.45
18,20201014_SEFL_07c_mildstressor7_g5,2,mildstressor,7,shock,0,479.28
18,20201010_SEFL_7c_mild_stressor3_g5,2,mildstressor,3,shock,0,485.72
18,20201013_SEFL_07c_mild_stressor6_g5,2,mildstressor,6,shock,0,541.62
19,20201009_mildstressor_2_g5,3,mildstressor,2,shock,0,398.57
19,20201014_SEFL_07c_mildstressor7_g5,3,mildstressor,7,shock,0,470.5
19,20201010_SEFL_7c_mild_stressor3_g5,3,mildstressor,3,shock,0,559.78
19,20201008_SEFL_7c_mild_stressor1_g5,3,mildstressor,1,shock,0,613.23
19,20201011_SEFL_07c_mild_stressor4_g5,3,mildstressor,4,shock,0,720.48
19,20201012_SEFL_07c_mild_stressor5_g5,3,mildstressor,5,shock,0,721.25
19,20201013_SEFL_07c_mild_stressor6_g5,3,mildstressor,6,shock,0,948.83
20,20201013_SEFL_07c_mild_stressor6_g5,4,mildstressor,6,shock,0,395.52
20,20201009_mildstressor_2_g5,4,mildstressor,2,shock,0,487.27
20,20201014_SEFL_07c_mildstressor7_g5,4,mildstressor,7,shock,0,531.03
20,20201010_SEFL_7c_mild_stressor3_g5,4,mildstressor,3,shock,0,542.67
20,20201008_SEFL_7c_mild_stressor1_g5,4,mildstressor,1,shock,0,662.58
20,20201011_SEFL_07c_mild_stressor4_g5,4,mildstressor,4,shock,0,776.33
20,20201012_SEFL_07c_mild_stressor5_g5,4,mildstressor,5,shock,0,842.98
21,20201011_SEFL_07c_mild_stressor4_g6,1,mildstressor,4,shock,0,507.92
21,20201010_SEFL_7c_mild_stressor3_g6,1,mildstressor,3,shock,0,518.1
21,20201009_mildstressor_2_g6,1,mildstressor,2,shock,0,630.72
21,20201008_SEFL_7c_mild_stressor1_g6,1,mildstressor,1,shock,0,672.45
21,20201013_SEFL_07c_mild_stressor6_g6,1,mildstressor,6,shock,0,679.18
21,20201014_SEFL_07c_mildstressor7_g6,1,mildstressor,7,shock,0,707.28
21,20201012_SEFL_07c_mild_stressor5_g6,1,mildstressor,5,shock,0,717.28
22,20201011_SEFL_07c_mild_stressor4_g6,2,mildstressor,4,shock,0,329.5
22,20201013_SEFL_07c_mild_stressor6_g6,2,mildstressor,6,shock,0,377.87
22,20201014_SEFL_07c_mildstressor7_g6,2,mildstressor,7,shock,0,378.45
22,20201010_SEFL_7c_mild_stressor3_g6,2,mildstressor,3,shock,0,434.23
22,20201012_SEFL_07c_mild_stressor5_g6,2,mildstressor,5,shock,0,439.72
22,20201009_mildstressor_2_g6,2,mildstressor,2,shock,0,462.6
22,20201008_SEFL_7c_mild_stressor1_g6,2,mildstressor,1,shock,0,483.4
23,20201010_SEFL_7c_mild_stressor3_g6,3,mildstressor,3,shock,0,286.18
23,20201011_SEFL_07c_mild_stressor4_g6,3,mildstressor,4,shock,0,404.42
23,20201012_SEFL_07c_mild_stressor5_g6,3,mildstressor,5,shock,0,429.72
23,20201009_mildstressor_2_g6,3,mildstressor,2,shock,0,520.57
23,20201014_SEFL_07c_mildstressor7_g6,3,mildstressor,7,shock,0,524.1
23,20201008_SEFL_7c_mild_stressor1_g6,3,mildstressor,1,shock,0,639.27
23,20201013_SEFL_07c_mild_stressor6_g6,3,mildstressor,6,shock,0,785.03
24,20201011_SEFL_07c_mild_stressor4_g6,4,mildstressor,4,shock,0,384.95
24,20201009_mildstressor_2_g6,4,mildstressor,2,shock,0,393.55
24,20201008_SEFL_7c_mild_stressor1_g6,4,mildstressor,1,shock,0,570.45
24,20201012_SEFL_07c_mild_stressor5_g6,4,mildstressor,5,shock,0,572.27
24,20201013_SEFL_07c_mild_stressor6_g6,4,mildstressor,6,shock,0,586.8
24,20201014_SEFL_07c_mildstressor7_g6,4,mildstressor,7,shock,0,592.18
24,20201010_SEFL_7c_mild_stressor3_g6,4,mildstressor,3,shock,0,614.37
1,20200921_SEFL_07c_trauma_test_g1,1,traumatest,1,min01,66.56,9.11
1,20200921_SEFL_07c_trauma_test_g1,1,traumatest,1,min02,86.28,3.01
1,20200921_SEFL_07c_trauma_test_g1,1,traumatest,1,min03,69.89,9.46
1,20200921_SEFL_07c_trauma_test_g1,1,traumatest,1,min04,93.5,0.7
1,20200921_SEFL_07c_trauma_test_g1,1,traumatest,1,min05,76.44,10.5
1,20200921_SEFL_07c_trauma_test_g1,1,traumatest,1,min06,63.22,15.5
1,20200921_SEFL_07c_trauma_test_g1,1,traumatest,1,min07,74.78,11.37
1,20200921_SEFL_07c_trauma_test_g1,1,traumatest,1,min08,83.11,20.76
1,20200921_SEFL_07c_trauma_test_g1,1,traumatest,1,avg,76.9,10.05
2,20200921_SEFL_07c_trauma_test_g1,2,traumatest,1,min01,53.17,44.89
2,20200921_SEFL_07c_trauma_test_g1,2,traumatest,1,min02,64.28,17.49
2,20200921_SEFL_07c_trauma_test_g1,2,traumatest,1,min03,67.5,9.18
2,20200921_SEFL_07c_trauma_test_g1,2,traumatest,1,min04,65.33,25.87
2,20200921_SEFL_07c_trauma_test_g1,2,traumatest,1,min05,82.83,3.28
2,20200921_SEFL_07c_trauma_test_g1,2,traumatest,1,min06,85.89,3.18
2,20200921_SEFL_07c_trauma_test_g1,2,traumatest,1,min07,85.33,2.16
2,20200921_SEFL_07c_trauma_test_g1,2,traumatest,1,min08,95.17,0.91
2,20200921_SEFL_07c_trauma_test_g1,2,traumatest,1,avg,75.13,13.37
3,20200921_SEFL_07c_trauma_test_g1,3,traumatest,1,min01,63.33,20.28
3,20200921_SEFL_07c_trauma_test_g1,3,traumatest,1,min02,85.44,3.87
3,20200921_SEFL_07c_trauma_test_g1,3,traumatest,1,min03,92.06,1.29
3,20200921_SEFL_07c_trauma_test_g1,3,traumatest,1,min04,88.78,2.59
3,20200921_SEFL_07c_trauma_test_g1,3,traumatest,1,min05,92.56,1.15
3,20200921_SEFL_07c_trauma_test_g1,3,traumatest,1,min06,97.94,0.48
3,20200921_SEFL_07c_trauma_test_g1,3,traumatest,1,min07,90.67,3.86
3,20200921_SEFL_07c_trauma_test_g1,3,traumatest,1,min08,90.22,1.65
3,20200921_SEFL_07c_trauma_test_g1,3,traumatest,1,avg,87.79,4.4
4,20200921_SEFL_07c_trauma_test_g1,4,traumatest,1,min01,31.83,45.8
4,20200921_SEFL_07c_trauma_test_g1,4,traumatest,1,min02,64.06,11.32
4,20200921_SEFL_07c_trauma_test_g1,4,traumatest,1,min03,51.61,24.98
4,20200921_SEFL_07c_trauma_test_g1,4,traumatest,1,min04,58.22,13.84
4,20200921_SEFL_07c_trauma_test_g1,4,traumatest,1,min05,63.17,11.48
4,20200921_SEFL_07c_trauma_test_g1,4,traumatest,1,min06,69.17,15.78
4,20200921_SEFL_07c_trauma_test_g1,4,traumatest,1,min07,64,14.65
4,20200921_SEFL_07c_trauma_test_g1,4,traumatest,1,min08,68.72,16.45
4,20200921_SEFL_07c_trauma_test_g1,4,traumatest,1,avg,59.31,19.29
5,20200921_SEFL_07c_trauma_test_g2,1,traumatest,1,min01,2.28,201.6
5,20200921_SEFL_07c_trauma_test_g2,1,traumatest,1,min02,0,214.76
5,20200921_SEFL_07c_trauma_test_g2,1,traumatest,1,min03,12.83,153.52
5,20200921_SEFL_07c_trauma_test_g2,1,traumatest,1,min04,6.89,161.61
5,20200921_SEFL_07c_trauma_test_g2,1,traumatest,1,min05,7.78,184.1
5,20200921_SEFL_07c_trauma_test_g2,1,traumatest,1,min06,14.33,158.13
5,20200921_SEFL_07c_trauma_test_g2,1,traumatest,1,min07,18.17,118.91
5,20200921_SEFL_07c_trauma_test_g2,1,traumatest,1,min08,23.83,88.9
5,20200921_SEFL_07c_trauma_test_g2,1,traumatest,1,avg,10.76,160.19
6,20200921_SEFL_07c_trauma_test_g2,2,traumatest,1,min01,0,207.92
6,20200921_SEFL_07c_trauma_test_g2,2,traumatest,1,min02,5.56,140.04
6,20200921_SEFL_07c_trauma_test_g2,2,traumatest,1,min03,3.94,180.89
6,20200921_SEFL_07c_trauma_test_g2,2,traumatest,1,min04,5.94,188.72
6,20200921_SEFL_07c_trauma_test_g2,2,traumatest,1,min05,6.89,135.17
6,20200921_SEFL_07c_trauma_test_g2,2,traumatest,1,min06,1.78,279.64
6,20200921_SEFL_07c_trauma_test_g2,2,traumatest,1,min07,0,234.58
6,20200921_SEFL_07c_trauma_test_g2,2,traumatest,1,min08,3.17,198.64
6,20200921_SEFL_07c_trauma_test_g2,2,traumatest,1,avg,3.41,195.7
7,20200921_SEFL_07c_trauma_test_g2,3,traumatest,1,min01,0,213.82
7,20200921_SEFL_07c_trauma_test_g2,3,traumatest,1,min02,0,181.74
7,20200921_SEFL_07c_trauma_test_g2,3,traumatest,1,min03,1.89,117.18
7,20200921_SEFL_07c_trauma_test_g2,3,traumatest,1,min04,5.94,145.96
7,20200921_SEFL_07c_trauma_test_g2,3,traumatest,1,min05,0,221.16
7,20200921_SEFL_07c_trauma_test_g2,3,traumatest,1,min06,0,197.44
7,20200921_SEFL_07c_trauma_test_g2,3,traumatest,1,min07,2.44,176.11
7,20200921_SEFL_07c_trauma_test_g2,3,traumatest,1,min08,0,219
7,20200921_SEFL_07c_trauma_test_g2,3,traumatest,1,avg,1.28,184.05
8,20200921_SEFL_07c_trauma_test_g2,4,traumatest,1,min01,0,215.3
8,20200921_SEFL_07c_trauma_test_g2,4,traumatest,1,min02,0,112.84
8,20200921_SEFL_07c_trauma_test_g2,4,traumatest,1,min03,14.61,125.57
8,20200921_SEFL_07c_trauma_test_g2,4,traumatest,1,min04,3.67,74.72
8,20200921_SEFL_07c_trauma_test_g2,4,traumatest,1,min05,7.11,151.57
8,20200921_SEFL_07c_trauma_test_g2,4,traumatest,1,min06,4.39,154.84
8,20200921_SEFL_07c_trauma_test_g2,4,traumatest,1,min07,1.78,85.34
8,20200921_SEFL_07c_trauma_test_g2,4,traumatest,1,min08,10.56,79.24
8,20200921_SEFL_07c_trauma_test_g2,4,traumatest,1,avg,5.38,124.93
9,20200921_SEFL_07c_trauma_test_g3,1,traumatest,1,min01,40.78,19.62
9,20200921_SEFL_07c_trauma_test_g3,1,traumatest,1,min02,74.5,9.39
9,20200921_SEFL_07c_trauma_test_g3,1,traumatest,1,min03,88.5,5.36
9,20200921_SEFL_07c_trauma_test_g3,1,traumatest,1,min04,72.94,9.18
9,20200921_SEFL_07c_trauma_test_g3,1,traumatest,1,min05,73.78,22.27
9,20200921_SEFL_07c_trauma_test_g3,1,traumatest,1,min06,77.5,13.56
9,20200921_SEFL_07c_trauma_test_g3,1,traumatest,1,min07,90.28,3.5
9,20200921_SEFL_07c_trauma_test_g3,1,traumatest,1,min08,99.67,0.25
9,20200921_SEFL_07c_trauma_test_g3,1,traumatest,1,avg,77.49,10.39
10,20200921_SEFL_07c_trauma_test_g3,2,traumatest,1,min01,4.56,115.8
10,20200921_SEFL_07c_trauma_test_g3,2,traumatest,1,min02,1.89,53.58
10,20200921_SEFL_07c_trauma_test_g3,2,traumatest,1,min03,0,230.39
10,20200921_SEFL_07c_trauma_test_g3,2,traumatest,1,min04,9.06,96.63
10,20200921_SEFL_07c_trauma_test_g3,2,traumatest,1,min05,2.28,210.34
10,20200921_SEFL_07c_trauma_test_g3,2,traumatest,1,min06,0,243.98
10,20200921_SEFL_07c_trauma_test_g3,2,traumatest,1,min07,10,144.58
10,20200921_SEFL_07c_trauma_test_g3,2,traumatest,1,min08,13.39,91.61
10,20200921_SEFL_07c_trauma_test_g3,2,traumatest,1,avg,5.38,148.36
11,20200921_SEFL_07c_trauma_test_g3,3,traumatest,1,min01,32.56,109.42
11,20200921_SEFL_07c_trauma_test_g3,3,traumatest,1,min02,83.22,3.99
11,20200921_SEFL_07c_trauma_test_g3,3,traumatest,1,min03,85.89,12.09
11,20200921_SEFL_07c_trauma_test_g3,3,traumatest,1,min04,71.78,25.87
11,20200921_SEFL_07c_trauma_test_g3,3,traumatest,1,min05,65.5,34.54
11,20200921_SEFL_07c_trauma_test_g3,3,traumatest,1,min06,61.5,20.8
11,20200921_SEFL_07c_trauma_test_g3,3,traumatest,1,min07,76.17,17.54
11,20200921_SEFL_07c_trauma_test_g3,3,traumatest,1,min08,65.06,9.92
11,20200921_SEFL_07c_trauma_test_g3,3,traumatest,1,avg,67.71,29.27
12,20200921_SEFL_07c_trauma_test_g3,4,traumatest,1,min01,0,285.87
12,20200921_SEFL_07c_trauma_test_g3,4,traumatest,1,min02,0,123.32
12,20200921_SEFL_07c_trauma_test_g3,4,traumatest,1,min03,1.78,136.36
12,20200921_SEFL_07c_trauma_test_g3,4,traumatest,1,min04,8.11,145.75
12,20200921_SEFL_07c_trauma_test_g3,4,traumatest,1,min05,2.22,126.18
12,20200921_SEFL_07c_trauma_test_g3,4,traumatest,1,min06,7.17,165.95
12,20200921_SEFL_07c_trauma_test_g3,4,traumatest,1,min07,1.94,113.99
12,20200921_SEFL_07c_trauma_test_g3,4,traumatest,1,min08,7.5,110.42
12,20200921_SEFL_07c_trauma_test_g3,4,traumatest,1,avg,3.59,150.98
13,20200921_SEFL_07c_trauma_test_g4,1,traumatest,1,min01,0,191.27
13,20200921_SEFL_07c_trauma_test_g4,1,traumatest,1,min02,7.39,115.83
13,20200921_SEFL_07c_trauma_test_g4,1,traumatest,1,min03,1.72,232.96
13,20200921_SEFL_07c_trauma_test_g4,1,traumatest,1,min04,2.83,236.74
13,20200921_SEFL_07c_trauma_test_g4,1,traumatest,1,min05,3.67,213.98
13,20200921_SEFL_07c_trauma_test_g4,1,traumatest,1,min06,1.67,196.9
13,20200921_SEFL_07c_trauma_test_g4,1,traumatest,1,min07,3.33,224.53
13,20200921_SEFL_07c_trauma_test_g4,1,traumatest,1,min08,0,166.48
13,20200921_SEFL_07c_trauma_test_g4,1,traumatest,1,avg,2.58,197.34
14,20200921_SEFL_07c_trauma_test_g4,2,traumatest,1,min01,37.11,33.22
14,20200921_SEFL_07c_trauma_test_g4,2,traumatest,1,min02,76.56,8.23
14,20200921_SEFL_07c_trauma_test_g4,2,traumatest,1,min03,12.17,121.92
14,20200921_SEFL_07c_trauma_test_g4,2,traumatest,1,min04,39.17,85.72
14,20200921_SEFL_07c_trauma_test_g4,2,traumatest,1,min05,47.56,37.54
14,20200921_SEFL_07c_trauma_test_g4,2,traumatest,1,min06,26.89,39.78
14,20200921_SEFL_07c_trauma_test_g4,2,traumatest,1,min07,29.06,85.83
14,20200921_SEFL_07c_trauma_test_g4,2,traumatest,1,min08,9.44,133.64
14,20200921_SEFL_07c_trauma_test_g4,2,traumatest,1,avg,35.11,68.23
15,20200921_SEFL_07c_trauma_test_g4,3,traumatest,1,min01,0,148.77
15,20200921_SEFL_07c_trauma_test_g4,3,traumatest,1,min02,4.78,182.05
15,20200921_SEFL_07c_trauma_test_g4,3,traumatest,1,min03,5.33,121.69
15,20200921_SEFL_07c_trauma_test_g4,3,traumatest,1,min04,17.83,97.87
15,20200921_SEFL_07c_trauma_test_g4,3,traumatest,1,min05,2.78,171.41
15,20200921_SEFL_07c_trauma_test_g4,3,traumatest,1,min06,5.17,150.86
15,20200921_SEFL_07c_trauma_test_g4,3,traumatest,1,min07,2,164.4
15,20200921_SEFL_07c_trauma_test_g4,3,traumatest,1,min08,0,135.78
15,20200921_SEFL_07c_trauma_test_g4,3,traumatest,1,avg,4.74,146.6
16,20200921_SEFL_07c_trauma_test_g4,4,traumatest,1,min01,12.06,80.19
16,20200921_SEFL_07c_trauma_test_g4,4,traumatest,1,min02,34.72,55.66
16,20200921_SEFL_07c_trauma_test_g4,4,traumatest,1,min03,43.11,31.27
16,20200921_SEFL_07c_trauma_test_g4,4,traumatest,1,min04,36.28,34.99
16,20200921_SEFL_07c_trauma_test_g4,4,traumatest,1,min05,68.11,10.35
16,20200921_SEFL_07c_trauma_test_g4,4,traumatest,1,min06,80.67,4.95
16,20200921_SEFL_07c_trauma_test_g4,4,traumatest,1,min07,60.94,18.21
16,20200921_SEFL_07c_trauma_test_g4,4,traumatest,1,min08,61.22,22.23
16,20200921_SEFL_07c_trauma_test_g4,4,traumatest,1,avg,50.35,32.23
17,20200921_SEFL_07c_trauma_test_g5,1,traumatest,1,min01,0,195.85
17,20200921_SEFL_07c_trauma_test_g5,1,traumatest,1,min02,5.44,148.91
17,20200921_SEFL_07c_trauma_test_g5,1,traumatest,1,min03,3.56,139.66
17,20200921_SEFL_07c_trauma_test_g5,1,traumatest,1,min04,11.67,164.71
17,20200921_SEFL_07c_trauma_test_g5,1,traumatest,1,min05,5.33,194.89
17,20200921_SEFL_07c_trauma_test_g5,1,traumatest,1,min06,9.67,132.26
17,20200921_SEFL_07c_trauma_test_g5,1,traumatest,1,min07,5.28,115.77
17,20200921_SEFL_07c_trauma_test_g5,1,traumatest,1,min08,0,139.68
17,20200921_SEFL_07c_trauma_test_g5,1,traumatest,1,avg,5.16,153.97
18,20200921_SEFL_07c_trauma_test_g5,2,traumatest,1,min01,43.83,18.27
18,20200921_SEFL_07c_trauma_test_g5,2,traumatest,1,min02,71.17,12.9
18,20200921_SEFL_07c_trauma_test_g5,2,traumatest,1,min03,71.67,8.29
18,20200921_SEFL_07c_trauma_test_g5,2,traumatest,1,min04,60.83,17.23
18,20200921_SEFL_07c_trauma_test_g5,2,traumatest,1,min05,70.78,10.75
18,20200921_SEFL_07c_trauma_test_g5,2,traumatest,1,min06,55.5,20.72
18,20200921_SEFL_07c_trauma_test_g5,2,traumatest,1,min07,15.39,87.37
18,20200921_SEFL_07c_trauma_test_g5,2,traumatest,1,min08,5.39,134.25
18,20200921_SEFL_07c_trauma_test_g5,2,traumatest,1,avg,49.73,38.72
19,20200921_SEFL_07c_trauma_test_g5,3,traumatest,1,min01,0,173.88
19,20200921_SEFL_07c_trauma_test_g5,3,traumatest,1,min02,0,206.46
19,20200921_SEFL_07c_trauma_test_g5,3,traumatest,1,min03,0,142.95
19,20200921_SEFL_07c_trauma_test_g5,3,traumatest,1,min04,0,160.55
19,20200921_SEFL_07c_trauma_test_g5,3,traumatest,1,min05,0,245.05
19,20200921_SEFL_07c_trauma_test_g5,3,traumatest,1,min06,0,246.94
19,20200921_SEFL_07c_trauma_test_g5,3,traumatest,1,min07,5.39,125.16
19,20200921_SEFL_07c_trauma_test_g5,3,traumatest,1,min08,1.67,166.21
19,20200921_SEFL_07c_trauma_test_g5,3,traumatest,1,avg,0.88,183.4
20,20200921_SEFL_07c_trauma_test_g5,4,traumatest,1,min01,12.67,190.54
20,20200921_SEFL_07c_trauma_test_g5,4,traumatest,1,min02,41.78,57.17
20,20200921_SEFL_07c_trauma_test_g5,4,traumatest,1,min03,33.78,107.45
20,20200921_SEFL_07c_trauma_test_g5,4,traumatest,1,min04,55.94,66.19
20,20200921_SEFL_07c_trauma_test_g5,4,traumatest,1,min05,38.67,64.38
20,20200921_SEFL_07c_trauma_test_g5,4,traumatest,1,min06,32.67,99.97
20,20200921_SEFL_07c_trauma_test_g5,4,traumatest,1,min07,19,119.67
20,20200921_SEFL_07c_trauma_test_g5,4,traumatest,1,min08,28.56,104.78
20,20200921_SEFL_07c_trauma_test_g5,4,traumatest,1,avg,32.96,101.27
21,20200921_SEFL_07c_trauma_test_g6,1,traumatest,1,min01,2.78,213.25
21,20200921_SEFL_07c_trauma_test_g6,1,traumatest,1,min02,4.89,183.91
21,20200921_SEFL_07c_trauma_test_g6,1,traumatest,1,min03,13.83,110.87
21,20200921_SEFL_07c_trauma_test_g6,1,traumatest,1,min04,2,159.09
21,20200921_SEFL_07c_trauma_test_g6,1,traumatest,1,min05,5.56,115.09
21,20200921_SEFL_07c_trauma_test_g6,1,traumatest,1,min06,0,121.04
21,20200921_SEFL_07c_trauma_test_g6,1,traumatest,1,min07,7.83,110.73
21,20200921_SEFL_07c_trauma_test_g6,1,traumatest,1,min08,17.67,45.04
21,20200921_SEFL_07c_trauma_test_g6,1,traumatest,1,avg,6.91,132.38
22,20200921_SEFL_07c_trauma_test_g6,2,traumatest,1,min01,42.94,27.77
22,20200921_SEFL_07c_trauma_test_g6,2,traumatest,1,min02,58.06,11.55
22,20200921_SEFL_07c_trauma_test_g6,2,traumatest,1,min03,42.56,72.61
22,20200921_SEFL_07c_trauma_test_g6,2,traumatest,1,min04,52.39,45.78
22,20200921_SEFL_07c_trauma_test_g6,2,traumatest,1,min05,48.17,53.25
22,20200921_SEFL_07c_trauma_test_g6,2,traumatest,1,min06,43.89,34.65
22,20200921_SEFL_07c_trauma_test_g6,2,traumatest,1,min07,58.89,21.19
22,20200921_SEFL_07c_trauma_test_g6,2,traumatest,1,min08,67.94,18.8
22,20200921_SEFL_07c_trauma_test_g6,2,traumatest,1,avg,52.38,35.7
23,20200921_SEFL_07c_trauma_test_g6,3,traumatest,1,min01,0,249.05
23,20200921_SEFL_07c_trauma_test_g6,3,traumatest,1,min02,0,212.37
23,20200921_SEFL_07c_trauma_test_g6,3,traumatest,1,min03,0,176.13
23,20200921_SEFL_07c_trauma_test_g6,3,traumatest,1,min04,5,158.89
23,20200921_SEFL_07c_trauma_test_g6,3,traumatest,1,min05,1.78,138.29
23,20200921_SEFL_07c_trauma_test_g6,3,traumatest,1,min06,0,194.27
23,20200921_SEFL_07c_trauma_test_g6,3,traumatest,1,min07,0,115.24
23,20200921_SEFL_07c_trauma_test_g6,3,traumatest,1,min08,10.17,120.02
23,20200921_SEFL_07c_trauma_test_g6,3,traumatest,1,avg,2.12,170.53
24,20200921_SEFL_07c_trauma_test_g6,4,traumatest,1,min01,53.78,18.19
24,20200921_SEFL_07c_trauma_test_g6,4,traumatest,1,min02,91.33,2.67
24,20200921_SEFL_07c_trauma_test_g6,4,traumatest,1,min03,89.17,3.48
24,20200921_SEFL_07c_trauma_test_g6,4,traumatest,1,min04,82.39,3.51
24,20200921_SEFL_07c_trauma_test_g6,4,traumatest,1,min05,79.67,6.1
24,20200921_SEFL_07c_trauma_test_g6,4,traumatest,1,min06,87.72,4.13
24,20200921_SEFL_07c_trauma_test_g6,4,traumatest,1,min07,75.94,10.34
24,20200921_SEFL_07c_trauma_test_g6,4,traumatest,1,min08,53.44,20.63
24,20200921_SEFL_07c_trauma_test_g6,4,traumatest,1,avg,76.71,8.63
1,20201007_SEFL_07c_trauma_test_g1,1,traumatest,2,min01,38.11,46.46
1,20201007_SEFL_07c_trauma_test_g1,1,traumatest,2,min02,15.28,59.86
1,20201007_SEFL_07c_trauma_test_g1,1,traumatest,2,min03,44.83,33.84
1,20201007_SEFL_07c_trauma_test_g1,1,traumatest,2,min04,52.39,23.41
1,20201007_SEFL_07c_trauma_test_g1,1,traumatest,2,min05,16.06,121.87
1,20201007_SEFL_07c_trauma_test_g1,1,traumatest,2,min06,10.39,154.54
1,20201007_SEFL_07c_trauma_test_g1,1,traumatest,2,min07,35.94,56.77
1,20201007_SEFL_07c_trauma_test_g1,1,traumatest,2,min08,41.67,29.64
1,20201007_SEFL_07c_trauma_test_g1,1,traumatest,2,avg,32.1,65.8
3,20201007_SEFL_07c_trauma_test_g1,3,traumatest,2,min01,25.44,127.68
3,20201007_SEFL_07c_trauma_test_g1,3,traumatest,2,min02,80.56,3.8
3,20201007_SEFL_07c_trauma_test_g1,3,traumatest,2,min03,45.11,27.58
3,20201007_SEFL_07c_trauma_test_g1,3,traumatest,2,min04,65.33,13.8
3,20201007_SEFL_07c_trauma_test_g1,3,traumatest,2,min05,24.39,146.69
3,20201007_SEFL_07c_trauma_test_g1,3,traumatest,2,min06,62.78,24.68
3,20201007_SEFL_07c_trauma_test_g1,3,traumatest,2,min07,79.61,6.29
3,20201007_SEFL_07c_trauma_test_g1,3,traumatest,2,min08,74.72,11.75
3,20201007_SEFL_07c_trauma_test_g1,3,traumatest,2,avg,57.6,45.28
4,20201007_SEFL_07c_trauma_test_g1,4,traumatest,2,min01,28.28,33.93
4,20201007_SEFL_07c_trauma_test_g1,4,traumatest,2,min02,51.22,13.96
4,20201007_SEFL_07c_trauma_test_g1,4,traumatest,2,min03,43.06,22.86
4,20201007_SEFL_07c_trauma_test_g1,4,traumatest,2,min04,46.78,18.24
4,20201007_SEFL_07c_trauma_test_g1,4,traumatest,2,min05,41.5,24.08
4,20201007_SEFL_07c_trauma_test_g1,4,traumatest,2,min06,20.94,121.01
4,20201007_SEFL_07c_trauma_test_g1,4,traumatest,2,min07,10,146.23
4,20201007_SEFL_07c_trauma_test_g1,4,traumatest,2,min08,29.78,81.79
4,20201007_SEFL_07c_trauma_test_g1,4,traumatest,2,avg,34.42,57.76
5,20201007_SEFL_07c_trauma_test_g2,1,traumatest,2,min01,2.56,142.03
5,20201007_SEFL_07c_trauma_test_g2,1,traumatest,2,min02,0,139.92
5,20201007_SEFL_07c_trauma_test_g2,1,traumatest,2,min03,8.17,137.14
5,20201007_SEFL_07c_trauma_test_g2,1,traumatest,2,min04,0,165.49
5,20201007_SEFL_07c_trauma_test_g2,1,traumatest,2,min05,5.06,251.11
5,20201007_SEFL_07c_trauma_test_g2,1,traumatest,2,min06,5.89,175.16
5,20201007_SEFL_07c_trauma_test_g2,1,traumatest,2,min07,7.61,159.58
5,20201007_SEFL_07c_trauma_test_g2,1,traumatest,2,min08,2,172.31
5,20201007_SEFL_07c_trauma_test_g2,1,traumatest,2,avg,3.91,167.84
6,20201007_SEFL_07c_trauma_test_g2,2,traumatest,2,min01,0,306.5
6,20201007_SEFL_07c_trauma_test_g2,2,traumatest,2,min02,0,320.86
6,20201007_SEFL_07c_trauma_test_g2,2,traumatest,2,min03,1.78,265.72
6,20201007_SEFL_07c_trauma_test_g2,2,traumatest,2,min04,4.33,261.5
6,20201007_SEFL_07c_trauma_test_g2,2,traumatest,2,min05,1.89,198.54
6,20201007_SEFL_07c_trauma_test_g2,2,traumatest,2,min06,0,177.16
6,20201007_SEFL_07c_trauma_test_g2,2,traumatest,2,min07,0,181.81
6,20201007_SEFL_07c_trauma_test_g2,2,traumatest,2,min08,0,207.17
6,20201007_SEFL_07c_trauma_test_g2,2,traumatest,2,avg,1,239.91
7,20201007_SEFL_07c_trauma_test_g2,3,traumatest,2,min01,0,329.69
7,20201007_SEFL_07c_trauma_test_g2,3,traumatest,2,min02,0,300.73
7,20201007_SEFL_07c_trauma_test_g2,3,traumatest,2,min03,0,319.46
7,20201007_SEFL_07c_trauma_test_g2,3,traumatest,2,min04,0,236.9
7,20201007_SEFL_07c_trauma_test_g2,3,traumatest,2,min05,0,218.73
7,20201007_SEFL_07c_trauma_test_g2,3,traumatest,2,min06,0,218.97
7,20201007_SEFL_07c_trauma_test_g2,3,traumatest,2,min07,0,221.24
7,20201007_SEFL_07c_trauma_test_g2,3,traumatest,2,min08,1.72,197.63
7,20201007_SEFL_07c_trauma_test_g2,3,traumatest,2,avg,0.22,255.42
8,20201007_SEFL_07c_trauma_test_g2,4,traumatest,2,min01,0,238.54
8,20201007_SEFL_07c_trauma_test_g2,4,traumatest,2,min02,0,159.14
8,20201007_SEFL_07c_trauma_test_g2,4,traumatest,2,min03,6.94,102.5
8,20201007_SEFL_07c_trauma_test_g2,4,traumatest,2,min04,4.11,160.23
8,20201007_SEFL_07c_trauma_test_g2,4,traumatest,2,min05,1.67,164.55
8,20201007_SEFL_07c_trauma_test_g2,4,traumatest,2,min06,7.61,123.91
8,20201007_SEFL_07c_trauma_test_g2,4,traumatest,2,min07,0,136.67
8,20201007_SEFL_07c_trauma_test_g2,4,traumatest,2,min08,0,183.48
8,20201007_SEFL_07c_trauma_test_g2,4,traumatest,2,avg,2.54,158.63
9,20201007_SEFL_07c_trauma_test_g3,1,traumatest,2,min01,59.78,11.57
9,20201007_SEFL_07c_trauma_test_g3,1,traumatest,2,min02,55.17,27.44
9,20201007_SEFL_07c_trauma_test_g3,1,traumatest,2,min03,66.22,9.66
9,20201007_SEFL_07c_trauma_test_g3,1,traumatest,2,min04,76.11,6.38
9,20201007_SEFL_07c_trauma_test_g3,1,traumatest,2,min05,5.06,129.56
9,20201007_SEFL_07c_trauma_test_g3,1,traumatest,2,min06,12.83,130.56
9,20201007_SEFL_07c_trauma_test_g3,1,traumatest,2,min07,19.78,71.72
9,20201007_SEFL_07c_trauma_test_g3,1,traumatest,2,min08,27.83,90
9,20201007_SEFL_07c_trauma_test_g3,1,traumatest,2,avg,40.97,59.61
10,20201007_SEFL_07c_trauma_test_g3,2,traumatest,2,min01,0,247.24
10,20201007_SEFL_07c_trauma_test_g3,2,traumatest,2,min02,0,219.72
10,20201007_SEFL_07c_trauma_test_g3,2,traumatest,2,min03,0,237.05
10,20201007_SEFL_07c_trauma_test_g3,2,traumatest,2,min04,0,154.8
10,20201007_SEFL_07c_trauma_test_g3,2,traumatest,2,min05,0,250.17
10,20201007_SEFL_07c_trauma_test_g3,2,traumatest,2,min06,0,195.62
10,20201007_SEFL_07c_trauma_test_g3,2,traumatest,2,min07,13.11,150.34
10,20201007_SEFL_07c_trauma_test_g3,2,traumatest,2,min08,0,181.22
10,20201007_SEFL_07c_trauma_test_g3,2,traumatest,2,avg,1.64,204.52
11,20201007_SEFL_07c_trauma_test_g3,3,traumatest,2,min01,13.44,160.62
11,20201007_SEFL_07c_trauma_test_g3,3,traumatest,2,min02,31.78,46.23
11,20201007_SEFL_07c_trauma_test_g3,3,traumatest,2,min03,43.28,48.02
11,20201007_SEFL_07c_trauma_test_g3,3,traumatest,2,min04,60.5,26.32
11,20201007_SEFL_07c_trauma_test_g3,3,traumatest,2,min05,45.72,29.49
11,20201007_SEFL_07c_trauma_test_g3,3,traumatest,2,min06,23.44,58.42
11,20201007_SEFL_07c_trauma_test_g3,3,traumatest,2,min07,37.44,29.12
11,20201007_SEFL_07c_trauma_test_g3,3,traumatest,2,min08,46.83,21.91
11,20201007_SEFL_07c_trauma_test_g3,3,traumatest,2,avg,38.4,52.52
12,20201007_SEFL_07c_trauma_test_g3,4,traumatest,2,min01,0,220.59
12,20201007_SEFL_07c_trauma_test_g3,4,traumatest,2,min02,0,246.46
12,20201007_SEFL_07c_trauma_test_g3,4,traumatest,2,min03,8.28,151.18
12,20201007_SEFL_07c_trauma_test_g3,4,traumatest,2,min04,0,251.79
12,20201007_SEFL_07c_trauma_test_g3,4,traumatest,2,min05,0,175.5
12,20201007_SEFL_07c_trauma_test_g3,4,traumatest,2,min06,0,208.22
12,20201007_SEFL_07c_trauma_test_g3,4,traumatest,2,min07,0,140.81
12,20201007_SEFL_07c_trauma_test_g3,4,traumatest,2,min08,0,202.19
12,20201007_SEFL_07c_trauma_test_g3,4,traumatest,2,avg,1.03,199.59
13,20201007_SEFL_07c_trauma_test_g4,1,traumatest,2,min01,5.11,277.45
13,20201007_SEFL_07c_trauma_test_g4,1,traumatest,2,min02,0,217.17
13,20201007_SEFL_07c_trauma_test_g4,1,traumatest,2,min03,0,190.21
13,20201007_SEFL_07c_trauma_test_g4,1,traumatest,2,min04,0,268.24
13,20201007_SEFL_07c_trauma_test_g4,1,traumatest,2,min05,0,239.69
13,20201007_SEFL_07c_trauma_test_g4,1,traumatest,2,min06,0,169.82
13,20201007_SEFL_07c_trauma_test_g4,1,traumatest,2,min07,0,174.82
13,20201007_SEFL_07c_trauma_test_g4,1,traumatest,2,min08,0,235.7
13,20201007_SEFL_07c_trauma_test_g4,1,traumatest,2,avg,0.64,221.64
14,20201007_SEFL_07c_trauma_test_g4,2,traumatest,2,min01,13.39,149.95
14,20201007_SEFL_07c_trauma_test_g4,2,traumatest,2,min02,14.28,107.97
14,20201007_SEFL_07c_trauma_test_g4,2,traumatest,2,min03,32.22,92.6
14,20201007_SEFL_07c_trauma_test_g4,2,traumatest,2,min04,26.89,105.4
14,20201007_SEFL_07c_trauma_test_g4,2,traumatest,2,min05,45.89,48.57
14,20201007_SEFL_07c_trauma_test_g4,2,traumatest,2,min06,22.89,114.44
14,20201007_SEFL_07c_trauma_test_g4,2,traumatest,2,min07,26.44,115.63
14,20201007_SEFL_07c_trauma_test_g4,2,traumatest,2,min08,33.61,101.58
14,20201007_SEFL_07c_trauma_test_g4,2,traumatest,2,avg,27.17,104.52
15,20201007_SEFL_07c_trauma_test_g4,3,traumatest,2,min01,7.33,128.86
15,20201007_SEFL_07c_trauma_test_g4,3,traumatest,2,min02,1.83,170.45
15,20201007_SEFL_07c_trauma_test_g4,3,traumatest,2,min03,2.56,188.98
15,20201007_SEFL_07c_trauma_test_g4,3,traumatest,2,min04,10.83,139.33
15,20201007_SEFL_07c_trauma_test_g4,3,traumatest,2,min05,8.72,202.82
15,20201007_SEFL_07c_trauma_test_g4,3,traumatest,2,min06,23.33,99.37
15,20201007_SEFL_07c_trauma_test_g4,3,traumatest,2,min07,18.61,134.85
15,20201007_SEFL_07c_trauma_test_g4,3,traumatest,2,min08,9.06,153.31
15,20201007_SEFL_07c_trauma_test_g4,3,traumatest,2,avg,10.28,152.25
16,20201007_SEFL_07c_trauma_test_g4,4,traumatest,2,min01,10.39,77.47
16,20201007_SEFL_07c_trauma_test_g4,4,traumatest,2,min02,21.44,93.09
16,20201007_SEFL_07c_trauma_test_g4,4,traumatest,2,min03,11.61,87.79
16,20201007_SEFL_07c_trauma_test_g4,4,traumatest,2,min04,29,63.12
16,20201007_SEFL_07c_trauma_test_g4,4,traumatest,2,min05,16.94,83.26
16,20201007_SEFL_07c_trauma_test_g4,4,traumatest,2,min06,6.72,146.79
16,20201007_SEFL_07c_trauma_test_g4,4,traumatest,2,min07,12.17,96.58
16,20201007_SEFL_07c_trauma_test_g4,4,traumatest,2,min08,6.5,146.76
16,20201007_SEFL_07c_trauma_test_g4,4,traumatest,2,avg,14.61,99.36
17,20201007_SEFL_07c_trauma_test_g5,1,traumatest,2,min01,0,214.16
17,20201007_SEFL_07c_trauma_test_g5,1,traumatest,2,min02,0,212.14
17,20201007_SEFL_07c_trauma_test_g5,1,traumatest,2,min03,0,245.61
17,20201007_SEFL_07c_trauma_test_g5,1,traumatest,2,min04,0,189.64
17,20201007_SEFL_07c_trauma_test_g5,1,traumatest,2,min05,0,158.76
17,20201007_SEFL_07c_trauma_test_g5,1,traumatest,2,min06,0,148.4
17,20201007_SEFL_07c_trauma_test_g5,1,traumatest,2,min07,4.5,157.29
17,20201007_SEFL_07c_trauma_test_g5,1,traumatest,2,min08,6.17,188.23
17,20201007_SEFL_07c_trauma_test_g5,1,traumatest,2,avg,1.33,189.28
18,20201007_SEFL_07c_trauma_test_g5,2,traumatest,2,min01,8.56,91.99
18,20201007_SEFL_07c_trauma_test_g5,2,traumatest,2,min02,14.44,91.82
18,20201007_SEFL_07c_trauma_test_g5,2,traumatest,2,min03,15.5,165.58
18,20201007_SEFL_07c_trauma_test_g5,2,traumatest,2,min04,26.78,119.87
18,20201007_SEFL_07c_trauma_test_g5,2,traumatest,2,min05,52,22.42
18,20201007_SEFL_07c_trauma_test_g5,2,traumatest,2,min06,10.94,100.72
18,20201007_SEFL_07c_trauma_test_g5,2,traumatest,2,min07,28.56,108.64
18,20201007_SEFL_07c_trauma_test_g5,2,traumatest,2,min08,11.72,101.03
18,20201007_SEFL_07c_trauma_test_g5,2,traumatest,2,avg,21.62,100.26
19,20201007_SEFL_07c_trauma_test_g5,3,traumatest,2,min01,0,252.72
19,20201007_SEFL_07c_trauma_test_g5,3,traumatest,2,min02,0,276.47
19,20201007_SEFL_07c_trauma_test_g5,3,traumatest,2,min03,0,259.9
19,20201007_SEFL_07c_trauma_test_g5,3,traumatest,2,min04,5.17,212.48
19,20201007_SEFL_07c_trauma_test_g5,3,traumatest,2,min05,2.11,134.81
19,20201007_SEFL_07c_trauma_test_g5,3,traumatest,2,min06,5.17,168.08
19,20201007_SEFL_07c_trauma_test_g5,3,traumatest,2,min07,6,219.54
19,20201007_SEFL_07c_trauma_test_g5,3,traumatest,2,min08,5.06,154.84
19,20201007_SEFL_07c_trauma_test_g5,3,traumatest,2,avg,2.94,209.86
20,20201007_SEFL_07c_trauma_test_g5,4,traumatest,2,min01,11.11,183.23
20,20201007_SEFL_07c_trauma_test_g5,4,traumatest,2,min02,18.78,129.91
20,20201007_SEFL_07c_trauma_test_g5,4,traumatest,2,min03,21.28,129.12
20,20201007_SEFL_07c_trauma_test_g5,4,traumatest,2,min04,24.22,105.87
20,20201007_SEFL_07c_trauma_test_g5,4,traumatest,2,min05,23.17,55.19
20,20201007_SEFL_07c_trauma_test_g5,4,traumatest,2,min06,8.11,169.85
20,20201007_SEFL_07c_trauma_test_g5,4,traumatest,2,min07,13.44,130.41
20,20201007_SEFL_07c_trauma_test_g5,4,traumatest,2,min08,20.22,82.18
20,20201007_SEFL_07c_trauma_test_g5,4,traumatest,2,avg,17.74,123.22
21,20201007_SEFL_07c_trauma_test_g6,1,traumatest,2,min01,10.17,134.69
21,20201007_SEFL_07c_trauma_test_g6,1,traumatest,2,min02,2.22,174.71
21,20201007_SEFL_07c_trauma_test_g6,1,traumatest,2,min03,4,184.26
21,20201007_SEFL_07c_trauma_test_g6,1,traumatest,2,min04,14.83,115.37
21,20201007_SEFL_07c_trauma_test_g6,1,traumatest,2,min05,15.28,116.54
21,20201007_SEFL_07c_trauma_test_g6,1,traumatest,2,min06,0,149.1
21,20201007_SEFL_07c_trauma_test_g6,1,traumatest,2,min07,6,164.62
21,20201007_SEFL_07c_trauma_test_g6,1,traumatest,2,min08,17.22,104.74
21,20201007_SEFL_07c_trauma_test_g6,1,traumatest,2,avg,8.92,143
22,20201007_SEFL_07c_trauma_test_g6,2,traumatest,2,min01,16.22,86.5
22,20201007_SEFL_07c_trauma_test_g6,2,traumatest,2,min02,45.72,53.18
22,20201007_SEFL_07c_trauma_test_g6,2,traumatest,2,min03,34.83,69.63
22,20201007_SEFL_07c_trauma_test_g6,2,traumatest,2,min04,22.11,156.38
22,20201007_SEFL_07c_trauma_test_g6,2,traumatest,2,min05,27.39,143.93
22,20201007_SEFL_07c_trauma_test_g6,2,traumatest,2,min06,36.83,80.49
22,20201007_SEFL_07c_trauma_test_g6,2,traumatest,2,min07,27.83,44.51
22,20201007_SEFL_07c_trauma_test_g6,2,traumatest,2,min08,23.11,143.95
22,20201007_SEFL_07c_trauma_test_g6,2,traumatest,2,avg,29.34,97.32
23,20201007_SEFL_07c_trauma_test_g6,3,traumatest,2,min01,0,212.33
23,20201007_SEFL_07c_trauma_test_g6,3,traumatest,2,min02,1.67,193.2
23,20201007_SEFL_07c_trauma_test_g6,3,traumatest,2,min03,2.11,175.16
23,20201007_SEFL_07c_trauma_test_g6,3,traumatest,2,min04,7.22,188.95
23,20201007_SEFL_07c_trauma_test_g6,3,traumatest,2,min05,3.94,164.53
23,20201007_SEFL_07c_trauma_test_g6,3,traumatest,2,min06,12.39,134.75
23,20201007_SEFL_07c_trauma_test_g6,3,traumatest,2,min07,14.94,66.84
23,20201007_SEFL_07c_trauma_test_g6,3,traumatest,2,min08,14.44,116.28
23,20201007_SEFL_07c_trauma_test_g6,3,traumatest,2,avg,7.09,156.5
24,20201007_SEFL_07c_trauma_test_g6,4,traumatest,2,min01,24.72,124.28
24,20201007_SEFL_07c_trauma_test_g6,4,traumatest,2,min02,31.78,80.88
24,20201007_SEFL_07c_trauma_test_g6,4,traumatest,2,min03,17.61,113.67
24,20201007_SEFL_07c_trauma_test_g6,4,traumatest,2,min04,22.11,103.34
24,20201007_SEFL_07c_trauma_test_g6,4,traumatest,2,min05,12.94,132.46
24,20201007_SEFL_07c_trauma_test_g6,4,traumatest,2,min06,48.67,55.44
24,20201007_SEFL_07c_trauma_test_g6,4,traumatest,2,min07,30.28,75.6
24,20201007_SEFL_07c_trauma_test_g6,4,traumatest,2,min08,19.83,155.49
24,20201007_SEFL_07c_trauma_test_g6,4,traumatest,2,avg,26.12,105.15