Animal,Experiment,Box,phase,subphase,subsubphase,component,freezing,motion
4,201215_SEFL20_Atoneshock_g1,1,A_training,bl,,bl,9.74,112.86
4,201215_SEFL20_Atoneshock_g1,1,A_training,cs,,cs_1,52.89,108.9
4,201215_SEFL20_Atoneshock_g1,1,A_training,cs,,cs_2,66,118.56
4,201215_SEFL20_Atoneshock_g1,1,A_training,cs,,cs_3,56.22,138.8
4,201215_SEFL20_Atoneshock_g1,1,A_training,postcs,,postcs_1,19.09,78.75
4,201215_SEFL20_Atoneshock_g1,1,A_training,postcs,,postcs_2,54.84,28.52
4,201215_SEFL20_Atoneshock_g1,1,A_training,postcs,,postcs_3,39.35,54.47
4,201215_SEFL20_Atoneshock_g1,1,A_training,shock,,shock_1,0,867.6
4,201215_SEFL20_Atoneshock_g1,1,A_training,shock,,shock_2,0,1035.33
4,201215_SEFL20_Atoneshock_g1,1,A_training,shock,,shock_3,0,1117.62
5,201215_SEFL20_Atoneshock_g1,2,A_training,bl,,bl,3.28,116.04
5,201215_SEFL20_Atoneshock_g1,2,A_training,cs,,cs_1,39.11,105.2
5,201215_SEFL20_Atoneshock_g1,2,A_training,cs,,cs_2,75.44,66.31
5,201215_SEFL20_Atoneshock_g1,2,A_training,cs,,cs_3,81.22,30.1
5,201215_SEFL20_Atoneshock_g1,2,A_training,postcs,,postcs_1,29.14,81.5
5,201215_SEFL20_Atoneshock_g1,2,A_training,postcs,,postcs_2,48.08,46.86
5,201215_SEFL20_Atoneshock_g1,2,A_training,postcs,,postcs_3,53.1,37.78
5,201215_SEFL20_Atoneshock_g1,2,A_training,shock,,shock_1,0,847
5,201215_SEFL20_Atoneshock_g1,2,A_training,shock,,shock_2,0,702.93
5,201215_SEFL20_Atoneshock_g1,2,A_training,shock,,shock_3,0,373.68
6,201215_SEFL20_Atoneshock_g3,3,A_training,bl,,bl,3.66,171.37
6,201215_SEFL20_Atoneshock_g3,3,A_training,cs,,cs_1,15.56,155.92
6,201215_SEFL20_Atoneshock_g3,3,A_training,cs,,cs_2,74.22,106.11
6,201215_SEFL20_Atoneshock_g3,3,A_training,cs,,cs_3,58.56,114.22
6,201215_SEFL20_Atoneshock_g3,3,A_training,postcs,,postcs_1,1.31,131.51
6,201215_SEFL20_Atoneshock_g3,3,A_training,postcs,,postcs_2,15.23,86.27
6,201215_SEFL20_Atoneshock_g3,3,A_training,postcs,,postcs_3,19.49,94.93
6,201215_SEFL20_Atoneshock_g3,3,A_training,shock,,shock_1,0,890.05
6,201215_SEFL20_Atoneshock_g3,3,A_training,shock,,shock_2,0,878.27
6,201215_SEFL20_Atoneshock_g3,3,A_training,shock,,shock_3,0,764.07
8,201215_SEFL20_Atoneshock_g3,4,A_training,bl,,bl,0,185.84
8,201215_SEFL20_Atoneshock_g3,4,A_training,cs,,cs_1,3.56,200.62
8,201215_SEFL20_Atoneshock_g3,4,A_training,cs,,cs_2,57,95.1
8,201215_SEFL20_Atoneshock_g3,4,A_training,cs,,cs_3,68.33,78.23
8,201215_SEFL20_Atoneshock_g3,4,A_training,postcs,,postcs_1,19.37,162.34
8,201215_SEFL20_Atoneshock_g3,4,A_training,postcs,,postcs_2,41.79,47.86
8,201215_SEFL20_Atoneshock_g3,4,A_training,postcs,,postcs_3,57.18,35.33
8,201215_SEFL20_Atoneshock_g3,4,A_training,shock,,shock_1,0,891.55
8,201215_SEFL20_Atoneshock_g3,4,A_training,shock,,shock_2,0,733.65
8,201215_SEFL20_Atoneshock_g3,4,A_training,shock,,shock_3,0,976.72
14,201215_SEFL20_Atoneshock_g4,1,A_training,bl,,bl,6.03,147.84
14,201215_SEFL20_Atoneshock_g4,1,A_training,cs,,cs_1,26.67,93.7
14,201215_SEFL20_Atoneshock_g4,1,A_training,cs,,cs_2,38.11,121.22
14,201215_SEFL20_Atoneshock_g4,1,A_training,cs,,cs_3,60.78,74.61
14,201215_SEFL20_Atoneshock_g4,1,A_training,postcs,,postcs_1,7.53,128.33
14,201215_SEFL20_Atoneshock_g4,1,A_training,postcs,,postcs_2,27.98,83.81
14,201215_SEFL20_Atoneshock_g4,1,A_training,postcs,,postcs_3,32.67,113.92
14,201215_SEFL20_Atoneshock_g4,1,A_training,shock,,shock_1,0,957.73
14,201215_SEFL20_Atoneshock_g4,1,A_training,shock,,shock_2,0,748.03
14,201215_SEFL20_Atoneshock_g4,1,A_training,shock,,shock_3,0,717.6
15,201215_SEFL20_Atoneshock_g4,2,A_training,bl,,bl,2.6,170.67
15,201215_SEFL20_Atoneshock_g4,2,A_training,cs,,cs_1,10.78,122.91
15,201215_SEFL20_Atoneshock_g4,2,A_training,cs,,cs_2,20.89,103.71
15,201215_SEFL20_Atoneshock_g4,2,A_training,cs,,cs_3,45.33,67.05
15,201215_SEFL20_Atoneshock_g4,2,A_training,postcs,,postcs_1,2.99,154.66
15,201215_SEFL20_Atoneshock_g4,2,A_training,postcs,,postcs_2,14.08,107.14
15,201215_SEFL20_Atoneshock_g4,2,A_training,postcs,,postcs_3,6.31,126.45
15,201215_SEFL20_Atoneshock_g4,2,A_training,shock,,shock_1,0,556.85
15,201215_SEFL20_Atoneshock_g4,2,A_training,shock,,shock_2,0,393.67
15,201215_SEFL20_Atoneshock_g4,2,A_training,shock,,shock_3,0,227.4
18,201215_SEFL20_Atoneshock_g4,3,A_training,bl,,bl,0.4,192.46
18,201215_SEFL20_Atoneshock_g4,3,A_training,cs,,cs_1,0,357.9
18,201215_SEFL20_Atoneshock_g4,3,A_training,cs,,cs_2,27.67,77.39
18,201215_SEFL20_Atoneshock_g4,3,A_training,cs,,cs_3,50.67,94.19
18,201215_SEFL20_Atoneshock_g4,3,A_training,postcs,,postcs_1,1.73,171.53
18,201215_SEFL20_Atoneshock_g4,3,A_training,postcs,,postcs_2,7.31,122.72
18,201215_SEFL20_Atoneshock_g4,3,A_training,postcs,,postcs_3,13.55,100.35
18,201215_SEFL20_Atoneshock_g4,3,A_training,shock,,shock_1,0,1316.17
18,201215_SEFL20_Atoneshock_g4,3,A_training,shock,,shock_2,0,740.73
18,201215_SEFL20_Atoneshock_g4,3,A_training,shock,,shock_3,0,981.75
19,201215_SEFL20_Atoneshock_g4,4,A_training,bl,,bl,5.67,175.1
19,201215_SEFL20_Atoneshock_g4,4,A_training,cs,,cs_1,12.89,251.48
19,201215_SEFL20_Atoneshock_g4,4,A_training,cs,,cs_2,51.67,168.95
19,201215_SEFL20_Atoneshock_g4,4,A_training,cs,,cs_3,41.89,197.89
19,201215_SEFL20_Atoneshock_g4,4,A_training,postcs,,postcs_1,6.8,182.12
19,201215_SEFL20_Atoneshock_g4,4,A_training,postcs,,postcs_2,12.4,164.21
19,201215_SEFL20_Atoneshock_g4,4,A_training,postcs,,postcs_3,29.76,93.59
19,201215_SEFL20_Atoneshock_g4,4,A_training,shock,,shock_1,0,1976.65
19,201215_SEFL20_Atoneshock_g4,4,A_training,shock,,shock_2,0,1048.28
19,201215_SEFL20_Atoneshock_g4,4,A_training,shock,,shock_3,0,1591.62
20,201215_SEFL20_Atoneshock_g5,1,A_training,bl,,bl,1.04,189.54
20,201215_SEFL20_Atoneshock_g5,1,A_training,cs,,cs_1,0,206.03
20,201215_SEFL20_Atoneshock_g5,1,A_training,cs,,cs_2,67.56,94.88
20,201215_SEFL20_Atoneshock_g5,1,A_training,cs,,cs_3,64.22,101
20,201215_SEFL20_Atoneshock_g5,1,A_training,postcs,,postcs_1,11.9,131.01
20,201215_SEFL20_Atoneshock_g5,1,A_training,postcs,,postcs_2,21.29,103.11
20,201215_SEFL20_Atoneshock_g5,1,A_training,postcs,,postcs_3,24,107.81
20,201215_SEFL20_Atoneshock_g5,1,A_training,shock,,shock_1,0,1243.65
20,201215_SEFL20_Atoneshock_g5,1,A_training,shock,,shock_2,0,1175.15
20,201215_SEFL20_Atoneshock_g5,1,A_training,shock,,shock_3,0,1091.67
23,201215_SEFL20_Atoneshock_g1,3,A_training,bl,,bl,2.69,189.13
23,201215_SEFL20_Atoneshock_g1,3,A_training,cs,,cs_1,8.56,161.07
23,201215_SEFL20_Atoneshock_g1,3,A_training,cs,,cs_2,61.22,74.35
23,201215_SEFL20_Atoneshock_g1,3,A_training,cs,,cs_3,67.56,72.08
23,201215_SEFL20_Atoneshock_g1,3,A_training,postcs,,postcs_1,6.13,163.95
23,201215_SEFL20_Atoneshock_g1,3,A_training,postcs,,postcs_2,50.44,67.64
23,201215_SEFL20_Atoneshock_g1,3,A_training,postcs,,postcs_3,67.99,23.09
23,201215_SEFL20_Atoneshock_g1,3,A_training,shock,,shock_1,0,992.17
23,201215_SEFL20_Atoneshock_g1,3,A_training,shock,,shock_2,0,799.4
23,201215_SEFL20_Atoneshock_g1,3,A_training,shock,,shock_3,0,494.68
24,201215_SEFL20_Atoneshock_g1,4,A_training,bl,,bl,5.36,115.97
24,201215_SEFL20_Atoneshock_g1,4,A_training,cs,,cs_1,25.56,168.8
24,201215_SEFL20_Atoneshock_g1,4,A_training,cs,,cs_2,78.11,89.39
24,201215_SEFL20_Atoneshock_g1,4,A_training,cs,,cs_3,70,127.74
24,201215_SEFL20_Atoneshock_g1,4,A_training,postcs,,postcs_1,22.39,66.5
24,201215_SEFL20_Atoneshock_g1,4,A_training,postcs,,postcs_2,40.33,48.26
24,201215_SEFL20_Atoneshock_g1,4,A_training,postcs,,postcs_3,55.77,40.1
24,201215_SEFL20_Atoneshock_g1,4,A_training,shock,,shock_1,0,1300.53
24,201215_SEFL20_Atoneshock_g1,4,A_training,shock,,shock_2,0,1213.13
24,201215_SEFL20_Atoneshock_g1,4,A_training,shock,,shock_3,0,1110.47
25,201215_SEFL20_Atoneshock_g2,1,A_training,bl,,bl,15.2,134.74
25,201215_SEFL20_Atoneshock_g2,1,A_training,cs,,cs_1,30,108.69
25,201215_SEFL20_Atoneshock_g2,1,A_training,cs,,cs_2,62.11,107.55
25,201215_SEFL20_Atoneshock_g2,1,A_training,cs,,cs_3,50.33,175.41
25,201215_SEFL20_Atoneshock_g2,1,A_training,postcs,,postcs_1,27.2,105.79
25,201215_SEFL20_Atoneshock_g2,1,A_training,postcs,,postcs_2,42.46,77.08
25,201215_SEFL20_Atoneshock_g2,1,A_training,postcs,,postcs_3,49.96,61.9
25,201215_SEFL20_Atoneshock_g2,1,A_training,shock,,shock_1,0,1224.72
25,201215_SEFL20_Atoneshock_g2,1,A_training,shock,,shock_2,0,1083.65
25,201215_SEFL20_Atoneshock_g2,1,A_training,shock,,shock_3,0,1171.25
29,201215_SEFL20_Atoneshock_g2,2,A_training,bl,,bl,7.79,149.57
29,201215_SEFL20_Atoneshock_g2,2,A_training,cs,,cs_1,23.33,163.75
29,201215_SEFL20_Atoneshock_g2,2,A_training,cs,,cs_2,66.67,52.67
29,201215_SEFL20_Atoneshock_g2,2,A_training,cs,,cs_3,77.44,60.73
29,201215_SEFL20_Atoneshock_g2,2,A_training,postcs,,postcs_1,6.87,169.21
29,201215_SEFL20_Atoneshock_g2,2,A_training,postcs,,postcs_2,40.99,69.72
29,201215_SEFL20_Atoneshock_g2,2,A_training,postcs,,postcs_3,40.32,84.91
29,201215_SEFL20_Atoneshock_g2,2,A_training,shock,,shock_1,0,791.63
29,201215_SEFL20_Atoneshock_g2,2,A_training,shock,,shock_2,0,602.65
29,201215_SEFL20_Atoneshock_g2,2,A_training,shock,,shock_3,0,794.8
30,201215_SEFL20_Atoneshock_g2,3,A_training,bl,,bl,12.3,137.68
30,201215_SEFL20_Atoneshock_g2,3,A_training,cs,,cs_1,36.78,82.17
30,201215_SEFL20_Atoneshock_g2,3,A_training,cs,,cs_2,67.44,94.46
30,201215_SEFL20_Atoneshock_g2,3,A_training,cs,,cs_3,41.78,121.75
30,201215_SEFL20_Atoneshock_g2,3,A_training,postcs,,postcs_1,25.57,112.39
30,201215_SEFL20_Atoneshock_g2,3,A_training,postcs,,postcs_2,43.91,56.14
30,201215_SEFL20_Atoneshock_g2,3,A_training,postcs,,postcs_3,37.36,66.64
30,201215_SEFL20_Atoneshock_g2,3,A_training,shock,,shock_1,0,691.87
30,201215_SEFL20_Atoneshock_g2,3,A_training,shock,,shock_2,0,751
30,201215_SEFL20_Atoneshock_g2,3,A_training,shock,,shock_3,0,1014.98
32,201215_SEFL20_Atoneshock_g2,4,A_training,bl,,bl,2.19,252.81
32,201215_SEFL20_Atoneshock_g2,4,A_training,cs,,cs_1,3.78,234.14
32,201215_SEFL20_Atoneshock_g2,4,A_training,cs,,cs_2,31.44,78.52
32,201215_SEFL20_Atoneshock_g2,4,A_training,cs,,cs_3,49.11,135.51
32,201215_SEFL20_Atoneshock_g2,4,A_training,postcs,,postcs_1,11.63,165.45
32,201215_SEFL20_Atoneshock_g2,4,A_training,postcs,,postcs_2,30.03,63.54
32,201215_SEFL20_Atoneshock_g2,4,A_training,postcs,,postcs_3,22.51,52.41
32,201215_SEFL20_Atoneshock_g2,4,A_training,shock,,shock_1,0,974.62
32,201215_SEFL20_Atoneshock_g2,4,A_training,shock,,shock_2,0,625.52
32,201215_SEFL20_Atoneshock_g2,4,A_training,shock,,shock_3,0,958.25
33,201215_SEFL20_Atoneshock_g5,2,A_training,bl,,bl,10.28,93.35
33,201215_SEFL20_Atoneshock_g5,2,A_training,cs,,cs_1,28,97.92
33,201215_SEFL20_Atoneshock_g5,2,A_training,cs,,cs_2,68.33,83.58
33,201215_SEFL20_Atoneshock_g5,2,A_training,cs,,cs_3,73.22,115.56
33,201215_SEFL20_Atoneshock_g5,2,A_training,postcs,,postcs_1,8.23,148
33,201215_SEFL20_Atoneshock_g5,2,A_training,postcs,,postcs_2,10.58,133.43
33,201215_SEFL20_Atoneshock_g5,2,A_training,postcs,,postcs_3,30.18,86.66
33,201215_SEFL20_Atoneshock_g5,2,A_training,shock,,shock_1,0,785.5
33,201215_SEFL20_Atoneshock_g5,2,A_training,shock,,shock_2,0,705.42
33,201215_SEFL20_Atoneshock_g5,2,A_training,shock,,shock_3,0,721.27
34,201215_SEFL20_Atoneshock_g5,3,A_training,bl,,bl,0.48,205.06
34,201215_SEFL20_Atoneshock_g5,3,A_training,cs,,cs_1,0,185.52
34,201215_SEFL20_Atoneshock_g5,3,A_training,cs,,cs_2,56.56,123.24
34,201215_SEFL20_Atoneshock_g5,3,A_training,cs,,cs_3,61.33,138.79
34,201215_SEFL20_Atoneshock_g5,3,A_training,postcs,,postcs_1,0.4,193.92
34,201215_SEFL20_Atoneshock_g5,3,A_training,postcs,,postcs_2,3.81,146.04
34,201215_SEFL20_Atoneshock_g5,3,A_training,postcs,,postcs_3,11.04,135.18
34,201215_SEFL20_Atoneshock_g5,3,A_training,shock,,shock_1,0,986.83
34,201215_SEFL20_Atoneshock_g5,3,A_training,shock,,shock_2,0,604.03
34,201215_SEFL20_Atoneshock_g5,3,A_training,shock,,shock_3,0,917.63
36,201215_SEFL20_Atoneshock_g5,4,A_training,bl,,bl,1.02,183.35
36,201215_SEFL20_Atoneshock_g5,4,A_training,cs,,cs_1,3.78,207.31
36,201215_SEFL20_Atoneshock_g5,4,A_training,cs,,cs_2,29.89,128.41
36,201215_SEFL20_Atoneshock_g5,4,A_training,cs,,cs_3,50.78,91.19
36,201215_SEFL20_Atoneshock_g5,4,A_training,postcs,,postcs_1,5.57,144.35
36,201215_SEFL20_Atoneshock_g5,4,A_training,postcs,,postcs_2,12.36,111.97
36,201215_SEFL20_Atoneshock_g5,4,A_training,postcs,,postcs_3,17.49,98.7
36,201215_SEFL20_Atoneshock_g5,4,A_training,shock,,shock_1,0,1104
36,201215_SEFL20_Atoneshock_g5,4,A_training,shock,,shock_2,0,929.75
36,201215_SEFL20_Atoneshock_g5,4,A_training,shock,,shock_3,0,1062.22
78,201215_SEFL20_Atoneshock_g3,1,A_training,bl,,bl,5.62,129.87
78,201215_SEFL20_Atoneshock_g3,1,A_training,cs,,cs_1,50.44,85.05
78,201215_SEFL20_Atoneshock_g3,1,A_training,cs,,cs_2,63.44,105.53
78,201215_SEFL20_Atoneshock_g3,1,A_training,cs,,cs_3,75.89,85.84
78,201215_SEFL20_Atoneshock_g3,1,A_training,postcs,,postcs_1,12.47,126.87
78,201215_SEFL20_Atoneshock_g3,1,A_training,postcs,,postcs_2,36.83,57.68
78,201215_SEFL20_Atoneshock_g3,1,A_training,postcs,,postcs_3,45.78,41.77
78,201215_SEFL20_Atoneshock_g3,1,A_training,shock,,shock_1,0,784.55
78,201215_SEFL20_Atoneshock_g3,1,A_training,shock,,shock_2,0,778.18
78,201215_SEFL20_Atoneshock_g3,1,A_training,shock,,shock_3,0,457.38
79,201215_SEFL20_Atoneshock_g3,2,A_training,bl,,bl,4.67,197.81
79,201215_SEFL20_Atoneshock_g3,2,A_training,cs,,cs_1,8.33,162.75
79,201215_SEFL20_Atoneshock_g3,2,A_training,cs,,cs_2,61.11,44.85
79,201215_SEFL20_Atoneshock_g3,2,A_training,cs,,cs_3,84.33,37.59
79,201215_SEFL20_Atoneshock_g3,2,A_training,postcs,,postcs_1,16.12,119.33
79,201215_SEFL20_Atoneshock_g3,2,A_training,postcs,,postcs_2,25.9,71.51
79,201215_SEFL20_Atoneshock_g3,2,A_training,postcs,,postcs_3,55.95,24.08
79,201215_SEFL20_Atoneshock_g3,2,A_training,shock,,shock_1,0,713.83
79,201215_SEFL20_Atoneshock_g3,2,A_training,shock,,shock_2,0,484.87
79,201215_SEFL20_Atoneshock_g3,2,A_training,shock,,shock_3,0,471.55
4,201216_SEFL20_Atonetest_g1,1,A_tonetest,bl,,bl,31.74,45.19
4,201216_SEFL20_Atonetest_g1,1,A_tonetest,cs,,cs_1,87,7.75
4,201216_SEFL20_Atonetest_g1,1,A_tonetest,cs,,cs_2,96.56,0.37
4,201216_SEFL20_Atonetest_g1,1,A_tonetest,cs,,cs_3,65.89,44.17
4,201216_SEFL20_Atonetest_g1,1,A_tonetest,postcs,,postcs_1,37.24,60.29
4,201216_SEFL20_Atonetest_g1,1,A_tonetest,postcs,,postcs_2,53.03,51.11
4,201216_SEFL20_Atonetest_g1,1,A_tonetest,postcs,,postcs_3,69.24,18.16
4,201216_SEFL20_Atonetest_g1,1,A_tonetest,shock,,shock_1,0,22.7
4,201216_SEFL20_Atonetest_g1,1,A_tonetest,shock,,shock_2,100,0
4,201216_SEFL20_Atonetest_g1,1,A_tonetest,shock,,shock_3,78.33,1
5,201216_SEFL20_Atonetest_g1,2,A_tonetest,bl,,bl,27.47,65.81
5,201216_SEFL20_Atonetest_g1,2,A_tonetest,cs,,cs_1,84.22,7.64
5,201216_SEFL20_Atonetest_g1,2,A_tonetest,cs,,cs_2,70.89,55.54
5,201216_SEFL20_Atonetest_g1,2,A_tonetest,cs,,cs_3,79,5.88
5,201216_SEFL20_Atonetest_g1,2,A_tonetest,postcs,,postcs_1,30.32,63.01
5,201216_SEFL20_Atonetest_g1,2,A_tonetest,postcs,,postcs_2,49.79,21.52
5,201216_SEFL20_Atonetest_g1,2,A_tonetest,postcs,,postcs_3,46.8,37.9
5,201216_SEFL20_Atonetest_g1,2,A_tonetest,shock,,shock_1,100,0
5,201216_SEFL20_Atonetest_g1,2,A_tonetest,shock,,shock_2,0,8.15
5,201216_SEFL20_Atonetest_g1,2,A_tonetest,shock,,shock_3,91.67,4.8
6,201216_SEFL20_Atonetest_g3,3,A_tonetest,bl,,bl,6.28,150.87
6,201216_SEFL20_Atonetest_g3,3,A_tonetest,cs,,cs_1,87.22,14.74
6,201216_SEFL20_Atonetest_g3,3,A_tonetest,cs,,cs_2,54.89,76.21
6,201216_SEFL20_Atonetest_g3,3,A_tonetest,cs,,cs_3,72.33,93.29
6,201216_SEFL20_Atonetest_g3,3,A_tonetest,postcs,,postcs_1,31.77,83.41
6,201216_SEFL20_Atonetest_g3,3,A_tonetest,postcs,,postcs_2,37,103.2
6,201216_SEFL20_Atonetest_g3,3,A_tonetest,postcs,,postcs_3,37.3,95.35
6,201216_SEFL20_Atonetest_g3,3,A_tonetest,shock,,shock_1,100,0.6
6,201216_SEFL20_Atonetest_g3,3,A_tonetest,shock,,shock_2,0,20.08
6,201216_SEFL20_Atonetest_g3,3,A_tonetest,shock,,shock_3,100,0.07
8,201216_SEFL20_Atonetest_g3,4,A_tonetest,bl,,bl,30.18,38.24
8,201216_SEFL20_Atonetest_g3,4,A_tonetest,cs,,cs_1,50.89,47.76
8,201216_SEFL20_Atonetest_g3,4,A_tonetest,cs,,cs_2,73.33,21.01
8,201216_SEFL20_Atonetest_g3,4,A_tonetest,cs,,cs_3,66.56,21.42
8,201216_SEFL20_Atonetest_g3,4,A_tonetest,postcs,,postcs_1,22.2,98.35
8,201216_SEFL20_Atonetest_g3,4,A_tonetest,postcs,,postcs_2,22.42,106.56
8,201216_SEFL20_Atonetest_g3,4,A_tonetest,postcs,,postcs_3,19.67,107.19
8,201216_SEFL20_Atonetest_g3,4,A_tonetest,shock,,shock_1,0,73.6
8,201216_SEFL20_Atonetest_g3,4,A_tonetest,shock,,shock_2,100,0.13
8,201216_SEFL20_Atonetest_g3,4,A_tonetest,shock,,shock_3,55,24.72
14,201216_SEFL20_Atonetest_g4,1,A_tonetest,bl,,bl,26.29,77.61
14,201216_SEFL20_Atonetest_g4,1,A_tonetest,cs,,cs_1,89.33,37.78
14,201216_SEFL20_Atonetest_g4,1,A_tonetest,cs,,cs_2,64.56,66.71
14,201216_SEFL20_Atonetest_g4,1,A_tonetest,cs,,cs_3,91.33,4.46
14,201216_SEFL20_Atonetest_g4,1,A_tonetest,postcs,,postcs_1,37.99,68.34
14,201216_SEFL20_Atonetest_g4,1,A_tonetest,postcs,,postcs_2,41.01,51.51
14,201216_SEFL20_Atonetest_g4,1,A_tonetest,postcs,,postcs_3,53.69,27.66
14,201216_SEFL20_Atonetest_g4,1,A_tonetest,shock,,shock_1,100,0
14,201216_SEFL20_Atonetest_g4,1,A_tonetest,shock,,shock_2,68.33,15.55
14,201216_SEFL20_Atonetest_g4,1,A_tonetest,shock,,shock_3,70,7.8
15,201216_SEFL20_Atonetest_g4,2,A_tonetest,bl,,bl,9.01,177.39
15,201216_SEFL20_Atonetest_g4,2,A_tonetest,cs,,cs_1,44.11,57.46
15,201216_SEFL20_Atonetest_g4,2,A_tonetest,cs,,cs_2,16.78,139.03
15,201216_SEFL20_Atonetest_g4,2,A_tonetest,cs,,cs_3,56.44,32.35
15,201216_SEFL20_Atonetest_g4,2,A_tonetest,postcs,,postcs_1,29.47,86.78
15,201216_SEFL20_Atonetest_g4,2,A_tonetest,postcs,,postcs_2,9.66,137.22
15,201216_SEFL20_Atonetest_g4,2,A_tonetest,postcs,,postcs_3,15.83,96.12
15,201216_SEFL20_Atonetest_g4,2,A_tonetest,shock,,shock_1,0,100.72
15,201216_SEFL20_Atonetest_g4,2,A_tonetest,shock,,shock_2,60,1.65
15,201216_SEFL20_Atonetest_g4,2,A_tonetest,shock,,shock_3,61.67,26.27
18,201216_SEFL20_Atonetest_g4,3,A_tonetest,bl,,bl,7.8,97.53
18,201216_SEFL20_Atonetest_g4,3,A_tonetest,cs,,cs_1,32,91.79
18,201216_SEFL20_Atonetest_g4,3,A_tonetest,cs,,cs_2,64.11,24.39
18,201216_SEFL20_Atonetest_g4,3,A_tonetest,cs,,cs_3,53.11,38.8
18,201216_SEFL20_Atonetest_g4,3,A_tonetest,postcs,,postcs_1,13.79,103.87
18,201216_SEFL20_Atonetest_g4,3,A_tonetest,postcs,,postcs_2,18.73,92.27
18,201216_SEFL20_Atonetest_g4,3,A_tonetest,postcs,,postcs_3,14.04,105.73
18,201216_SEFL20_Atonetest_g4,3,A_tonetest,shock,,shock_1,0,163.53
18,201216_SEFL20_Atonetest_g4,3,A_tonetest,shock,,shock_2,0,20.33
18,201216_SEFL20_Atonetest_g4,3,A_tonetest,shock,,shock_3,0,162.85
19,201216_SEFL20_Atonetest_g4,4,A_tonetest,bl,,bl,55.12,54.68
19,201216_SEFL20_Atonetest_g4,4,A_tonetest,cs,,cs_1,80.22,19.88
19,201216_SEFL20_Atonetest_g4,4,A_tonetest,cs,,cs_2,79.56,11.87
19,201216_SEFL20_Atonetest_g4,4,A_tonetest,cs,,cs_3,87.56,11.84
19,201216_SEFL20_Atonetest_g4,4,A_tonetest,postcs,,postcs_1,43.99,46.94
19,201216_SEFL20_Atonetest_g4,4,A_tonetest,postcs,,postcs_2,42.12,43.91
19,201216_SEFL20_Atonetest_g4,4,A_tonetest,postcs,,postcs_3,53.19,26.39
19,201216_SEFL20_Atonetest_g4,4,A_tonetest,shock,,shock_1,100,0
19,201216_SEFL20_Atonetest_g4,4,A_tonetest,shock,,shock_2,60,2.48
19,201216_SEFL20_Atonetest_g4,4,A_tonetest,shock,,shock_3,86.67,18.3
20,201216_SEFL20_Atonetest_g5,1,A_tonetest,bl,,bl,26.42,85.88
20,201216_SEFL20_Atonetest_g5,1,A_tonetest,cs,,cs_1,46.33,57.14
20,201216_SEFL20_Atonetest_g5,1,A_tonetest,cs,,cs_2,84,6.68
20,201216_SEFL20_Atonetest_g5,1,A_tonetest,cs,,cs_3,64.78,28.39
20,201216_SEFL20_Atonetest_g5,1,A_tonetest,postcs,,postcs_1,14.6,101.58
20,201216_SEFL20_Atonetest_g5,1,A_tonetest,postcs,,postcs_2,14.42,106.09
20,201216_SEFL20_Atonetest_g5,1,A_tonetest,postcs,,postcs_3,29.46,70.67
20,201216_SEFL20_Atonetest_g5,1,A_tonetest,shock,,shock_1,0,18.08
20,201216_SEFL20_Atonetest_g5,1,A_tonetest,shock,,shock_2,100,0.02
20,201216_SEFL20_Atonetest_g5,1,A_tonetest,shock,,shock_3,0,12.08
23,201216_SEFL20_Atonetest_g1,3,A_tonetest,bl,,bl,38.84,48.19
23,201216_SEFL20_Atonetest_g1,3,A_tonetest,cs,,cs_1,88,6.88
23,201216_SEFL20_Atonetest_g1,3,A_tonetest,cs,,cs_2,77.33,32.04
23,201216_SEFL20_Atonetest_g1,3,A_tonetest,cs,,cs_3,96.67,2.35
23,201216_SEFL20_Atonetest_g1,3,A_tonetest,postcs,,postcs_1,51.74,42.97
23,201216_SEFL20_Atonetest_g1,3,A_tonetest,postcs,,postcs_2,37.1,30.23
23,201216_SEFL20_Atonetest_g1,3,A_tonetest,postcs,,postcs_3,62.57,13.17
23,201216_SEFL20_Atonetest_g1,3,A_tonetest,shock,,shock_1,100,0
23,201216_SEFL20_Atonetest_g1,3,A_tonetest,shock,,shock_2,98.33,0.6
23,201216_SEFL20_Atonetest_g1,3,A_tonetest,shock,,shock_3,100,0
24,201216_SEFL20_Atonetest_g1,4,A_tonetest,bl,,bl,19.59,73.75
24,201216_SEFL20_Atonetest_g1,4,A_tonetest,cs,,cs_1,77.22,46.79
24,201216_SEFL20_Atonetest_g1,4,A_tonetest,cs,,cs_2,71.67,59.96
24,201216_SEFL20_Atonetest_g1,4,A_tonetest,cs,,cs_3,75.33,33.78
24,201216_SEFL20_Atonetest_g1,4,A_tonetest,postcs,,postcs_1,21.76,82.36
24,201216_SEFL20_Atonetest_g1,4,A_tonetest,postcs,,postcs_2,31.02,76.61
24,201216_SEFL20_Atonetest_g1,4,A_tonetest,postcs,,postcs_3,33.68,60.3
24,201216_SEFL20_Atonetest_g1,4,A_tonetest,shock,,shock_1,100,0.03
24,201216_SEFL20_Atonetest_g1,4,A_tonetest,shock,,shock_2,0,25.22
24,201216_SEFL20_Atonetest_g1,4,A_tonetest,shock,,shock_3,58.33,14.47
25,201216_SEFL20_Atonetest_g2,1,A_tonetest,bl,,bl,36.98,74.37
25,201216_SEFL20_Atonetest_g2,1,A_tonetest,cs,,cs_1,28.33,108.25
25,201216_SEFL20_Atonetest_g2,1,A_tonetest,cs,,cs_2,61.89,50.42
25,201216_SEFL20_Atonetest_g2,1,A_tonetest,cs,,cs_3,68.56,58.44
25,201216_SEFL20_Atonetest_g2,1,A_tonetest,postcs,,postcs_1,56.42,31.56
25,201216_SEFL20_Atonetest_g2,1,A_tonetest,postcs,,postcs_2,36.46,78.79
25,201216_SEFL20_Atonetest_g2,1,A_tonetest,postcs,,postcs_3,39.14,80.42
25,201216_SEFL20_Atonetest_g2,1,A_tonetest,shock,,shock_1,0,59.22
25,201216_SEFL20_Atonetest_g2,1,A_tonetest,shock,,shock_2,100,0.3
25,201216_SEFL20_Atonetest_g2,1,A_tonetest,shock,,shock_3,55,13.02
29,201216_SEFL20_Atonetest_g2,2,A_tonetest,bl,,bl,24.44,98.4
29,201216_SEFL20_Atonetest_g2,2,A_tonetest,cs,,cs_1,62.44,88.47
29,201216_SEFL20_Atonetest_g2,2,A_tonetest,cs,,cs_2,26.78,73.77
29,201216_SEFL20_Atonetest_g2,2,A_tonetest,cs,,cs_3,89,14.87
29,201216_SEFL20_Atonetest_g2,2,A_tonetest,postcs,,postcs_1,22.14,85.63
29,201216_SEFL20_Atonetest_g2,2,A_tonetest,postcs,,postcs_2,42.2,59.93
29,201216_SEFL20_Atonetest_g2,2,A_tonetest,postcs,,postcs_3,44.49,54.34
29,201216_SEFL20_Atonetest_g2,2,A_tonetest,shock,,shock_1,100,0
29,201216_SEFL20_Atonetest_g2,2,A_tonetest,shock,,shock_2,76.67,10.08
29,201216_SEFL20_Atonetest_g2,2,A_tonetest,shock,,shock_3,100,0.05
30,201216_SEFL20_Atonetest_g2,3,A_tonetest,bl,,bl,19.88,155.08
30,201216_SEFL20_Atonetest_g2,3,A_tonetest,cs,,cs_1,59.67,45.57
30,201216_SEFL20_Atonetest_g2,3,A_tonetest,cs,,cs_2,46.89,70.45
30,201216_SEFL20_Atonetest_g2,3,A_tonetest,cs,,cs_3,81.44,10.07
30,201216_SEFL20_Atonetest_g2,3,A_tonetest,postcs,,postcs_1,39.6,53.99
30,201216_SEFL20_Atonetest_g2,3,A_tonetest,postcs,,postcs_2,42.8,50.31
30,201216_SEFL20_Atonetest_g2,3,A_tonetest,postcs,,postcs_3,41.34,63.66
30,201216_SEFL20_Atonetest_g2,3,A_tonetest,shock,,shock_1,100,0
30,201216_SEFL20_Atonetest_g2,3,A_tonetest,shock,,shock_2,58.33,38.95
30,201216_SEFL20_Atonetest_g2,3,A_tonetest,shock,,shock_3,91.67,5.18
32,201216_SEFL20_Atonetest_g2,4,A_tonetest,bl,,bl,27.97,72.83
32,201216_SEFL20_Atonetest_g2,4,A_tonetest,cs,,cs_1,42.33,72.59
32,201216_SEFL20_Atonetest_g2,4,A_tonetest,cs,,cs_2,81.22,17.9
32,201216_SEFL20_Atonetest_g2,4,A_tonetest,cs,,cs_3,78.78,12.96
32,201216_SEFL20_Atonetest_g2,4,A_tonetest,postcs,,postcs_1,18.07,100.17
32,201216_SEFL20_Atonetest_g2,4,A_tonetest,postcs,,postcs_2,34.06,56.64
32,201216_SEFL20_Atonetest_g2,4,A_tonetest,postcs,,postcs_3,25.41,96.78
32,201216_SEFL20_Atonetest_g2,4,A_tonetest,shock,,shock_1,56.67,6.25
32,201216_SEFL20_Atonetest_g2,4,A_tonetest,shock,,shock_2,63.33,5.1
32,201216_SEFL20_Atonetest_g2,4,A_tonetest,shock,,shock_3,70,14.25
33,201216_SEFL20_Atonetest_g5,2,A_tonetest,bl,,bl,17.56,101.58
33,201216_SEFL20_Atonetest_g5,2,A_tonetest,cs,,cs_1,52.56,61.76
33,201216_SEFL20_Atonetest_g5,2,A_tonetest,cs,,cs_2,75,45.41
33,201216_SEFL20_Atonetest_g5,2,A_tonetest,cs,,cs_3,63,35.61
33,201216_SEFL20_Atonetest_g5,2,A_tonetest,postcs,,postcs_1,27.07,86.07
33,201216_SEFL20_Atonetest_g5,2,A_tonetest,postcs,,postcs_2,27.66,66.76
33,201216_SEFL20_Atonetest_g5,2,A_tonetest,postcs,,postcs_3,14.27,116.92
33,201216_SEFL20_Atonetest_g5,2,A_tonetest,shock,,shock_1,71.67,21
33,201216_SEFL20_Atonetest_g5,2,A_tonetest,shock,,shock_2,100,0.03
33,201216_SEFL20_Atonetest_g5,2,A_tonetest,shock,,shock_3,0,19.77
34,201216_SEFL20_Atonetest_g5,3,A_tonetest,bl,,bl,7.39,170.6
34,201216_SEFL20_Atonetest_g5,3,A_tonetest,cs,,cs_1,56.89,29.65
34,201216_SEFL20_Atonetest_g5,3,A_tonetest,cs,,cs_2,70.67,48.85
34,201216_SEFL20_Atonetest_g5,3,A_tonetest,cs,,cs_3,75.44,9.86
34,201216_SEFL20_Atonetest_g5,3,A_tonetest,postcs,,postcs_1,8.71,207.15
34,201216_SEFL20_Atonetest_g5,3,A_tonetest,postcs,,postcs_2,7.26,169.76
34,201216_SEFL20_Atonetest_g5,3,A_tonetest,postcs,,postcs_3,17.87,79.01
34,201216_SEFL20_Atonetest_g5,3,A_tonetest,shock,,shock_1,63.33,8.88
34,201216_SEFL20_Atonetest_g5,3,A_tonetest,shock,,shock_2,55,5
34,201216_SEFL20_Atonetest_g5,3,A_tonetest,shock,,shock_3,85,3.4
36,201216_SEFL20_Atonetest_g5,4,A_tonetest,bl,,bl,10.83,154.03
36,201216_SEFL20_Atonetest_g5,4,A_tonetest,cs,,cs_1,57.67,73.14
36,201216_SEFL20_Atonetest_g5,4,A_tonetest,cs,,cs_2,63,35.9
36,201216_SEFL20_Atonetest_g5,4,A_tonetest,cs,,cs_3,57.89,56.12
36,201216_SEFL20_Atonetest_g5,4,A_tonetest,postcs,,postcs_1,24.74,94.53
36,201216_SEFL20_Atonetest_g5,4,A_tonetest,postcs,,postcs_2,14.54,137.26
36,201216_SEFL20_Atonetest_g5,4,A_tonetest,postcs,,postcs_3,14.28,88.21
36,201216_SEFL20_Atonetest_g5,4,A_tonetest,shock,,shock_1,85,7.38
36,201216_SEFL20_Atonetest_g5,4,A_tonetest,shock,,shock_2,0,26.15
36,201216_SEFL20_Atonetest_g5,4,A_tonetest,shock,,shock_3,0,108.87
78,201216_SEFL20_Atonetest_g3,1,A_tonetest,bl,,bl,4.31,143.53
78,201216_SEFL20_Atonetest_g3,1,A_tonetest,cs,,cs_1,74.78,14.18
78,201216_SEFL20_Atonetest_g3,1,A_tonetest,cs,,cs_2,76.22,16.2
78,201216_SEFL20_Atonetest_g3,1,A_tonetest,cs,,cs_3,62.56,36.52
78,201216_SEFL20_Atonetest_g3,1,A_tonetest,postcs,,postcs_1,14,111.21
78,201216_SEFL20_Atonetest_g3,1,A_tonetest,postcs,,postcs_2,27.92,93.83
78,201216_SEFL20_Atonetest_g3,1,A_tonetest,postcs,,postcs_3,34.27,81.19
78,201216_SEFL20_Atonetest_g3,1,A_tonetest,shock,,shock_1,0,22.52
78,201216_SEFL20_Atonetest_g3,1,A_tonetest,shock,,shock_2,0,9.23
78,201216_SEFL20_Atonetest_g3,1,A_tonetest,shock,,shock_3,51.67,6.77
79,201216_SEFL20_Atonetest_g3,2,A_tonetest,bl,,bl,17.68,98.11
79,201216_SEFL20_Atonetest_g3,2,A_tonetest,cs,,cs_1,81.44,9.99
79,201216_SEFL20_Atonetest_g3,2,A_tonetest,cs,,cs_2,93.11,6.87
79,201216_SEFL20_Atonetest_g3,2,A_tonetest,cs,,cs_3,87.33,3.69
79,201216_SEFL20_Atonetest_g3,2,A_tonetest,postcs,,postcs_1,35.32,56.54
79,201216_SEFL20_Atonetest_g3,2,A_tonetest,postcs,,postcs_2,43.04,48.82
79,201216_SEFL20_Atonetest_g3,2,A_tonetest,postcs,,postcs_3,51.32,17.3
79,201216_SEFL20_Atonetest_g3,2,A_tonetest,shock,,shock_1,100,0
79,201216_SEFL20_Atonetest_g3,2,A_tonetest,shock,,shock_2,91.67,8.65
79,201216_SEFL20_Atonetest_g3,2,A_tonetest,shock,,shock_3,60,3.87
4,201217_SEFL20_trauma_g1,1,trauma,baseline,,baseline,44.05,50.26
4,201217_SEFL20_trauma_g1,1,trauma,shock,,shock01,0,44.67
4,201217_SEFL20_trauma_g1,1,trauma,shock,,shock02,100,0
4,201217_SEFL20_trauma_g1,1,trauma,shock,,shock03,0,161.1
4,201217_SEFL20_trauma_g1,1,trauma,shock,,shock04,0,23.37
4,201217_SEFL20_trauma_g1,1,trauma,shock,,shock05,0,109.23
4,201217_SEFL20_trauma_g1,1,trauma,shock,,shock06,0,421.73
4,201217_SEFL20_trauma_g1,1,trauma,shock,,shock07,0,13.9
4,201217_SEFL20_trauma_g1,1,trauma,shock,,shock08,0,9.5
4,201217_SEFL20_trauma_g1,1,trauma,shock,,shock09,0,499.27
4,201217_SEFL20_trauma_g1,1,trauma,shock,,shock10,0,36.97
4,201217_SEFL20_trauma_g1,1,trauma,postshock,,postshock01,23.78,74.6
4,201217_SEFL20_trauma_g1,1,trauma,postshock,,postshock02,13.22,79.05
4,201217_SEFL20_trauma_g1,1,trauma,postshock,,postshock03,27.67,64.4
4,201217_SEFL20_trauma_g1,1,trauma,postshock,,postshock04,0,105.92
4,201217_SEFL20_trauma_g1,1,trauma,postshock,,postshock05,31,70.44
4,201217_SEFL20_trauma_g1,1,trauma,postshock,,postshock06,11.33,115.1
4,201217_SEFL20_trauma_g1,1,trauma,postshock,,postshock07,19.33,58.32
4,201217_SEFL20_trauma_g1,1,trauma,postshock,,postshock08,21.89,76.37
4,201217_SEFL20_trauma_g1,1,trauma,postshock,,postshock09,6.11,146.2
4,201217_SEFL20_trauma_g1,1,trauma,postshock,,postshock10,25,38.49
5,201217_SEFL20_trauma_g1,2,trauma,baseline,,baseline,21.97,99.43
5,201217_SEFL20_trauma_g1,2,trauma,shock,,shock01,0,673.63
5,201217_SEFL20_trauma_g1,2,trauma,shock,,shock02,0,667.7
5,201217_SEFL20_trauma_g1,2,trauma,shock,,shock03,0,722.17
5,201217_SEFL20_trauma_g1,2,trauma,shock,,shock04,0,890.9
5,201217_SEFL20_trauma_g1,2,trauma,shock,,shock05,0,644.3
5,201217_SEFL20_trauma_g1,2,trauma,shock,,shock06,0,419.23
5,201217_SEFL20_trauma_g1,2,trauma,shock,,shock07,0,306.93
5,201217_SEFL20_trauma_g1,2,trauma,shock,,shock08,0,191.2
5,201217_SEFL20_trauma_g1,2,trauma,shock,,shock09,0,645.27
5,201217_SEFL20_trauma_g1,2,trauma,shock,,shock10,0,571.6
5,201217_SEFL20_trauma_g1,2,trauma,postshock,,postshock01,23.44,51.51
5,201217_SEFL20_trauma_g1,2,trauma,postshock,,postshock02,47,20.54
5,201217_SEFL20_trauma_g1,2,trauma,postshock,,postshock03,9,44.26
5,201217_SEFL20_trauma_g1,2,trauma,postshock,,postshock04,52.44,52.5
5,201217_SEFL20_trauma_g1,2,trauma,postshock,,postshock05,0,96.3
5,201217_SEFL20_trauma_g1,2,trauma,postshock,,postshock06,8.11,54.8
5,201217_SEFL20_trauma_g1,2,trauma,postshock,,postshock07,8.89,46.14
5,201217_SEFL20_trauma_g1,2,trauma,postshock,,postshock08,40.11,28.17
5,201217_SEFL20_trauma_g1,2,trauma,postshock,,postshock09,21,103.63
5,201217_SEFL20_trauma_g1,2,trauma,postshock,,postshock10,28.56,22.72
6,201217_SEFL20_trauma_g3,3,trauma,baseline,,baseline,2.97,180.32
6,201217_SEFL20_trauma_g3,3,trauma,shock,,shock01,0,167.6
6,201217_SEFL20_trauma_g3,3,trauma,shock,,shock02,0,76.6
6,201217_SEFL20_trauma_g3,3,trauma,shock,,shock03,0,19.83
6,201217_SEFL20_trauma_g3,3,trauma,shock,,shock04,0,97.97
6,201217_SEFL20_trauma_g3,3,trauma,shock,,shock05,0,203.1
6,201217_SEFL20_trauma_g3,3,trauma,shock,,shock06,0,364.4
6,201217_SEFL20_trauma_g3,3,trauma,shock,,shock07,0,140.53
6,201217_SEFL20_trauma_g3,3,trauma,shock,,shock08,0,113.87
6,201217_SEFL20_trauma_g3,3,trauma,shock,,shock09,100,0.17
6,201217_SEFL20_trauma_g3,3,trauma,shock,,shock10,0,83.57
6,201217_SEFL20_trauma_g3,3,trauma,postshock,,postshock01,28,111.93
6,201217_SEFL20_trauma_g3,3,trauma,postshock,,postshock02,6.11,59.68
6,201217_SEFL20_trauma_g3,3,trauma,postshock,,postshock03,4.33,153.58
6,201217_SEFL20_trauma_g3,3,trauma,postshock,,postshock04,5,167.07
6,201217_SEFL20_trauma_g3,3,trauma,postshock,,postshock05,18.89,149.92
6,201217_SEFL20_trauma_g3,3,trauma,postshock,,postshock06,3.78,177.65
6,201217_SEFL20_trauma_g3,3,trauma,postshock,,postshock07,24.56,54.83
6,201217_SEFL20_trauma_g3,3,trauma,postshock,,postshock08,36.11,33.51
6,201217_SEFL20_trauma_g3,3,trauma,postshock,,postshock09,28.33,77.29
6,201217_SEFL20_trauma_g3,3,trauma,postshock,,postshock10,45.44,38.94
8,201217_SEFL20_trauma_g3,4,trauma,baseline,,baseline,1.6,218.89
8,201217_SEFL20_trauma_g3,4,trauma,shock,,shock01,0,684.47
8,201217_SEFL20_trauma_g3,4,trauma,shock,,shock02,0,1120.87
8,201217_SEFL20_trauma_g3,4,trauma,shock,,shock03,0,1536.63
8,201217_SEFL20_trauma_g3,4,trauma,shock,,shock04,0,713.47
8,201217_SEFL20_trauma_g3,4,trauma,shock,,shock05,0,1377.23
8,201217_SEFL20_trauma_g3,4,trauma,shock,,shock06,0,998.23
8,201217_SEFL20_trauma_g3,4,trauma,shock,,shock07,0,1507.4
8,201217_SEFL20_trauma_g3,4,trauma,shock,,shock08,0,1066.4
8,201217_SEFL20_trauma_g3,4,trauma,shock,,shock09,0,934.67
8,201217_SEFL20_trauma_g3,4,trauma,shock,,shock10,0,835.93
8,201217_SEFL20_trauma_g3,4,trauma,postshock,,postshock01,0,138.35
8,201217_SEFL20_trauma_g3,4,trauma,postshock,,postshock02,9.78,94.1
8,201217_SEFL20_trauma_g3,4,trauma,postshock,,postshock03,23.22,79.46
8,201217_SEFL20_trauma_g3,4,trauma,postshock,,postshock04,0,230.17
8,201217_SEFL20_trauma_g3,4,trauma,postshock,,postshock05,40.44,51.48
8,201217_SEFL20_trauma_g3,4,trauma,postshock,,postshock06,13.22,117.78
8,201217_SEFL20_trauma_g3,4,trauma,postshock,,postshock07,11,82.93
8,201217_SEFL20_trauma_g3,4,trauma,postshock,,postshock08,25.89,95.3
8,201217_SEFL20_trauma_g3,4,trauma,postshock,,postshock09,50,20.4
8,201217_SEFL20_trauma_g3,4,trauma,postshock,,postshock10,0,136.53
14,201217_SEFL20_trauma_g4,1,trauma,baseline,,baseline,23.36,87.18
14,201217_SEFL20_trauma_g4,1,trauma,shock,,shock01,0,58.1
14,201217_SEFL20_trauma_g4,1,trauma,shock,,shock02,0,113.33
14,201217_SEFL20_trauma_g4,1,trauma,shock,,shock03,0,176.97
14,201217_SEFL20_trauma_g4,1,trauma,shock,,shock04,0,122.4
14,201217_SEFL20_trauma_g4,1,trauma,shock,,shock05,100,0
14,201217_SEFL20_trauma_g4,1,trauma,shock,,shock06,0,93.1
14,201217_SEFL20_trauma_g4,1,trauma,shock,,shock07,0,47.9
14,201217_SEFL20_trauma_g4,1,trauma,shock,,shock08,0,15.2
14,201217_SEFL20_trauma_g4,1,trauma,shock,,shock09,0,93.07
14,201217_SEFL20_trauma_g4,1,trauma,shock,,shock10,0,313.63
14,201217_SEFL20_trauma_g4,1,trauma,postshock,,postshock01,24.67,48.29
14,201217_SEFL20_trauma_g4,1,trauma,postshock,,postshock02,18.78,77.35
14,201217_SEFL20_trauma_g4,1,trauma,postshock,,postshock03,26.44,42.42
14,201217_SEFL20_trauma_g4,1,trauma,postshock,,postshock04,13.67,87.65
14,201217_SEFL20_trauma_g4,1,trauma,postshock,,postshock05,8,63.59
14,201217_SEFL20_trauma_g4,1,trauma,postshock,,postshock06,10.89,65.63
14,201217_SEFL20_trauma_g4,1,trauma,postshock,,postshock07,30.56,116.32
14,201217_SEFL20_trauma_g4,1,trauma,postshock,,postshock08,12.33,21.25
14,201217_SEFL20_trauma_g4,1,trauma,postshock,,postshock09,9.33,133.8
14,201217_SEFL20_trauma_g4,1,trauma,postshock,,postshock10,0,187.48
15,201217_SEFL20_trauma_g4,2,trauma,baseline,,baseline,2.56,188.1
15,201217_SEFL20_trauma_g4,2,trauma,shock,,shock01,0,992.5
15,201217_SEFL20_trauma_g4,2,trauma,shock,,shock02,0,543.63
15,201217_SEFL20_trauma_g4,2,trauma,shock,,shock03,0,737
15,201217_SEFL20_trauma_g4,2,trauma,shock,,shock04,0,937.67
15,201217_SEFL20_trauma_g4,2,trauma,shock,,shock05,0,914.57
15,201217_SEFL20_trauma_g4,2,trauma,shock,,shock06,0,756.17
15,201217_SEFL20_trauma_g4,2,trauma,shock,,shock07,0,592.43
15,201217_SEFL20_trauma_g4,2,trauma,shock,,shock08,0,1011.2
15,201217_SEFL20_trauma_g4,2,trauma,shock,,shock09,0,957.2
15,201217_SEFL20_trauma_g4,2,trauma,shock,,shock10,0,492.27
15,201217_SEFL20_trauma_g4,2,trauma,postshock,,postshock01,0,250.86
15,201217_SEFL20_trauma_g4,2,trauma,postshock,,postshock02,0,162.39
15,201217_SEFL20_trauma_g4,2,trauma,postshock,,postshock03,0,260.73
15,201217_SEFL20_trauma_g4,2,trauma,postshock,,postshock04,9,108.98
15,201217_SEFL20_trauma_g4,2,trauma,postshock,,postshock05,13.89,65.09
15,201217_SEFL20_trauma_g4,2,trauma,postshock,,postshock06,0,148.28
15,201217_SEFL20_trauma_g4,2,trauma,postshock,,postshock07,4.22,122.3
15,201217_SEFL20_trauma_g4,2,trauma,postshock,,postshock08,54.22,28.46
15,201217_SEFL20_trauma_g4,2,trauma,postshock,,postshock09,77.89,6.26
15,201217_SEFL20_trauma_g4,2,trauma,postshock,,postshock10,23,57.1
18,201217_SEFL20_trauma_g4,3,trauma,baseline,,baseline,3.42,173.84
18,201217_SEFL20_trauma_g4,3,trauma,shock,,shock01,0,1409.2
18,201217_SEFL20_trauma_g4,3,trauma,shock,,shock02,0,1347.7
18,201217_SEFL20_trauma_g4,3,trauma,shock,,shock03,0,1638.17
18,201217_SEFL20_trauma_g4,3,trauma,shock,,shock04,0,1269.37
18,201217_SEFL20_trauma_g4,3,trauma,shock,,shock05,0,1022.9
18,201217_SEFL20_trauma_g4,3,trauma,shock,,shock06,0,1539.23
18,201217_SEFL20_trauma_g4,3,trauma,shock,,shock07,0,2721.17
18,201217_SEFL20_trauma_g4,3,trauma,shock,,shock08,0,974.7
18,201217_SEFL20_trauma_g4,3,trauma,shock,,shock09,0,1187.03
18,201217_SEFL20_trauma_g4,3,trauma,shock,,shock10,0,1143.33
18,201217_SEFL20_trauma_g4,3,trauma,postshock,,postshock01,10.33,142.38
18,201217_SEFL20_trauma_g4,3,trauma,postshock,,postshock02,28.22,28.86
18,201217_SEFL20_trauma_g4,3,trauma,postshock,,postshock03,12.56,89.84
18,201217_SEFL20_trauma_g4,3,trauma,postshock,,postshock04,32,31.83
18,201217_SEFL20_trauma_g4,3,trauma,postshock,,postshock05,25.56,85.65
18,201217_SEFL20_trauma_g4,3,trauma,postshock,,postshock06,24.44,31.03
18,201217_SEFL20_trauma_g4,3,trauma,postshock,,postshock07,32.78,39.76
18,201217_SEFL20_trauma_g4,3,trauma,postshock,,postshock08,67.11,8.27
18,201217_SEFL20_trauma_g4,3,trauma,postshock,,postshock09,41.56,17.13
18,201217_SEFL20_trauma_g4,3,trauma,postshock,,postshock10,52,11.91
19,201217_SEFL20_trauma_g4,4,trauma,baseline,,baseline,8.03,150.85
19,201217_SEFL20_trauma_g4,4,trauma,shock,,shock01,0,234.67
19,201217_SEFL20_trauma_g4,4,trauma,shock,,shock02,0,76.43
19,201217_SEFL20_trauma_g4,4,trauma,shock,,shock03,0,37.8
19,201217_SEFL20_trauma_g4,4,trauma,shock,,shock04,0,381.03
19,201217_SEFL20_trauma_g4,4,trauma,shock,,shock05,0,432.1
19,201217_SEFL20_trauma_g4,4,trauma,shock,,shock06,0,56.43
19,201217_SEFL20_trauma_g4,4,trauma,shock,,shock07,0,75.57
19,201217_SEFL20_trauma_g4,4,trauma,shock,,shock08,0,261.67
19,201217_SEFL20_trauma_g4,4,trauma,shock,,shock09,0,132.6
19,201217_SEFL20_trauma_g4,4,trauma,shock,,shock10,0,79.43
19,201217_SEFL20_trauma_g4,4,trauma,postshock,,postshock01,12.33,145.71
19,201217_SEFL20_trauma_g4,4,trauma,postshock,,postshock02,10.78,188.98
19,201217_SEFL20_trauma_g4,4,trauma,postshock,,postshock03,16.78,133.13
19,201217_SEFL20_trauma_g4,4,trauma,postshock,,postshock04,14.78,107.37
19,201217_SEFL20_trauma_g4,4,trauma,postshock,,postshock05,4.44,196.32
19,201217_SEFL20_trauma_g4,4,trauma,postshock,,postshock06,4,146.21
19,201217_SEFL20_trauma_g4,4,trauma,postshock,,postshock07,4,126.45
19,201217_SEFL20_trauma_g4,4,trauma,postshock,,postshock08,5.78,178.5
19,201217_SEFL20_trauma_g4,4,trauma,postshock,,postshock09,11.22,190.89
19,201217_SEFL20_trauma_g4,4,trauma,postshock,,postshock10,39.44,56.55
20,201217_SEFL20_trauma_g5,1,trauma,baseline,,baseline,18.35,109.26
20,201217_SEFL20_trauma_g5,1,trauma,shock,,shock01,0,2213.87
20,201217_SEFL20_trauma_g5,1,trauma,shock,,shock02,0,1008.77
20,201217_SEFL20_trauma_g5,1,trauma,shock,,shock03,0,1513
20,201217_SEFL20_trauma_g5,1,trauma,shock,,shock04,0,1899.6
20,201217_SEFL20_trauma_g5,1,trauma,shock,,shock05,0,850.23
20,201217_SEFL20_trauma_g5,1,trauma,shock,,shock06,0,1023.43
20,201217_SEFL20_trauma_g5,1,trauma,shock,,shock07,0,502.63
20,201217_SEFL20_trauma_g5,1,trauma,shock,,shock08,0,1569.53
20,201217_SEFL20_trauma_g5,1,trauma,shock,,shock09,0,732.53
20,201217_SEFL20_trauma_g5,1,trauma,shock,,shock10,0,677.97
20,201217_SEFL20_trauma_g5,1,trauma,postshock,,postshock01,20.44,87.18
20,201217_SEFL20_trauma_g5,1,trauma,postshock,,postshock02,19.22,82.04
20,201217_SEFL20_trauma_g5,1,trauma,postshock,,postshock03,23.11,81.41
20,201217_SEFL20_trauma_g5,1,trauma,postshock,,postshock04,11.11,127.97
20,201217_SEFL20_trauma_g5,1,trauma,postshock,,postshock05,32.22,39.87
20,201217_SEFL20_trauma_g5,1,trauma,postshock,,postshock06,36.89,34.49
20,201217_SEFL20_trauma_g5,1,trauma,postshock,,postshock07,13.11,112.21
20,201217_SEFL20_trauma_g5,1,trauma,postshock,,postshock08,37.78,47.15
20,201217_SEFL20_trauma_g5,1,trauma,postshock,,postshock09,32,72.75
20,201217_SEFL20_trauma_g5,1,trauma,postshock,,postshock10,28.56,83.84
23,201217_SEFL20_trauma_g1,3,trauma,baseline,,baseline,21.19,80.99
23,201217_SEFL20_trauma_g1,3,trauma,shock,,shock01,0,41
23,201217_SEFL20_trauma_g1,3,trauma,shock,,shock02,0,26.37
23,201217_SEFL20_trauma_g1,3,trauma,shock,,shock03,0,12.6
23,201217_SEFL20_trauma_g1,3,trauma,shock,,shock04,0,17
23,201217_SEFL20_trauma_g1,3,trauma,shock,,shock05,0,327.1
23,201217_SEFL20_trauma_g1,3,trauma,shock,,shock06,0,9.73
23,201217_SEFL20_trauma_g1,3,trauma,shock,,shock07,0,116.33
23,201217_SEFL20_trauma_g1,3,trauma,shock,,shock08,0,90
23,201217_SEFL20_trauma_g1,3,trauma,shock,,shock09,0,36.07
23,201217_SEFL20_trauma_g1,3,trauma,shock,,shock10,0,153.5
23,201217_SEFL20_trauma_g1,3,trauma,postshock,,postshock01,30.11,24.15
23,201217_SEFL20_trauma_g1,3,trauma,postshock,,postshock02,21,72.85
23,201217_SEFL20_trauma_g1,3,trauma,postshock,,postshock03,7.33,38.45
23,201217_SEFL20_trauma_g1,3,trauma,postshock,,postshock04,12.78,43.26
23,201217_SEFL20_trauma_g1,3,trauma,postshock,,postshock05,8.22,104.54
23,201217_SEFL20_trauma_g1,3,trauma,postshock,,postshock06,13.33,27.37
23,201217_SEFL20_trauma_g1,3,trauma,postshock,,postshock07,0,105.45
23,201217_SEFL20_trauma_g1,3,trauma,postshock,,postshock08,43.44,36.41
23,201217_SEFL20_trauma_g1,3,trauma,postshock,,postshock09,14.67,65.39
23,201217_SEFL20_trauma_g1,3,trauma,postshock,,postshock10,5.89,145.49
24,201217_SEFL20_trauma_g1,4,trauma,baseline,,baseline,15.71,138.97
24,201217_SEFL20_trauma_g1,4,trauma,shock,,shock01,0,1366.17
24,201217_SEFL20_trauma_g1,4,trauma,shock,,shock02,0,999.87
24,201217_SEFL20_trauma_g1,4,trauma,shock,,shock03,0,1010.47
24,201217_SEFL20_trauma_g1,4,trauma,shock,,shock04,0,870.5
24,201217_SEFL20_trauma_g1,4,trauma,shock,,shock05,0,910.37
24,201217_SEFL20_trauma_g1,4,trauma,shock,,shock06,0,1166.53
24,201217_SEFL20_trauma_g1,4,trauma,shock,,shock07,0,640.37
24,201217_SEFL20_trauma_g1,4,trauma,shock,,shock08,0,874.8
24,201217_SEFL20_trauma_g1,4,trauma,shock,,shock09,0,643.63
24,201217_SEFL20_trauma_g1,4,trauma,shock,,shock10,0,1048.3
24,201217_SEFL20_trauma_g1,4,trauma,postshock,,postshock01,0,171
24,201217_SEFL20_trauma_g1,4,trauma,postshock,,postshock02,15.67,125.94
24,201217_SEFL20_trauma_g1,4,trauma,postshock,,postshock03,3.33,153.31
24,201217_SEFL20_trauma_g1,4,trauma,postshock,,postshock04,9.56,54.66
24,201217_SEFL20_trauma_g1,4,trauma,postshock,,postshock05,10,141.13
24,201217_SEFL20_trauma_g1,4,trauma,postshock,,postshock06,8.11,106.38
24,201217_SEFL20_trauma_g1,4,trauma,postshock,,postshock07,0,202.34
24,201217_SEFL20_trauma_g1,4,trauma,postshock,,postshock08,0,148.35
24,201217_SEFL20_trauma_g1,4,trauma,postshock,,postshock09,5.67,141.85
24,201217_SEFL20_trauma_g1,4,trauma,postshock,,postshock10,0,138.46
25,201217_SEFL20_trauma_g2,1,trauma,baseline,,baseline,9.3,138.06
25,201217_SEFL20_trauma_g2,1,trauma,shock,,shock01,0,1003.47
25,201217_SEFL20_trauma_g2,1,trauma,shock,,shock02,0,1215.37
25,201217_SEFL20_trauma_g2,1,trauma,shock,,shock03,0,1793.33
25,201217_SEFL20_trauma_g2,1,trauma,shock,,shock04,0,978.2
25,201217_SEFL20_trauma_g2,1,trauma,shock,,shock05,0,668.23
25,201217_SEFL20_trauma_g2,1,trauma,shock,,shock06,0,1097.4
25,201217_SEFL20_trauma_g2,1,trauma,shock,,shock07,0,782.43
25,201217_SEFL20_trauma_g2,1,trauma,shock,,shock08,0,1265.03
25,201217_SEFL20_trauma_g2,1,trauma,shock,,shock09,0,1692.57
25,201217_SEFL20_trauma_g2,1,trauma,shock,,shock10,0,969.6
25,201217_SEFL20_trauma_g2,1,trauma,postshock,,postshock01,28,53.77
25,201217_SEFL20_trauma_g2,1,trauma,postshock,,postshock02,8.11,117.71
25,201217_SEFL20_trauma_g2,1,trauma,postshock,,postshock03,25.33,42.55
25,201217_SEFL20_trauma_g2,1,trauma,postshock,,postshock04,29.22,30.82
25,201217_SEFL20_trauma_g2,1,trauma,postshock,,postshock05,41.78,28.94
25,201217_SEFL20_trauma_g2,1,trauma,postshock,,postshock06,31.89,32.09
25,201217_SEFL20_trauma_g2,1,trauma,postshock,,postshock07,36.22,34.5
25,201217_SEFL20_trauma_g2,1,trauma,postshock,,postshock08,51.22,22.15
25,201217_SEFL20_trauma_g2,1,trauma,postshock,,postshock09,17.89,24.77
25,201217_SEFL20_trauma_g2,1,trauma,postshock,,postshock10,29.33,52.09
29,201217_SEFL20_trauma_g2,2,trauma,baseline,,baseline,19.02,114.6
29,201217_SEFL20_trauma_g2,2,trauma,shock,,shock01,0,6.47
29,201217_SEFL20_trauma_g2,2,trauma,shock,,shock02,0,9.03
29,201217_SEFL20_trauma_g2,2,trauma,shock,,shock03,0,72.03
29,201217_SEFL20_trauma_g2,2,trauma,shock,,shock04,0,20.47
29,201217_SEFL20_trauma_g2,2,trauma,shock,,shock05,0,74.73
29,201217_SEFL20_trauma_g2,2,trauma,shock,,shock06,0,5.27
29,201217_SEFL20_trauma_g2,2,trauma,shock,,shock07,0,58.73
29,201217_SEFL20_trauma_g2,2,trauma,shock,,shock08,0,79.67
29,201217_SEFL20_trauma_g2,2,trauma,shock,,shock09,100,0
29,201217_SEFL20_trauma_g2,2,trauma,shock,,shock10,0,13.3
29,201217_SEFL20_trauma_g2,2,trauma,postshock,,postshock01,36,70.13
29,201217_SEFL20_trauma_g2,2,trauma,postshock,,postshock02,37.33,63.53
29,201217_SEFL20_trauma_g2,2,trauma,postshock,,postshock03,14.56,65.26
29,201217_SEFL20_trauma_g2,2,trauma,postshock,,postshock04,13,133.2
29,201217_SEFL20_trauma_g2,2,trauma,postshock,,postshock05,6.78,136.89
29,201217_SEFL20_trauma_g2,2,trauma,postshock,,postshock06,94.44,1.56
29,201217_SEFL20_trauma_g2,2,trauma,postshock,,postshock07,46.33,13.83
29,201217_SEFL20_trauma_g2,2,trauma,postshock,,postshock08,11.33,116.09
29,201217_SEFL20_trauma_g2,2,trauma,postshock,,postshock09,65.78,21.24
29,201217_SEFL20_trauma_g2,2,trauma,postshock,,postshock10,19.89,40.9
30,201217_SEFL20_trauma_g2,3,trauma,baseline,,baseline,10.35,176.46
30,201217_SEFL20_trauma_g2,3,trauma,shock,,shock01,0,860.97
30,201217_SEFL20_trauma_g2,3,trauma,shock,,shock02,0,604.23
30,201217_SEFL20_trauma_g2,3,trauma,shock,,shock03,0,582.83
30,201217_SEFL20_trauma_g2,3,trauma,shock,,shock04,0,567.17
30,201217_SEFL20_trauma_g2,3,trauma,shock,,shock05,0,724.6
30,201217_SEFL20_trauma_g2,3,trauma,shock,,shock06,0,493.43
30,201217_SEFL20_trauma_g2,3,trauma,shock,,shock07,0,1153.93
30,201217_SEFL20_trauma_g2,3,trauma,shock,,shock08,0,716.83
30,201217_SEFL20_trauma_g2,3,trauma,shock,,shock09,0,781.73
30,201217_SEFL20_trauma_g2,3,trauma,shock,,shock10,0,458.2
30,201217_SEFL20_trauma_g2,3,trauma,postshock,,postshock01,10.11,128.17
30,201217_SEFL20_trauma_g2,3,trauma,postshock,,postshock02,4.22,170.21
30,201217_SEFL20_trauma_g2,3,trauma,postshock,,postshock03,19.78,118.1
30,201217_SEFL20_trauma_g2,3,trauma,postshock,,postshock04,0,130.16
30,201217_SEFL20_trauma_g2,3,trauma,postshock,,postshock05,21.11,138.5
30,201217_SEFL20_trauma_g2,3,trauma,postshock,,postshock06,18,154.58
30,201217_SEFL20_trauma_g2,3,trauma,postshock,,postshock07,56.78,69.99
30,201217_SEFL20_trauma_g2,3,trauma,postshock,,postshock08,51.33,39.04
30,201217_SEFL20_trauma_g2,3,trauma,postshock,,postshock09,51,49.5
30,201217_SEFL20_trauma_g2,3,trauma,postshock,,postshock10,67.22,15.54
32,201217_SEFL20_trauma_g2,4,trauma,baseline,,baseline,8.85,110.14
32,201217_SEFL20_trauma_g2,4,trauma,shock,,shock01,100,1.17
32,201217_SEFL20_trauma_g2,4,trauma,shock,,shock02,0,14.87
32,201217_SEFL20_trauma_g2,4,trauma,shock,,shock03,0,40.1
32,201217_SEFL20_trauma_g2,4,trauma,shock,,shock04,0,17.07
32,201217_SEFL20_trauma_g2,4,trauma,shock,,shock05,0,201.8
32,201217_SEFL20_trauma_g2,4,trauma,shock,,shock06,0,253.57
32,201217_SEFL20_trauma_g2,4,trauma,shock,,shock07,0,320.8
32,201217_SEFL20_trauma_g2,4,trauma,shock,,shock08,0,99.37
32,201217_SEFL20_trauma_g2,4,trauma,shock,,shock09,0,168.97
32,201217_SEFL20_trauma_g2,4,trauma,shock,,shock10,0,32.7
32,201217_SEFL20_trauma_g2,4,trauma,postshock,,postshock01,31.78,51.33
32,201217_SEFL20_trauma_g2,4,trauma,postshock,,postshock02,39.33,54.46
32,201217_SEFL20_trauma_g2,4,trauma,postshock,,postshock03,0,112.09
32,201217_SEFL20_trauma_g2,4,trauma,postshock,,postshock04,5.11,103.11
32,201217_SEFL20_trauma_g2,4,trauma,postshock,,postshock05,4.33,101.89
32,201217_SEFL20_trauma_g2,4,trauma,postshock,,postshock06,0,99.06
32,201217_SEFL20_trauma_g2,4,trauma,postshock,,postshock07,0,117.4
32,201217_SEFL20_trauma_g2,4,trauma,postshock,,postshock08,0,152.07
32,201217_SEFL20_trauma_g2,4,trauma,postshock,,postshock09,4.33,78.51
32,201217_SEFL20_trauma_g2,4,trauma,postshock,,postshock10,20.78,88.59
33,201217_SEFL20_trauma_g5,2,trauma,baseline,,baseline,21.2,107.91
33,201217_SEFL20_trauma_g5,2,trauma,shock,,shock01,0,15.03
33,201217_SEFL20_trauma_g5,2,trauma,shock,,shock02,0,339.3
33,201217_SEFL20_trauma_g5,2,trauma,shock,,shock03,0,86.53
33,201217_SEFL20_trauma_g5,2,trauma,shock,,shock04,0,28.33
33,201217_SEFL20_trauma_g5,2,trauma,shock,,shock05,0,32.03
33,201217_SEFL20_trauma_g5,2,trauma,shock,,shock06,0,84.2
33,201217_SEFL20_trauma_g5,2,trauma,shock,,shock07,0,16.2
33,201217_SEFL20_trauma_g5,2,trauma,shock,,shock08,0,142.43
33,201217_SEFL20_trauma_g5,2,trauma,shock,,shock09,100,0
33,201217_SEFL20_trauma_g5,2,trauma,shock,,shock10,0,2.87
33,201217_SEFL20_trauma_g5,2,trauma,postshock,,postshock01,37.56,42.41
33,201217_SEFL20_trauma_g5,2,trauma,postshock,,postshock02,21.56,112.86
33,201217_SEFL20_trauma_g5,2,trauma,postshock,,postshock03,0,165.1
33,201217_SEFL20_trauma_g5,2,trauma,postshock,,postshock04,53.22,23.2
33,201217_SEFL20_trauma_g5,2,trauma,postshock,,postshock05,12.89,144.71
33,201217_SEFL20_trauma_g5,2,trauma,postshock,,postshock06,4.78,123.47
33,201217_SEFL20_trauma_g5,2,trauma,postshock,,postshock07,40.56,32.75
33,201217_SEFL20_trauma_g5,2,trauma,postshock,,postshock08,0,124.62
33,201217_SEFL20_trauma_g5,2,trauma,postshock,,postshock09,54.67,15.58
33,201217_SEFL20_trauma_g5,2,trauma,postshock,,postshock10,13.56,131.66
34,201217_SEFL20_trauma_g5,3,trauma,baseline,,baseline,0,212.15
34,201217_SEFL20_trauma_g5,3,trauma,shock,,shock01,0,35.9
34,201217_SEFL20_trauma_g5,3,trauma,shock,,shock02,0,75.53
34,201217_SEFL20_trauma_g5,3,trauma,shock,,shock03,0,269.97
34,201217_SEFL20_trauma_g5,3,trauma,shock,,shock04,0,70.13
34,201217_SEFL20_trauma_g5,3,trauma,shock,,shock05,0,344.7
34,201217_SEFL20_trauma_g5,3,trauma,shock,,shock06,0,49.2
34,201217_SEFL20_trauma_g5,3,trauma,shock,,shock07,0,348.2
34,201217_SEFL20_trauma_g5,3,trauma,shock,,shock08,0,111.57
34,201217_SEFL20_trauma_g5,3,trauma,shock,,shock09,0,73.2
34,201217_SEFL20_trauma_g5,3,trauma,shock,,shock10,0,45.9
34,201217_SEFL20_trauma_g5,3,trauma,postshock,,postshock01,0,370.24
34,201217_SEFL20_trauma_g5,3,trauma,postshock,,postshock02,3.33,248.33
34,201217_SEFL20_trauma_g5,3,trauma,postshock,,postshock03,0,152.52
34,201217_SEFL20_trauma_g5,3,trauma,postshock,,postshock04,0,55.28
34,201217_SEFL20_trauma_g5,3,trauma,postshock,,postshock05,0,218.32
34,201217_SEFL20_trauma_g5,3,trauma,postshock,,postshock06,0,64.8
34,201217_SEFL20_trauma_g5,3,trauma,postshock,,postshock07,0,295.22
34,201217_SEFL20_trauma_g5,3,trauma,postshock,,postshock08,0,184.21
34,201217_SEFL20_trauma_g5,3,trauma,postshock,,postshock09,4.78,133.39
34,201217_SEFL20_trauma_g5,3,trauma,postshock,,postshock10,0,46.81
36,201217_SEFL20_trauma_g5,4,trauma,baseline,,baseline,4.58,170.06
36,201217_SEFL20_trauma_g5,4,trauma,shock,,shock01,0,929.1
36,201217_SEFL20_trauma_g5,4,trauma,shock,,shock02,0,707.77
36,201217_SEFL20_trauma_g5,4,trauma,shock,,shock03,0,1030.93
36,201217_SEFL20_trauma_g5,4,trauma,shock,,shock04,0,2.43
36,201217_SEFL20_trauma_g5,4,trauma,shock,,shock05,0,934.07
36,201217_SEFL20_trauma_g5,4,trauma,shock,,shock06,0,1297.37
36,201217_SEFL20_trauma_g5,4,trauma,shock,,shock07,0,1187.8
36,201217_SEFL20_trauma_g5,4,trauma,shock,,shock08,0,604.33
36,201217_SEFL20_trauma_g5,4,trauma,shock,,shock09,0,860.5
36,201217_SEFL20_trauma_g5,4,trauma,shock,,shock10,0,1183.3
36,201217_SEFL20_trauma_g5,4,trauma,postshock,,postshock01,0,165.18
36,201217_SEFL20_trauma_g5,4,trauma,postshock,,postshock02,7.78,130.41
36,201217_SEFL20_trauma_g5,4,trauma,postshock,,postshock03,6.78,167.78
36,201217_SEFL20_trauma_g5,4,trauma,postshock,,postshock04,6.11,83.21
36,201217_SEFL20_trauma_g5,4,trauma,postshock,,postshock05,0,131.5
36,201217_SEFL20_trauma_g5,4,trauma,postshock,,postshock06,18.44,77.83
36,201217_SEFL20_trauma_g5,4,trauma,postshock,,postshock07,3.44,99.56
36,201217_SEFL20_trauma_g5,4,trauma,postshock,,postshock08,6.22,67.88
36,201217_SEFL20_trauma_g5,4,trauma,postshock,,postshock09,41.56,31.55
36,201217_SEFL20_trauma_g5,4,trauma,postshock,,postshock10,4,91.05
78,201217_SEFL20_trauma_g3,1,trauma,baseline,,baseline,6.94,116.31
78,201217_SEFL20_trauma_g3,1,trauma,shock,,shock01,0,468.6
78,201217_SEFL20_trauma_g3,1,trauma,shock,,shock02,0,581.3
78,201217_SEFL20_trauma_g3,1,trauma,shock,,shock03,0,363.17
78,201217_SEFL20_trauma_g3,1,trauma,shock,,shock04,0,546.4
78,201217_SEFL20_trauma_g3,1,trauma,shock,,shock05,0,327.53
78,201217_SEFL20_trauma_g3,1,trauma,shock,,shock06,0,397.7
78,201217_SEFL20_trauma_g3,1,trauma,shock,,shock07,0,571.9
78,201217_SEFL20_trauma_g3,1,trauma,shock,,shock08,0,704.43
78,201217_SEFL20_trauma_g3,1,trauma,shock,,shock09,0,421.7
78,201217_SEFL20_trauma_g3,1,trauma,shock,,shock10,0,352.1
78,201217_SEFL20_trauma_g3,1,trauma,postshock,,postshock01,12.44,118.81
78,201217_SEFL20_trauma_g3,1,trauma,postshock,,postshock02,0,76.25
78,201217_SEFL20_trauma_g3,1,trauma,postshock,,postshock03,29.44,66.36
78,201217_SEFL20_trauma_g3,1,trauma,postshock,,postshock04,24.11,79.28
78,201217_SEFL20_trauma_g3,1,trauma,postshock,,postshock05,17.22,64.25
78,201217_SEFL20_trauma_g3,1,trauma,postshock,,postshock06,37,34.6
78,201217_SEFL20_trauma_g3,1,trauma,postshock,,postshock07,44.67,17.34
78,201217_SEFL20_trauma_g3,1,trauma,postshock,,postshock08,32.89,35.82
78,201217_SEFL20_trauma_g3,1,trauma,postshock,,postshock09,20.33,52.69
78,201217_SEFL20_trauma_g3,1,trauma,postshock,,postshock10,17.56,24.91
79,201217_SEFL20_trauma_g3,2,trauma,baseline,,baseline,7.68,147.61
79,201217_SEFL20_trauma_g3,2,trauma,shock,,shock01,100,0
79,201217_SEFL20_trauma_g3,2,trauma,shock,,shock02,0,175.57
79,201217_SEFL20_trauma_g3,2,trauma,shock,,shock03,0,333.13
79,201217_SEFL20_trauma_g3,2,trauma,shock,,shock04,0,16.03
79,201217_SEFL20_trauma_g3,2,trauma,shock,,shock05,0,31
79,201217_SEFL20_trauma_g3,2,trauma,shock,,shock06,0,20.5
79,201217_SEFL20_trauma_g3,2,trauma,shock,,shock07,0,134.67
79,201217_SEFL20_trauma_g3,2,trauma,shock,,shock08,0,4.03
79,201217_SEFL20_trauma_g3,2,trauma,shock,,shock09,0,216.4
79,201217_SEFL20_trauma_g3,2,trauma,shock,,shock10,100,2.27
79,201217_SEFL20_trauma_g3,2,trauma,postshock,,postshock01,23.22,130.38
79,201217_SEFL20_trauma_g3,2,trauma,postshock,,postshock02,10.44,126.14
79,201217_SEFL20_trauma_g3,2,trauma,postshock,,postshock03,10.89,214.12
79,201217_SEFL20_trauma_g3,2,trauma,postshock,,postshock04,17.89,91.55
79,201217_SEFL20_trauma_g3,2,trauma,postshock,,postshock05,25.78,110.43
79,201217_SEFL20_trauma_g3,2,trauma,postshock,,postshock06,67.67,51.92
79,201217_SEFL20_trauma_g3,2,trauma,postshock,,postshock07,14.33,145.96
79,201217_SEFL20_trauma_g3,2,trauma,postshock,,postshock08,21.33,164.88
79,201217_SEFL20_trauma_g3,2,trauma,postshock,,postshock09,24.89,91.13
79,201217_SEFL20_trauma_g3,2,trauma,postshock,,postshock10,0,87.34
4,201218_SEFL20_traumaCONTEXTtest_g1,1,traumatest,avg,,avg,24.44,90.24
5,201218_SEFL20_traumaCONTEXTtest_g1,2,traumatest,avg,,avg,56.23,26.3
6,201218_SEFL20_traumaCONTEXTtest_g3,3,traumatest,avg,,avg,15.76,131.45
8,201218_SEFL20_traumaCONTEXTtest_g3,4,traumatest,avg,,avg,55.84,41.99
14,201218_SEFL20_traumaCONTEXTtest_g4,1,traumatest,avg,,avg,17.16,110.65
15,201218_SEFL20_traumaCONTEXTtest_g4,2,traumatest,avg,,avg,53.25,33.2
18,201218_SEFL20_traumaCONTEXTtest_g4,3,traumatest,avg,,avg,40.36,41.82
19,201218_SEFL20_traumaCONTEXTtest_g4,4,traumatest,avg,,avg,13.13,118.24
20,201218_SEFL20_traumaCONTEXTtest_g5,1,traumatest,avg,,avg,48.31,38.61
23,201218_SEFL20_traumaCONTEXTtest_g1,3,traumatest,avg,,avg,9.45,111.1
24,201218_SEFL20_traumaCONTEXTtest_g1,4,traumatest,avg,,avg,34.79,67.2
25,201218_SEFL20_traumaCONTEXTtest_g2,1,traumatest,avg,,avg,44.91,49.25
29,201218_SEFL20_traumaCONTEXTtest_g2,2,traumatest,avg,,avg,17.77,96.58
30,201218_SEFL20_traumaCONTEXTtest_g2,3,traumatest,avg,,avg,52.92,54.47
32,201218_SEFL20_traumaCONTEXTtest_g2,4,traumatest,avg,,avg,9.22,120.78
33,201218_SEFL20_traumaCONTEXTtest_g5,2,traumatest,avg,,avg,28.2,84.65
34,201218_SEFL20_traumaCONTEXTtest_g5,3,traumatest,avg,,avg,4.55,145.14
36,201218_SEFL20_traumaCONTEXTtest_g5,4,traumatest,avg,,avg,42.46,50
78,201218_SEFL20_traumaCONTEXTtest_g3,1,traumatest,avg,,avg,37.94,38.37
79,201218_SEFL20_traumaCONTEXTtest_g3,2,traumatest,avg,,avg,15.05,115.17
4,201219_SEFL20_Cpreexp_g1,1,C_preexp,avg,,avg,7.89,247.6
5,201219_SEFL20_Cpreexp_g1,2,C_preexp,avg,,avg,13.34,192.49
6,201219_SEFL20_Cpreexp_g3,3,C_preexp,avg,,avg,5.2,277.47
8,201219_SEFL20_Cpreexp_g3,4,C_preexp,avg,,avg,4.09,318.35
14,201219_SEFL20_Cpreexp_g4,1,C_preexp,avg,,avg,12.27,223.56
15,201219_SEFL20_Cpreexp_g4,2,C_preexp,avg,,avg,7.98,250.75
18,201219_SEFL20_Cpreexp_g4,3,C_preexp,avg,,avg,10.21,183.12
19,201219_SEFL20_Cpreexp_g4,4,C_preexp,avg,,avg,12.88,222.46
20,201219_SEFL20_Cpreexp_g5,1,C_preexp,avg,,avg,4.46,257.61
23,201219_SEFL20_Cpreexp_g1,3,C_preexp,avg,,avg,9.21,246.23
24,201219_SEFL20_Cpreexp_g1,4,C_preexp,avg,,avg,11.9,180.6
25,201219_SEFL20_Cpreexp_g2,1,C_preexp,avg,,avg,10.26,212.38
29,201219_SEFL20_Cpreexp_g2,2,C_preexp,avg,,avg,8.41,222.36
30,201219_SEFL20_Cpreexp_g2,3,C_preexp,avg,,avg,16.36,217.39
32,201219_SEFL20_Cpreexp_g2,4,C_preexp,avg,,avg,0.33,341.2
33,201219_SEFL20_Cpreexp_g5,2,C_preexp,avg,,avg,1.2,278.94
34,201219_SEFL20_Cpreexp_g5,3,C_preexp,avg,,avg,0.57,348.22
36,201219_SEFL20_Cpreexp_g5,4,C_preexp,avg,,avg,6.96,200.62
78,201219_SEFL20_Cpreexp_g3,1,C_preexp,avg,,avg,8.33,202.8
79,201219_SEFL20_Cpreexp_g3,2,C_preexp,avg,,avg,0.51,411.81
4,201220_SEFL20_Ctonetest1_g1,1,C_tonetest,1,bl,bl,20.74,159.31
4,201220_SEFL20_Ctonetest1_g1,1,C_tonetest,1,cs,cs_1,60.22,104.97
4,201220_SEFL20_Ctonetest1_g1,1,C_tonetest,1,cs,cs_2,68.11,81.88
4,201220_SEFL20_Ctonetest1_g1,1,C_tonetest,1,cs,cs_3,69.44,66.8
4,201220_SEFL20_Ctonetest1_g1,1,C_tonetest,1,post,postcs_1,26.54,125.93
4,201220_SEFL20_Ctonetest1_g1,1,C_tonetest,1,post,postcs_2,50.43,81.93
4,201220_SEFL20_Ctonetest1_g1,1,C_tonetest,1,post,postcs_3,44.62,80.39
4,201220_SEFL20_Ctonetest1_g1,1,C_tonetest,1,shock,shock_1,0,34.38
4,201220_SEFL20_Ctonetest1_g1,1,C_tonetest,1,shock,shock_2,100,0
4,201220_SEFL20_Ctonetest1_g1,1,C_tonetest,1,shock,shock_3,0,24.32
5,201220_SEFL20_Ctonetest1_g1,2,C_tonetest,1,bl,bl,9.04,194.52
5,201220_SEFL20_Ctonetest1_g1,2,C_tonetest,1,cs,cs_1,65.22,50.45
5,201220_SEFL20_Ctonetest1_g1,2,C_tonetest,1,cs,cs_2,62.33,50.5
5,201220_SEFL20_Ctonetest1_g1,2,C_tonetest,1,cs,cs_3,76.89,16.49
5,201220_SEFL20_Ctonetest1_g1,2,C_tonetest,1,post,postcs_1,33.56,75.83
5,201220_SEFL20_Ctonetest1_g1,2,C_tonetest,1,post,postcs_2,24.63,118.05
5,201220_SEFL20_Ctonetest1_g1,2,C_tonetest,1,post,postcs_3,26.46,82.43
5,201220_SEFL20_Ctonetest1_g1,2,C_tonetest,1,shock,shock_1,71.67,19.17
5,201220_SEFL20_Ctonetest1_g1,2,C_tonetest,1,shock,shock_2,100,0.08
5,201220_SEFL20_Ctonetest1_g1,2,C_tonetest,1,shock,shock_3,100,0.02
6,201220_SEFL20_Ctonetest1_g3,3,C_tonetest,1,bl,bl,1.04,346.96
6,201220_SEFL20_Ctonetest1_g3,3,C_tonetest,1,cs,cs_1,66.78,48.29
6,201220_SEFL20_Ctonetest1_g3,3,C_tonetest,1,cs,cs_2,47.89,76.87
6,201220_SEFL20_Ctonetest1_g3,3,C_tonetest,1,cs,cs_3,57.11,47.24
6,201220_SEFL20_Ctonetest1_g3,3,C_tonetest,1,post,postcs_1,4.37,248.16
6,201220_SEFL20_Ctonetest1_g3,3,C_tonetest,1,post,postcs_2,6.39,223.57
6,201220_SEFL20_Ctonetest1_g3,3,C_tonetest,1,post,postcs_3,5.62,197.72
6,201220_SEFL20_Ctonetest1_g3,3,C_tonetest,1,shock,shock_1,85,8.92
6,201220_SEFL20_Ctonetest1_g3,3,C_tonetest,1,shock,shock_2,0,48.63
6,201220_SEFL20_Ctonetest1_g3,3,C_tonetest,1,shock,shock_3,60,17.23
8,201220_SEFL20_Ctonetest1_g3,4,C_tonetest,1,bl,bl,5.17,302.56
8,201220_SEFL20_Ctonetest1_g3,4,C_tonetest,1,cs,cs_1,44.78,144
8,201220_SEFL20_Ctonetest1_g3,4,C_tonetest,1,cs,cs_2,48.78,84.39
8,201220_SEFL20_Ctonetest1_g3,4,C_tonetest,1,cs,cs_3,38.44,94.85
8,201220_SEFL20_Ctonetest1_g3,4,C_tonetest,1,post,postcs_1,13.81,226.62
8,201220_SEFL20_Ctonetest1_g3,4,C_tonetest,1,post,postcs_2,26.32,128.43
8,201220_SEFL20_Ctonetest1_g3,4,C_tonetest,1,post,postcs_3,22.51,129.78
8,201220_SEFL20_Ctonetest1_g3,4,C_tonetest,1,shock,shock_1,0,98.43
8,201220_SEFL20_Ctonetest1_g3,4,C_tonetest,1,shock,shock_2,0,3.17
8,201220_SEFL20_Ctonetest1_g3,4,C_tonetest,1,shock,shock_3,56.67,32.38
14,201220_SEFL20_Ctonetest1_g4,1,C_tonetest,1,bl,bl,2.03,238.49
14,201220_SEFL20_Ctonetest1_g4,1,C_tonetest,1,cs,cs_1,33.78,70.66
14,201220_SEFL20_Ctonetest1_g4,1,C_tonetest,1,cs,cs_2,75,8.44
14,201220_SEFL20_Ctonetest1_g4,1,C_tonetest,1,cs,cs_3,82.22,10.15
14,201220_SEFL20_Ctonetest1_g4,1,C_tonetest,1,post,postcs_1,20.69,97.78
14,201220_SEFL20_Ctonetest1_g4,1,C_tonetest,1,post,postcs_2,30.47,79.24
14,201220_SEFL20_Ctonetest1_g4,1,C_tonetest,1,post,postcs_3,27.84,104.73
14,201220_SEFL20_Ctonetest1_g4,1,C_tonetest,1,shock,shock_1,0,135.08
14,201220_SEFL20_Ctonetest1_g4,1,C_tonetest,1,shock,shock_2,85,7.32
14,201220_SEFL20_Ctonetest1_g4,1,C_tonetest,1,shock,shock_3,95,1.87
15,201220_SEFL20_Ctonetest1_g4,2,C_tonetest,1,bl,bl,1.22,267.35
15,201220_SEFL20_Ctonetest1_g4,2,C_tonetest,1,cs,cs_1,37.44,70.38
15,201220_SEFL20_Ctonetest1_g4,2,C_tonetest,1,cs,cs_2,46.89,73.8
15,201220_SEFL20_Ctonetest1_g4,2,C_tonetest,1,cs,cs_3,58.67,47.08
15,201220_SEFL20_Ctonetest1_g4,2,C_tonetest,1,post,postcs_1,21.09,122.29
15,201220_SEFL20_Ctonetest1_g4,2,C_tonetest,1,post,postcs_2,17.41,120.45
15,201220_SEFL20_Ctonetest1_g4,2,C_tonetest,1,post,postcs_3,16.54,144.26
15,201220_SEFL20_Ctonetest1_g4,2,C_tonetest,1,shock,shock_1,70,25.9
15,201220_SEFL20_Ctonetest1_g4,2,C_tonetest,1,shock,shock_2,100,0.1
15,201220_SEFL20_Ctonetest1_g4,2,C_tonetest,1,shock,shock_3,100,0.03
18,201220_SEFL20_Ctonetest1_g4,3,C_tonetest,1,bl,bl,1.56,228.4
18,201220_SEFL20_Ctonetest1_g4,3,C_tonetest,1,cs,cs_1,20.33,157.96
18,201220_SEFL20_Ctonetest1_g4,3,C_tonetest,1,cs,cs_2,49.33,69.64
18,201220_SEFL20_Ctonetest1_g4,3,C_tonetest,1,cs,cs_3,62.11,23.93
18,201220_SEFL20_Ctonetest1_g4,3,C_tonetest,1,post,postcs_1,15.37,119.71
18,201220_SEFL20_Ctonetest1_g4,3,C_tonetest,1,post,postcs_2,29.46,102.07
18,201220_SEFL20_Ctonetest1_g4,3,C_tonetest,1,post,postcs_3,21.84,80.18
18,201220_SEFL20_Ctonetest1_g4,3,C_tonetest,1,shock,shock_1,0,86.62
18,201220_SEFL20_Ctonetest1_g4,3,C_tonetest,1,shock,shock_2,0,249.78
18,201220_SEFL20_Ctonetest1_g4,3,C_tonetest,1,shock,shock_3,0,16.93
19,201220_SEFL20_Ctonetest1_g4,4,C_tonetest,1,bl,bl,0,238.6
19,201220_SEFL20_Ctonetest1_g4,4,C_tonetest,1,cs,cs_1,56.67,91.4
19,201220_SEFL20_Ctonetest1_g4,4,C_tonetest,1,cs,cs_2,81.67,14.64
19,201220_SEFL20_Ctonetest1_g4,4,C_tonetest,1,cs,cs_3,70.78,44.43
19,201220_SEFL20_Ctonetest1_g4,4,C_tonetest,1,post,postcs_1,16.11,102.74
19,201220_SEFL20_Ctonetest1_g4,4,C_tonetest,1,post,postcs_2,19.3,127.39
19,201220_SEFL20_Ctonetest1_g4,4,C_tonetest,1,post,postcs_3,21.29,111.38
19,201220_SEFL20_Ctonetest1_g4,4,C_tonetest,1,shock,shock_1,100,0.28
19,201220_SEFL20_Ctonetest1_g4,4,C_tonetest,1,shock,shock_2,63.33,12.23
19,201220_SEFL20_Ctonetest1_g4,4,C_tonetest,1,shock,shock_3,100,0.07
20,201220_SEFL20_Ctonetest1_g5,1,C_tonetest,1,bl,bl,0.33,305.55
20,201220_SEFL20_Ctonetest1_g5,1,C_tonetest,1,cs,cs_1,24.44,134.3
20,201220_SEFL20_Ctonetest1_g5,1,C_tonetest,1,cs,cs_2,36.11,82.25
20,201220_SEFL20_Ctonetest1_g5,1,C_tonetest,1,cs,cs_3,36.78,51.78
20,201220_SEFL20_Ctonetest1_g5,1,C_tonetest,1,post,postcs_1,20.62,140.21
20,201220_SEFL20_Ctonetest1_g5,1,C_tonetest,1,post,postcs_2,11.62,193.26
20,201220_SEFL20_Ctonetest1_g5,1,C_tonetest,1,post,postcs_3,24.11,133.76
20,201220_SEFL20_Ctonetest1_g5,1,C_tonetest,1,shock,shock_1,0,4.42
20,201220_SEFL20_Ctonetest1_g5,1,C_tonetest,1,shock,shock_2,0,28.15
20,201220_SEFL20_Ctonetest1_g5,1,C_tonetest,1,shock,shock_3,60,21.68
23,201220_SEFL20_Ctonetest1_g1,3,C_tonetest,1,bl,bl,4.17,181.96
23,201220_SEFL20_Ctonetest1_g1,3,C_tonetest,1,cs,cs_1,69,53
23,201220_SEFL20_Ctonetest1_g1,3,C_tonetest,1,cs,cs_2,82.67,11.85
23,201220_SEFL20_Ctonetest1_g1,3,C_tonetest,1,cs,cs_3,75.22,17.5
23,201220_SEFL20_Ctonetest1_g1,3,C_tonetest,1,post,postcs_1,20.62,74.25
23,201220_SEFL20_Ctonetest1_g1,3,C_tonetest,1,post,postcs_2,18.33,81.38
23,201220_SEFL20_Ctonetest1_g1,3,C_tonetest,1,post,postcs_3,27.97,71.78
23,201220_SEFL20_Ctonetest1_g1,3,C_tonetest,1,shock,shock_1,100,0.02
23,201220_SEFL20_Ctonetest1_g1,3,C_tonetest,1,shock,shock_2,100,0
23,201220_SEFL20_Ctonetest1_g1,3,C_tonetest,1,shock,shock_3,100,0
24,201220_SEFL20_Ctonetest1_g1,4,C_tonetest,1,bl,bl,11.17,229.79
24,201220_SEFL20_Ctonetest1_g1,4,C_tonetest,1,cs,cs_1,56.56,76.41
24,201220_SEFL20_Ctonetest1_g1,4,C_tonetest,1,cs,cs_2,39.33,97.59
24,201220_SEFL20_Ctonetest1_g1,4,C_tonetest,1,cs,cs_3,14.22,149.02
24,201220_SEFL20_Ctonetest1_g1,4,C_tonetest,1,post,postcs_1,32.47,71.82
24,201220_SEFL20_Ctonetest1_g1,4,C_tonetest,1,post,postcs_2,26.54,86.33
24,201220_SEFL20_Ctonetest1_g1,4,C_tonetest,1,post,postcs_3,21.48,77.62
24,201220_SEFL20_Ctonetest1_g1,4,C_tonetest,1,shock,shock_1,58.33,18.47
24,201220_SEFL20_Ctonetest1_g1,4,C_tonetest,1,shock,shock_2,0,171.33
24,201220_SEFL20_Ctonetest1_g1,4,C_tonetest,1,shock,shock_3,0,302.9
25,201220_SEFL20_Ctonetest1_g2,1,C_tonetest,1,bl,bl,10.68,257.07
25,201220_SEFL20_Ctonetest1_g2,1,C_tonetest,1,cs,cs_1,39.78,147.14
25,201220_SEFL20_Ctonetest1_g2,1,C_tonetest,1,cs,cs_2,26.44,141.95
25,201220_SEFL20_Ctonetest1_g2,1,C_tonetest,1,cs,cs_3,18.22,224.04
25,201220_SEFL20_Ctonetest1_g2,1,C_tonetest,1,post,postcs_1,35.61,114.22
25,201220_SEFL20_Ctonetest1_g2,1,C_tonetest,1,post,postcs_2,35.93,129.58
25,201220_SEFL20_Ctonetest1_g2,1,C_tonetest,1,post,postcs_3,64.29,48.99
25,201220_SEFL20_Ctonetest1_g2,1,C_tonetest,1,shock,shock_1,0,188.12
25,201220_SEFL20_Ctonetest1_g2,1,C_tonetest,1,shock,shock_2,0,147.3
25,201220_SEFL20_Ctonetest1_g2,1,C_tonetest,1,shock,shock_3,71.67,25.97
29,201220_SEFL20_Ctonetest1_g2,2,C_tonetest,1,bl,bl,2.89,217.55
29,201220_SEFL20_Ctonetest1_g2,2,C_tonetest,1,cs,cs_1,50.44,118.67
29,201220_SEFL20_Ctonetest1_g2,2,C_tonetest,1,cs,cs_2,58.22,32.29
29,201220_SEFL20_Ctonetest1_g2,2,C_tonetest,1,cs,cs_3,50.56,92.63
29,201220_SEFL20_Ctonetest1_g2,2,C_tonetest,1,post,postcs_1,12.99,138.33
29,201220_SEFL20_Ctonetest1_g2,2,C_tonetest,1,post,postcs_2,6.22,110.98
29,201220_SEFL20_Ctonetest1_g2,2,C_tonetest,1,post,postcs_3,12.53,142.31
29,201220_SEFL20_Ctonetest1_g2,2,C_tonetest,1,shock,shock_1,58.33,11.47
29,201220_SEFL20_Ctonetest1_g2,2,C_tonetest,1,shock,shock_2,53.33,10.88
29,201220_SEFL20_Ctonetest1_g2,2,C_tonetest,1,shock,shock_3,51.67,12.83
30,201220_SEFL20_Ctonetest1_g2,3,C_tonetest,1,bl,bl,10.27,224.98
30,201220_SEFL20_Ctonetest1_g2,3,C_tonetest,1,cs,cs_1,54.56,129.08
30,201220_SEFL20_Ctonetest1_g2,3,C_tonetest,1,cs,cs_2,56.11,105.4
30,201220_SEFL20_Ctonetest1_g2,3,C_tonetest,1,cs,cs_3,51.44,40.45
30,201220_SEFL20_Ctonetest1_g2,3,C_tonetest,1,post,postcs_1,39.67,86.91
30,201220_SEFL20_Ctonetest1_g2,3,C_tonetest,1,post,postcs_2,41.44,88.91
30,201220_SEFL20_Ctonetest1_g2,3,C_tonetest,1,post,postcs_3,41.46,67.23
30,201220_SEFL20_Ctonetest1_g2,3,C_tonetest,1,shock,shock_1,100,0.2
30,201220_SEFL20_Ctonetest1_g2,3,C_tonetest,1,shock,shock_2,51.67,60.4
30,201220_SEFL20_Ctonetest1_g2,3,C_tonetest,1,shock,shock_3,53.33,37.93
32,201220_SEFL20_Ctonetest1_g2,4,C_tonetest,1,bl,bl,0.73,297.56
32,201220_SEFL20_Ctonetest1_g2,4,C_tonetest,1,cs,cs_1,18.44,215.46
32,201220_SEFL20_Ctonetest1_g2,4,C_tonetest,1,cs,cs_2,58.33,80.41
32,201220_SEFL20_Ctonetest1_g2,4,C_tonetest,1,cs,cs_3,13.89,229.46
32,201220_SEFL20_Ctonetest1_g2,4,C_tonetest,1,post,postcs_1,7.63,179.61
32,201220_SEFL20_Ctonetest1_g2,4,C_tonetest,1,post,postcs_2,26.74,99.89
32,201220_SEFL20_Ctonetest1_g2,4,C_tonetest,1,post,postcs_3,13.78,184.67
32,201220_SEFL20_Ctonetest1_g2,4,C_tonetest,1,shock,shock_1,0,155.9
32,201220_SEFL20_Ctonetest1_g2,4,C_tonetest,1,shock,shock_2,0,27.12
32,201220_SEFL20_Ctonetest1_g2,4,C_tonetest,1,shock,shock_3,95,4.23
33,201220_SEFL20_Ctonetest1_g5,2,C_tonetest,1,bl,bl,0.36,310.25
33,201220_SEFL20_Ctonetest1_g5,2,C_tonetest,1,cs,cs_1,29.22,183.24
33,201220_SEFL20_Ctonetest1_g5,2,C_tonetest,1,cs,cs_2,43,95.68
33,201220_SEFL20_Ctonetest1_g5,2,C_tonetest,1,cs,cs_3,55.11,54.73
33,201220_SEFL20_Ctonetest1_g5,2,C_tonetest,1,post,postcs_1,9.22,192.32
33,201220_SEFL20_Ctonetest1_g5,2,C_tonetest,1,post,postcs_2,15.94,115.93
33,201220_SEFL20_Ctonetest1_g5,2,C_tonetest,1,post,postcs_3,9.44,135.13
33,201220_SEFL20_Ctonetest1_g5,2,C_tonetest,1,shock,shock_1,0,179.35
33,201220_SEFL20_Ctonetest1_g5,2,C_tonetest,1,shock,shock_2,0,86.23
33,201220_SEFL20_Ctonetest1_g5,2,C_tonetest,1,shock,shock_3,100,0.18
34,201220_SEFL20_Ctonetest1_g5,3,C_tonetest,1,bl,bl,0,316.28
34,201220_SEFL20_Ctonetest1_g5,3,C_tonetest,1,cs,cs_1,27.11,152.52
34,201220_SEFL20_Ctonetest1_g5,3,C_tonetest,1,cs,cs_2,47,74.77
34,201220_SEFL20_Ctonetest1_g5,3,C_tonetest,1,cs,cs_3,68.33,48.67
34,201220_SEFL20_Ctonetest1_g5,3,C_tonetest,1,post,postcs_1,1.57,235.76
34,201220_SEFL20_Ctonetest1_g5,3,C_tonetest,1,post,postcs_2,3.21,162.48
34,201220_SEFL20_Ctonetest1_g5,3,C_tonetest,1,post,postcs_3,3.81,147.35
34,201220_SEFL20_Ctonetest1_g5,3,C_tonetest,1,shock,shock_1,60,57.72
34,201220_SEFL20_Ctonetest1_g5,3,C_tonetest,1,shock,shock_2,51.67,20.57
34,201220_SEFL20_Ctonetest1_g5,3,C_tonetest,1,shock,shock_3,50,16.92
36,201220_SEFL20_Ctonetest1_g5,4,C_tonetest,1,bl,bl,8.06,213.31
36,201220_SEFL20_Ctonetest1_g5,4,C_tonetest,1,cs,cs_1,47.44,133.09
36,201220_SEFL20_Ctonetest1_g5,4,C_tonetest,1,cs,cs_2,57.22,61.03
36,201220_SEFL20_Ctonetest1_g5,4,C_tonetest,1,cs,cs_3,47.44,88.22
36,201220_SEFL20_Ctonetest1_g5,4,C_tonetest,1,post,postcs_1,12.63,135.55
36,201220_SEFL20_Ctonetest1_g5,4,C_tonetest,1,post,postcs_2,15.26,166.65
36,201220_SEFL20_Ctonetest1_g5,4,C_tonetest,1,post,postcs_3,15.89,151.76
36,201220_SEFL20_Ctonetest1_g5,4,C_tonetest,1,shock,shock_1,0,34.95
36,201220_SEFL20_Ctonetest1_g5,4,C_tonetest,1,shock,shock_2,91.67,3.38
36,201220_SEFL20_Ctonetest1_g5,4,C_tonetest,1,shock,shock_3,0,13.62
78,201220_SEFL20_Ctonetest1_g3,1,C_tonetest,1,bl,bl,5.14,237.39
78,201220_SEFL20_Ctonetest1_g3,1,C_tonetest,1,cs,cs_1,48.56,94.43
78,201220_SEFL20_Ctonetest1_g3,1,C_tonetest,1,cs,cs_2,65.78,63.46
78,201220_SEFL20_Ctonetest1_g3,1,C_tonetest,1,cs,cs_3,50.44,70.56
78,201220_SEFL20_Ctonetest1_g3,1,C_tonetest,1,post,postcs_1,25.4,80.78
78,201220_SEFL20_Ctonetest1_g3,1,C_tonetest,1,post,postcs_2,19.67,84.91
78,201220_SEFL20_Ctonetest1_g3,1,C_tonetest,1,post,postcs_3,27.29,87.81
78,201220_SEFL20_Ctonetest1_g3,1,C_tonetest,1,shock,shock_1,0,16.05
78,201220_SEFL20_Ctonetest1_g3,1,C_tonetest,1,shock,shock_2,60,21.67
78,201220_SEFL20_Ctonetest1_g3,1,C_tonetest,1,shock,shock_3,100,0.02
79,201220_SEFL20_Ctonetest1_g3,2,C_tonetest,1,bl,bl,0,418.79
79,201220_SEFL20_Ctonetest1_g3,2,C_tonetest,1,cs,cs_1,18.67,83.33
79,201220_SEFL20_Ctonetest1_g3,2,C_tonetest,1,cs,cs_2,18.11,124.81
79,201220_SEFL20_Ctonetest1_g3,2,C_tonetest,1,cs,cs_3,19.56,126.51
79,201220_SEFL20_Ctonetest1_g3,2,C_tonetest,1,post,postcs_1,0.76,282.82
79,201220_SEFL20_Ctonetest1_g3,2,C_tonetest,1,post,postcs_2,3.68,219.04
79,201220_SEFL20_Ctonetest1_g3,2,C_tonetest,1,post,postcs_3,6.01,201.32
79,201220_SEFL20_Ctonetest1_g3,2,C_tonetest,1,shock,shock_1,0,25.85
79,201220_SEFL20_Ctonetest1_g3,2,C_tonetest,1,shock,shock_2,0,159.85
79,201220_SEFL20_Ctonetest1_g3,2,C_tonetest,1,shock,shock_3,0,59.95
4,201221_SEFL20_Ctonetest2_g1,1,C_tonetest,2,bl,bl,13.41,181.85
4,201221_SEFL20_Ctonetest2_g1,1,C_tonetest,2,cs,cs_1,40.44,31.31
4,201221_SEFL20_Ctonetest2_g1,1,C_tonetest,2,cs,cs_2,49.33,29.96
4,201221_SEFL20_Ctonetest2_g1,1,C_tonetest,2,cs,cs_3,12.11,195.94
4,201221_SEFL20_Ctonetest2_g1,1,C_tonetest,2,post,postcs_1,24.23,117.02
4,201221_SEFL20_Ctonetest2_g1,1,C_tonetest,2,post,postcs_2,48.74,59
4,201221_SEFL20_Ctonetest2_g1,1,C_tonetest,2,post,postcs_3,17.08,130.55
4,201221_SEFL20_Ctonetest2_g1,1,C_tonetest,2,shock,shock_1,78.33,10.25
4,201221_SEFL20_Ctonetest2_g1,1,C_tonetest,2,shock,shock_2,76.67,17.47
4,201221_SEFL20_Ctonetest2_g1,1,C_tonetest,2,shock,shock_3,0,32.22
5,201221_SEFL20_Ctonetest2_g1,2,C_tonetest,2,bl,bl,32.68,83.88
5,201221_SEFL20_Ctonetest2_g1,2,C_tonetest,2,cs,cs_1,50.44,42.88
5,201221_SEFL20_Ctonetest2_g1,2,C_tonetest,2,cs,cs_2,19.33,85.68
5,201221_SEFL20_Ctonetest2_g1,2,C_tonetest,2,cs,cs_3,20.89,125.6
5,201221_SEFL20_Ctonetest2_g1,2,C_tonetest,2,post,postcs_1,18.28,91.05
5,201221_SEFL20_Ctonetest2_g1,2,C_tonetest,2,post,postcs_2,26.66,74.41
5,201221_SEFL20_Ctonetest2_g1,2,C_tonetest,2,post,postcs_3,31.9,76.63
5,201221_SEFL20_Ctonetest2_g1,2,C_tonetest,2,shock,shock_1,0,25.12
5,201221_SEFL20_Ctonetest2_g1,2,C_tonetest,2,shock,shock_2,95,1.6
5,201221_SEFL20_Ctonetest2_g1,2,C_tonetest,2,shock,shock_3,0,130.67
6,201221_SEFL20_Ctonetest2_g3,3,C_tonetest,2,bl,bl,1.87,249.02
6,201221_SEFL20_Ctonetest2_g3,3,C_tonetest,2,cs,cs_1,23.78,100.39
6,201221_SEFL20_Ctonetest2_g3,3,C_tonetest,2,cs,cs_2,15.11,119.81
6,201221_SEFL20_Ctonetest2_g3,3,C_tonetest,2,cs,cs_3,30.44,60.01
6,201221_SEFL20_Ctonetest2_g3,3,C_tonetest,2,post,postcs_1,4.72,247.94
6,201221_SEFL20_Ctonetest2_g3,3,C_tonetest,2,post,postcs_2,7.74,164.4
6,201221_SEFL20_Ctonetest2_g3,3,C_tonetest,2,post,postcs_3,7.46,232.1
6,201221_SEFL20_Ctonetest2_g3,3,C_tonetest,2,shock,shock_1,0,449.43
6,201221_SEFL20_Ctonetest2_g3,3,C_tonetest,2,shock,shock_2,55,51.33
6,201221_SEFL20_Ctonetest2_g3,3,C_tonetest,2,shock,shock_3,100,0.28
8,201221_SEFL20_Ctonetest2_g3,4,C_tonetest,2,bl,bl,6.43,257.76
8,201221_SEFL20_Ctonetest2_g3,4,C_tonetest,2,cs,cs_1,19.11,170.99
8,201221_SEFL20_Ctonetest2_g3,4,C_tonetest,2,cs,cs_2,18.56,139.49
8,201221_SEFL20_Ctonetest2_g3,4,C_tonetest,2,cs,cs_3,31.56,149.11
8,201221_SEFL20_Ctonetest2_g3,4,C_tonetest,2,post,postcs_1,13.29,156.59
8,201221_SEFL20_Ctonetest2_g3,4,C_tonetest,2,post,postcs_2,17.14,144.28
8,201221_SEFL20_Ctonetest2_g3,4,C_tonetest,2,post,postcs_3,25.56,138.99
8,201221_SEFL20_Ctonetest2_g3,4,C_tonetest,2,shock,shock_1,0,155.33
8,201221_SEFL20_Ctonetest2_g3,4,C_tonetest,2,shock,shock_2,0,17.38
8,201221_SEFL20_Ctonetest2_g3,4,C_tonetest,2,shock,shock_3,100,0.37
14,201221_SEFL20_Ctonetest2_g4,1,C_tonetest,2,bl,bl,5.09,216.77
14,201221_SEFL20_Ctonetest2_g4,1,C_tonetest,2,cs,cs_1,22.33,141.84
14,201221_SEFL20_Ctonetest2_g4,1,C_tonetest,2,cs,cs_2,52.89,35.05
14,201221_SEFL20_Ctonetest2_g4,1,C_tonetest,2,cs,cs_3,14.56,158.02
14,201221_SEFL20_Ctonetest2_g4,1,C_tonetest,2,post,postcs_1,36.13,91.72
14,201221_SEFL20_Ctonetest2_g4,1,C_tonetest,2,post,postcs_2,27.77,108.45
14,201221_SEFL20_Ctonetest2_g4,1,C_tonetest,2,post,postcs_3,21.14,145.06
14,201221_SEFL20_Ctonetest2_g4,1,C_tonetest,2,shock,shock_1,91.67,7.98
14,201221_SEFL20_Ctonetest2_g4,1,C_tonetest,2,shock,shock_2,100,0.15
14,201221_SEFL20_Ctonetest2_g4,1,C_tonetest,2,shock,shock_3,0,32.68
15,201221_SEFL20_Ctonetest2_g4,2,C_tonetest,2,bl,bl,0.9,259.13
15,201221_SEFL20_Ctonetest2_g4,2,C_tonetest,2,cs,cs_1,10.44,97.8
15,201221_SEFL20_Ctonetest2_g4,2,C_tonetest,2,cs,cs_2,29,80.93
15,201221_SEFL20_Ctonetest2_g4,2,C_tonetest,2,cs,cs_3,26,59.37
15,201221_SEFL20_Ctonetest2_g4,2,C_tonetest,2,post,postcs_1,4.68,182.89
15,201221_SEFL20_Ctonetest2_g4,2,C_tonetest,2,post,postcs_2,5.57,153.2
15,201221_SEFL20_Ctonetest2_g4,2,C_tonetest,2,post,postcs_3,9.61,154.85
15,201221_SEFL20_Ctonetest2_g4,2,C_tonetest,2,shock,shock_1,0,100.2
15,201221_SEFL20_Ctonetest2_g4,2,C_tonetest,2,shock,shock_2,0,123.58
15,201221_SEFL20_Ctonetest2_g4,2,C_tonetest,2,shock,shock_3,0,104.55
18,201221_SEFL20_Ctonetest2_g4,3,C_tonetest,2,bl,bl,9.54,148.33
18,201221_SEFL20_Ctonetest2_g4,3,C_tonetest,2,cs,cs_1,30.22,63.47
18,201221_SEFL20_Ctonetest2_g4,3,C_tonetest,2,cs,cs_2,28.22,61.21
18,201221_SEFL20_Ctonetest2_g4,3,C_tonetest,2,cs,cs_3,9.44,86.59
18,201221_SEFL20_Ctonetest2_g4,3,C_tonetest,2,post,postcs_1,13.64,99.55
18,201221_SEFL20_Ctonetest2_g4,3,C_tonetest,2,post,postcs_2,23.52,90.18
18,201221_SEFL20_Ctonetest2_g4,3,C_tonetest,2,post,postcs_3,15.62,73.64
18,201221_SEFL20_Ctonetest2_g4,3,C_tonetest,2,shock,shock_1,0,191.25
18,201221_SEFL20_Ctonetest2_g4,3,C_tonetest,2,shock,shock_2,0,79.75
18,201221_SEFL20_Ctonetest2_g4,3,C_tonetest,2,shock,shock_3,0,129.5
19,201221_SEFL20_Ctonetest2_g4,4,C_tonetest,2,bl,bl,4.88,166.75
19,201221_SEFL20_Ctonetest2_g4,4,C_tonetest,2,cs,cs_1,40.56,55.32
19,201221_SEFL20_Ctonetest2_g4,4,C_tonetest,2,cs,cs_2,12.89,100.94
19,201221_SEFL20_Ctonetest2_g4,4,C_tonetest,2,cs,cs_3,32.44,64
19,201221_SEFL20_Ctonetest2_g4,4,C_tonetest,2,post,postcs_1,6.33,175.59
19,201221_SEFL20_Ctonetest2_g4,4,C_tonetest,2,post,postcs_2,7.84,142.07
19,201221_SEFL20_Ctonetest2_g4,4,C_tonetest,2,post,postcs_3,9.42,200.81
19,201221_SEFL20_Ctonetest2_g4,4,C_tonetest,2,shock,shock_1,81.67,28.37
19,201221_SEFL20_Ctonetest2_g4,4,C_tonetest,2,shock,shock_2,0,86.32
19,201221_SEFL20_Ctonetest2_g4,4,C_tonetest,2,shock,shock_3,0,32.55
20,201221_SEFL20_Ctonetest2_g5,1,C_tonetest,2,bl,bl,7.58,249.72
20,201221_SEFL20_Ctonetest2_g5,1,C_tonetest,2,cs,cs_1,33.78,30.93
20,201221_SEFL20_Ctonetest2_g5,1,C_tonetest,2,cs,cs_2,24.33,111.24
20,201221_SEFL20_Ctonetest2_g5,1,C_tonetest,2,cs,cs_3,42,19.69
20,201221_SEFL20_Ctonetest2_g5,1,C_tonetest,2,post,postcs_1,15.76,178.08
20,201221_SEFL20_Ctonetest2_g5,1,C_tonetest,2,post,postcs_2,22.69,153.21
20,201221_SEFL20_Ctonetest2_g5,1,C_tonetest,2,post,postcs_3,21.54,127.87
20,201221_SEFL20_Ctonetest2_g5,1,C_tonetest,2,shock,shock_1,0,105.73
20,201221_SEFL20_Ctonetest2_g5,1,C_tonetest,2,shock,shock_2,0,14.03
20,201221_SEFL20_Ctonetest2_g5,1,C_tonetest,2,shock,shock_3,0,27.52
23,201221_SEFL20_Ctonetest2_g1,3,C_tonetest,2,bl,bl,15.8,155.33
23,201221_SEFL20_Ctonetest2_g1,3,C_tonetest,2,cs,cs_1,40.11,61.63
23,201221_SEFL20_Ctonetest2_g1,3,C_tonetest,2,cs,cs_2,46.33,60.05
23,201221_SEFL20_Ctonetest2_g1,3,C_tonetest,2,cs,cs_3,28.89,101.68
23,201221_SEFL20_Ctonetest2_g1,3,C_tonetest,2,post,postcs_1,25.32,82.09
23,201221_SEFL20_Ctonetest2_g1,3,C_tonetest,2,post,postcs_2,49.76,56.74
23,201221_SEFL20_Ctonetest2_g1,3,C_tonetest,2,post,postcs_3,17.16,77.69
23,201221_SEFL20_Ctonetest2_g1,3,C_tonetest,2,shock,shock_1,70,4.7
23,201221_SEFL20_Ctonetest2_g1,3,C_tonetest,2,shock,shock_2,100,0.3
23,201221_SEFL20_Ctonetest2_g1,3,C_tonetest,2,shock,shock_3,0,15.15
24,201221_SEFL20_Ctonetest2_g1,4,C_tonetest,2,bl,bl,14.93,118.5
24,201221_SEFL20_Ctonetest2_g1,4,C_tonetest,2,cs,cs_1,52.22,10.83
24,201221_SEFL20_Ctonetest2_g1,4,C_tonetest,2,cs,cs_2,59.11,7.92
24,201221_SEFL20_Ctonetest2_g1,4,C_tonetest,2,cs,cs_3,25.89,107.07
24,201221_SEFL20_Ctonetest2_g1,4,C_tonetest,2,post,postcs_1,21.86,107.88
24,201221_SEFL20_Ctonetest2_g1,4,C_tonetest,2,post,postcs_2,17.24,81.23
24,201221_SEFL20_Ctonetest2_g1,4,C_tonetest,2,post,postcs_3,16.66,77.75
24,201221_SEFL20_Ctonetest2_g1,4,C_tonetest,2,shock,shock_1,76.67,6.55
24,201221_SEFL20_Ctonetest2_g1,4,C_tonetest,2,shock,shock_2,56.67,6.62
24,201221_SEFL20_Ctonetest2_g1,4,C_tonetest,2,shock,shock_3,0,24.63
25,201221_SEFL20_Ctonetest2_g2,1,C_tonetest,2,bl,bl,11.26,225.41
25,201221_SEFL20_Ctonetest2_g2,1,C_tonetest,2,cs,cs_1,48.22,138.64
25,201221_SEFL20_Ctonetest2_g2,1,C_tonetest,2,cs,cs_2,65.44,27.18
25,201221_SEFL20_Ctonetest2_g2,1,C_tonetest,2,cs,cs_3,21.56,215.64
25,201221_SEFL20_Ctonetest2_g2,1,C_tonetest,2,post,postcs_1,37.09,111.97
25,201221_SEFL20_Ctonetest2_g2,1,C_tonetest,2,post,postcs_2,19.2,135.31
25,201221_SEFL20_Ctonetest2_g2,1,C_tonetest,2,post,postcs_3,21.19,143.88
25,201221_SEFL20_Ctonetest2_g2,1,C_tonetest,2,shock,shock_1,100,0.02
25,201221_SEFL20_Ctonetest2_g2,1,C_tonetest,2,shock,shock_2,56.67,19.38
25,201221_SEFL20_Ctonetest2_g2,1,C_tonetest,2,shock,shock_3,0,234.18
29,201221_SEFL20_Ctonetest2_g2,2,C_tonetest,2,bl,bl,4.51,288.36
29,201221_SEFL20_Ctonetest2_g2,2,C_tonetest,2,cs,cs_1,25.44,73.45
29,201221_SEFL20_Ctonetest2_g2,2,C_tonetest,2,cs,cs_2,6,237.09
29,201221_SEFL20_Ctonetest2_g2,2,C_tonetest,2,cs,cs_3,16.89,141.95
29,201221_SEFL20_Ctonetest2_g2,2,C_tonetest,2,post,postcs_1,11.1,203.03
29,201221_SEFL20_Ctonetest2_g2,2,C_tonetest,2,post,postcs_2,8.1,175.49
29,201221_SEFL20_Ctonetest2_g2,2,C_tonetest,2,post,postcs_3,8.09,187.88
29,201221_SEFL20_Ctonetest2_g2,2,C_tonetest,2,shock,shock_1,0,60.78
29,201221_SEFL20_Ctonetest2_g2,2,C_tonetest,2,shock,shock_2,0,138.63
29,201221_SEFL20_Ctonetest2_g2,2,C_tonetest,2,shock,shock_3,0,308.75
30,201221_SEFL20_Ctonetest2_g2,3,C_tonetest,2,bl,bl,5.39,208.34
30,201221_SEFL20_Ctonetest2_g2,3,C_tonetest,2,cs,cs_1,69.56,24.94
30,201221_SEFL20_Ctonetest2_g2,3,C_tonetest,2,cs,cs_2,59.56,24.23
30,201221_SEFL20_Ctonetest2_g2,3,C_tonetest,2,cs,cs_3,33,134.71
30,201221_SEFL20_Ctonetest2_g2,3,C_tonetest,2,post,postcs_1,36.97,84.73
30,201221_SEFL20_Ctonetest2_g2,3,C_tonetest,2,post,postcs_2,24.59,112.45
30,201221_SEFL20_Ctonetest2_g2,3,C_tonetest,2,post,postcs_3,16.48,128.63
30,201221_SEFL20_Ctonetest2_g2,3,C_tonetest,2,shock,shock_1,86.67,4.28
30,201221_SEFL20_Ctonetest2_g2,3,C_tonetest,2,shock,shock_2,0,83.28
30,201221_SEFL20_Ctonetest2_g2,3,C_tonetest,2,shock,shock_3,0,10.45
32,201221_SEFL20_Ctonetest2_g2,4,C_tonetest,2,bl,bl,0.73,305.12
32,201221_SEFL20_Ctonetest2_g2,4,C_tonetest,2,cs,cs_1,10.89,144.64
32,201221_SEFL20_Ctonetest2_g2,4,C_tonetest,2,cs,cs_2,15.11,185.77
32,201221_SEFL20_Ctonetest2_g2,4,C_tonetest,2,cs,cs_3,24.56,73.98
32,201221_SEFL20_Ctonetest2_g2,4,C_tonetest,2,post,postcs_1,6.53,173.85
32,201221_SEFL20_Ctonetest2_g2,4,C_tonetest,2,post,postcs_2,17.74,118.82
32,201221_SEFL20_Ctonetest2_g2,4,C_tonetest,2,post,postcs_3,5.18,183.34
32,201221_SEFL20_Ctonetest2_g2,4,C_tonetest,2,shock,shock_1,0,100.75
32,201221_SEFL20_Ctonetest2_g2,4,C_tonetest,2,shock,shock_2,0,123.33
32,201221_SEFL20_Ctonetest2_g2,4,C_tonetest,2,shock,shock_3,0,78.9
33,201221_SEFL20_Ctonetest2_g5,2,C_tonetest,2,bl,bl,1.1,243.7
33,201221_SEFL20_Ctonetest2_g5,2,C_tonetest,2,cs,cs_1,14.44,201.2
33,201221_SEFL20_Ctonetest2_g5,2,C_tonetest,2,cs,cs_2,31.22,123.09
33,201221_SEFL20_Ctonetest2_g5,2,C_tonetest,2,cs,cs_3,21.44,51.95
33,201221_SEFL20_Ctonetest2_g5,2,C_tonetest,2,post,postcs_1,14.8,142.26
33,201221_SEFL20_Ctonetest2_g5,2,C_tonetest,2,post,postcs_2,13.09,146.29
33,201221_SEFL20_Ctonetest2_g5,2,C_tonetest,2,post,postcs_3,5.67,172.61
33,201221_SEFL20_Ctonetest2_g5,2,C_tonetest,2,shock,shock_1,0,188.17
33,201221_SEFL20_Ctonetest2_g5,2,C_tonetest,2,shock,shock_2,0,50.3
33,201221_SEFL20_Ctonetest2_g5,2,C_tonetest,2,shock,shock_3,0,121.23
34,201221_SEFL20_Ctonetest2_g5,3,C_tonetest,2,bl,bl,1.2,346.99
34,201221_SEFL20_Ctonetest2_g5,3,C_tonetest,2,cs,cs_1,16.33,197.15
34,201221_SEFL20_Ctonetest2_g5,3,C_tonetest,2,cs,cs_2,10.33,85.92
34,201221_SEFL20_Ctonetest2_g5,3,C_tonetest,2,cs,cs_3,6.78,164.7
34,201221_SEFL20_Ctonetest2_g5,3,C_tonetest,2,post,postcs_1,0,202.3
34,201221_SEFL20_Ctonetest2_g5,3,C_tonetest,2,post,postcs_2,4.06,197.61
34,201221_SEFL20_Ctonetest2_g5,3,C_tonetest,2,post,postcs_3,3.19,127.22
34,201221_SEFL20_Ctonetest2_g5,3,C_tonetest,2,shock,shock_1,0,237.63
34,201221_SEFL20_Ctonetest2_g5,3,C_tonetest,2,shock,shock_2,0,62.78
34,201221_SEFL20_Ctonetest2_g5,3,C_tonetest,2,shock,shock_3,0,191.62
36,201221_SEFL20_Ctonetest2_g5,4,C_tonetest,2,bl,bl,4.93,224.43
36,201221_SEFL20_Ctonetest2_g5,4,C_tonetest,2,cs,cs_1,26.22,106.83
36,201221_SEFL20_Ctonetest2_g5,4,C_tonetest,2,cs,cs_2,12.67,153.36
36,201221_SEFL20_Ctonetest2_g5,4,C_tonetest,2,cs,cs_3,23.11,178.83
36,201221_SEFL20_Ctonetest2_g5,4,C_tonetest,2,post,postcs_1,9.48,167.95
36,201221_SEFL20_Ctonetest2_g5,4,C_tonetest,2,post,postcs_2,13.04,127.05
36,201221_SEFL20_Ctonetest2_g5,4,C_tonetest,2,post,postcs_3,5.9,164.74
36,201221_SEFL20_Ctonetest2_g5,4,C_tonetest,2,shock,shock_1,0,85.03
36,201221_SEFL20_Ctonetest2_g5,4,C_tonetest,2,shock,shock_2,55,48.43
36,201221_SEFL20_Ctonetest2_g5,4,C_tonetest,2,shock,shock_3,0,309.05
78,201221_SEFL20_Ctonetest2_g3,1,C_tonetest,2,bl,bl,3.7,204.64
78,201221_SEFL20_Ctonetest2_g3,1,C_tonetest,2,cs,cs_1,38.44,37.42
78,201221_SEFL20_Ctonetest2_g3,1,C_tonetest,2,cs,cs_2,27.56,77.43
78,201221_SEFL20_Ctonetest2_g3,1,C_tonetest,2,cs,cs_3,3.56,136.42
78,201221_SEFL20_Ctonetest2_g3,1,C_tonetest,2,post,postcs_1,10,120.3
78,201221_SEFL20_Ctonetest2_g3,1,C_tonetest,2,post,postcs_2,12.39,90.22
78,201221_SEFL20_Ctonetest2_g3,1,C_tonetest,2,post,postcs_3,17.36,101.12
78,201221_SEFL20_Ctonetest2_g3,1,C_tonetest,2,shock,shock_1,0,86.25
78,201221_SEFL20_Ctonetest2_g3,1,C_tonetest,2,shock,shock_2,0,69.4
78,201221_SEFL20_Ctonetest2_g3,1,C_tonetest,2,shock,shock_3,0,23.97
79,201221_SEFL20_Ctonetest2_g3,2,C_tonetest,2,bl,bl,0.4,322.42
79,201221_SEFL20_Ctonetest2_g3,2,C_tonetest,2,cs,cs_1,4.22,331.87
79,201221_SEFL20_Ctonetest2_g3,2,C_tonetest,2,cs,cs_2,0,210.01
79,201221_SEFL20_Ctonetest2_g3,2,C_tonetest,2,cs,cs_3,0,125.96
79,201221_SEFL20_Ctonetest2_g3,2,C_tonetest,2,post,postcs_1,1.46,258.94
79,201221_SEFL20_Ctonetest2_g3,2,C_tonetest,2,post,postcs_2,1.58,272.65
79,201221_SEFL20_Ctonetest2_g3,2,C_tonetest,2,post,postcs_3,0.83,303.17
79,201221_SEFL20_Ctonetest2_g3,2,C_tonetest,2,shock,shock_1,0,134.05
79,201221_SEFL20_Ctonetest2_g3,2,C_tonetest,2,shock,shock_2,0,66.12
79,201221_SEFL20_Ctonetest2_g3,2,C_tonetest,2,shock,shock_3,0,198.9
4,201223_SEFL20_Ctonetest3_g1,1,C_tonetest,3,bl,bl,11.62,168.75
4,201223_SEFL20_Ctonetest3_g1,1,C_tonetest,3,cs,cs_1,58.78,93.4
4,201223_SEFL20_Ctonetest3_g1,1,C_tonetest,3,cs,cs_2,54,82.3
4,201223_SEFL20_Ctonetest3_g1,1,C_tonetest,3,cs,cs_3,49.89,68.94
4,201223_SEFL20_Ctonetest3_g1,1,C_tonetest,3,post,postcs_1,25.24,122.53
4,201223_SEFL20_Ctonetest3_g1,1,C_tonetest,3,post,postcs_2,14.77,149.75
4,201223_SEFL20_Ctonetest3_g1,1,C_tonetest,3,post,postcs_3,35.99,90.11
4,201223_SEFL20_Ctonetest3_g1,1,C_tonetest,3,shock,shock_1,0,50.73
4,201223_SEFL20_Ctonetest3_g1,1,C_tonetest,3,shock,shock_2,51.67,27.42
4,201223_SEFL20_Ctonetest3_g1,1,C_tonetest,3,shock,shock_3,90,10.03
5,201223_SEFL20_Ctonetest3_g1,2,C_tonetest,3,bl,bl,6.18,156.55
5,201223_SEFL20_Ctonetest3_g1,2,C_tonetest,3,cs,cs_1,59.22,69.07
5,201223_SEFL20_Ctonetest3_g1,2,C_tonetest,3,cs,cs_2,64,61.72
5,201223_SEFL20_Ctonetest3_g1,2,C_tonetest,3,cs,cs_3,64.56,47.18
5,201223_SEFL20_Ctonetest3_g1,2,C_tonetest,3,post,postcs_1,5.71,128.61
5,201223_SEFL20_Ctonetest3_g1,2,C_tonetest,3,post,postcs_2,18.31,93.02
5,201223_SEFL20_Ctonetest3_g1,2,C_tonetest,3,post,postcs_3,25.81,95.17
5,201223_SEFL20_Ctonetest3_g1,2,C_tonetest,3,shock,shock_1,0,24.15
5,201223_SEFL20_Ctonetest3_g1,2,C_tonetest,3,shock,shock_2,100,0
5,201223_SEFL20_Ctonetest3_g1,2,C_tonetest,3,shock,shock_3,68.33,16.08
6,201223_SEFL20_Ctonetest3_g3,3,C_tonetest,3,bl,bl,0.37,269.48
6,201223_SEFL20_Ctonetest3_g3,3,C_tonetest,3,cs,cs_1,13.22,115.2
6,201223_SEFL20_Ctonetest3_g3,3,C_tonetest,3,cs,cs_2,57.67,67.33
6,201223_SEFL20_Ctonetest3_g3,3,C_tonetest,3,cs,cs_3,56.22,40.86
6,201223_SEFL20_Ctonetest3_g3,3,C_tonetest,3,post,postcs_1,1.74,230.01
6,201223_SEFL20_Ctonetest3_g3,3,C_tonetest,3,post,postcs_2,8.32,151.84
6,201223_SEFL20_Ctonetest3_g3,3,C_tonetest,3,post,postcs_3,17.48,146.6
6,201223_SEFL20_Ctonetest3_g3,3,C_tonetest,3,shock,shock_1,58.33,23.1
6,201223_SEFL20_Ctonetest3_g3,3,C_tonetest,3,shock,shock_2,58.33,43.97
6,201223_SEFL20_Ctonetest3_g3,3,C_tonetest,3,shock,shock_3,0,32.92
8,201223_SEFL20_Ctonetest3_g3,4,C_tonetest,3,bl,bl,0,360.54
8,201223_SEFL20_Ctonetest3_g3,4,C_tonetest,3,cs,cs_1,11.44,257.03
8,201223_SEFL20_Ctonetest3_g3,4,C_tonetest,3,cs,cs_2,27.67,112.61
8,201223_SEFL20_Ctonetest3_g3,4,C_tonetest,3,cs,cs_3,29.67,127.25
8,201223_SEFL20_Ctonetest3_g3,4,C_tonetest,3,post,postcs_1,6.7,252.12
8,201223_SEFL20_Ctonetest3_g3,4,C_tonetest,3,post,postcs_2,6.72,199.25
8,201223_SEFL20_Ctonetest3_g3,4,C_tonetest,3,post,postcs_3,17.98,135.99
8,201223_SEFL20_Ctonetest3_g3,4,C_tonetest,3,shock,shock_1,0,100.72
8,201223_SEFL20_Ctonetest3_g3,4,C_tonetest,3,shock,shock_2,0,101.55
8,201223_SEFL20_Ctonetest3_g3,4,C_tonetest,3,shock,shock_3,71.67,63.63
14,201223_SEFL20_Ctonetest3_g4,1,C_tonetest,3,bl,bl,5.06,205.45
14,201223_SEFL20_Ctonetest3_g4,1,C_tonetest,3,cs,cs_1,53.56,63.68
14,201223_SEFL20_Ctonetest3_g4,1,C_tonetest,3,cs,cs_2,75.78,23.12
14,201223_SEFL20_Ctonetest3_g4,1,C_tonetest,3,cs,cs_3,51.89,88.1
14,201223_SEFL20_Ctonetest3_g4,1,C_tonetest,3,post,postcs_1,19.27,104.89
14,201223_SEFL20_Ctonetest3_g4,1,C_tonetest,3,post,postcs_2,37.73,81.42
14,201223_SEFL20_Ctonetest3_g4,1,C_tonetest,3,post,postcs_3,35.81,84.44
14,201223_SEFL20_Ctonetest3_g4,1,C_tonetest,3,shock,shock_1,66.67,5.55
14,201223_SEFL20_Ctonetest3_g4,1,C_tonetest,3,shock,shock_2,100,0.03
14,201223_SEFL20_Ctonetest3_g4,1,C_tonetest,3,shock,shock_3,0,72.9
15,201223_SEFL20_Ctonetest3_g4,2,C_tonetest,3,bl,bl,0,314.87
15,201223_SEFL20_Ctonetest3_g4,2,C_tonetest,3,cs,cs_1,22.11,136.06
15,201223_SEFL20_Ctonetest3_g4,2,C_tonetest,3,cs,cs_2,30.67,98.18
15,201223_SEFL20_Ctonetest3_g4,2,C_tonetest,3,cs,cs_3,17.67,125.35
15,201223_SEFL20_Ctonetest3_g4,2,C_tonetest,3,post,postcs_1,4.31,245.15
15,201223_SEFL20_Ctonetest3_g4,2,C_tonetest,3,post,postcs_2,4.84,181.11
15,201223_SEFL20_Ctonetest3_g4,2,C_tonetest,3,post,postcs_3,4.34,156.35
15,201223_SEFL20_Ctonetest3_g4,2,C_tonetest,3,shock,shock_1,0,171.92
15,201223_SEFL20_Ctonetest3_g4,2,C_tonetest,3,shock,shock_2,0,30.32
15,201223_SEFL20_Ctonetest3_g4,2,C_tonetest,3,shock,shock_3,0,50.03
18,201223_SEFL20_Ctonetest3_g4,3,C_tonetest,3,bl,bl,0,183.64
18,201223_SEFL20_Ctonetest3_g4,3,C_tonetest,3,cs,cs_1,11.89,78.76
18,201223_SEFL20_Ctonetest3_g4,3,C_tonetest,3,cs,cs_2,55.44,38.06
18,201223_SEFL20_Ctonetest3_g4,3,C_tonetest,3,cs,cs_3,7,153.78
18,201223_SEFL20_Ctonetest3_g4,3,C_tonetest,3,post,postcs_1,8.38,132.38
18,201223_SEFL20_Ctonetest3_g4,3,C_tonetest,3,post,postcs_2,18.5,80.38
18,201223_SEFL20_Ctonetest3_g4,3,C_tonetest,3,post,postcs_3,18.19,84.58
18,201223_SEFL20_Ctonetest3_g4,3,C_tonetest,3,shock,shock_1,0,183.08
18,201223_SEFL20_Ctonetest3_g4,3,C_tonetest,3,shock,shock_2,55,14.37
18,201223_SEFL20_Ctonetest3_g4,3,C_tonetest,3,shock,shock_3,0,280.97
19,201223_SEFL20_Ctonetest3_g4,4,C_tonetest,3,bl,bl,1.06,226.35
19,201223_SEFL20_Ctonetest3_g4,4,C_tonetest,3,cs,cs_1,60.56,72.86
19,201223_SEFL20_Ctonetest3_g4,4,C_tonetest,3,cs,cs_2,44.22,86.49
19,201223_SEFL20_Ctonetest3_g4,4,C_tonetest,3,cs,cs_3,59.22,56.21
19,201223_SEFL20_Ctonetest3_g4,4,C_tonetest,3,post,postcs_1,10.23,174.07
19,201223_SEFL20_Ctonetest3_g4,4,C_tonetest,3,post,postcs_2,10.93,186.13
19,201223_SEFL20_Ctonetest3_g4,4,C_tonetest,3,post,postcs_3,13,174.58
19,201223_SEFL20_Ctonetest3_g4,4,C_tonetest,3,shock,shock_1,71.67,14.78
19,201223_SEFL20_Ctonetest3_g4,4,C_tonetest,3,shock,shock_2,0,13.25
19,201223_SEFL20_Ctonetest3_g4,4,C_tonetest,3,shock,shock_3,70,13.37
20,201223_SEFL20_Ctonetest3_g5,1,C_tonetest,3,bl,bl,5.26,237.79
20,201223_SEFL20_Ctonetest3_g5,1,C_tonetest,3,cs,cs_1,16.11,181
20,201223_SEFL20_Ctonetest3_g5,1,C_tonetest,3,cs,cs_2,8.22,193.18
20,201223_SEFL20_Ctonetest3_g5,1,C_tonetest,3,cs,cs_3,22.33,35.68
20,201223_SEFL20_Ctonetest3_g5,1,C_tonetest,3,post,postcs_1,9.76,177.04
20,201223_SEFL20_Ctonetest3_g5,1,C_tonetest,3,post,postcs_2,13.7,163.39
20,201223_SEFL20_Ctonetest3_g5,1,C_tonetest,3,post,postcs_3,11.8,183.33
20,201223_SEFL20_Ctonetest3_g5,1,C_tonetest,3,shock,shock_1,0,868.2
20,201223_SEFL20_Ctonetest3_g5,1,C_tonetest,3,shock,shock_2,0,22.35
20,201223_SEFL20_Ctonetest3_g5,1,C_tonetest,3,shock,shock_3,0,17.3
23,201223_SEFL20_Ctonetest3_g1,3,C_tonetest,3,bl,bl,7.59,179.45
23,201223_SEFL20_Ctonetest3_g1,3,C_tonetest,3,cs,cs_1,72,50.23
23,201223_SEFL20_Ctonetest3_g1,3,C_tonetest,3,cs,cs_2,61.22,45.23
23,201223_SEFL20_Ctonetest3_g1,3,C_tonetest,3,cs,cs_3,81,29.86
23,201223_SEFL20_Ctonetest3_g1,3,C_tonetest,3,post,postcs_1,15.69,103.87
23,201223_SEFL20_Ctonetest3_g1,3,C_tonetest,3,post,postcs_2,17.96,116.27
23,201223_SEFL20_Ctonetest3_g1,3,C_tonetest,3,post,postcs_3,24.59,78.23
23,201223_SEFL20_Ctonetest3_g1,3,C_tonetest,3,shock,shock_1,85,9.77
23,201223_SEFL20_Ctonetest3_g1,3,C_tonetest,3,shock,shock_2,100,0.05
23,201223_SEFL20_Ctonetest3_g1,3,C_tonetest,3,shock,shock_3,100,0.05
24,201223_SEFL20_Ctonetest3_g1,4,C_tonetest,3,bl,bl,5.77,184.11
24,201223_SEFL20_Ctonetest3_g1,4,C_tonetest,3,cs,cs_1,27.89,201.71
24,201223_SEFL20_Ctonetest3_g1,4,C_tonetest,3,cs,cs_2,36.56,101.39
24,201223_SEFL20_Ctonetest3_g1,4,C_tonetest,3,cs,cs_3,36.78,90.16
24,201223_SEFL20_Ctonetest3_g1,4,C_tonetest,3,post,postcs_1,10.08,134.26
24,201223_SEFL20_Ctonetest3_g1,4,C_tonetest,3,post,postcs_2,9.21,144.57
24,201223_SEFL20_Ctonetest3_g1,4,C_tonetest,3,post,postcs_3,23.13,88.02
24,201223_SEFL20_Ctonetest3_g1,4,C_tonetest,3,shock,shock_1,93.33,4.67
24,201223_SEFL20_Ctonetest3_g1,4,C_tonetest,3,shock,shock_2,78.33,15
24,201223_SEFL20_Ctonetest3_g1,4,C_tonetest,3,shock,shock_3,0,11.3
25,201223_SEFL20_Ctonetest3_g2,1,C_tonetest,3,bl,bl,5.43,212.66
25,201223_SEFL20_Ctonetest3_g2,1,C_tonetest,3,cs,cs_1,17.56,235.15
25,201223_SEFL20_Ctonetest3_g2,1,C_tonetest,3,cs,cs_2,45.78,107.03
25,201223_SEFL20_Ctonetest3_g2,1,C_tonetest,3,cs,cs_3,18.67,174.86
25,201223_SEFL20_Ctonetest3_g2,1,C_tonetest,3,post,postcs_1,4.58,161.72
25,201223_SEFL20_Ctonetest3_g2,1,C_tonetest,3,post,postcs_2,26.26,91.25
25,201223_SEFL20_Ctonetest3_g2,1,C_tonetest,3,post,postcs_3,25.17,94.99
25,201223_SEFL20_Ctonetest3_g2,1,C_tonetest,3,shock,shock_1,0,159.32
25,201223_SEFL20_Ctonetest3_g2,1,C_tonetest,3,shock,shock_2,56.67,7.78
25,201223_SEFL20_Ctonetest3_g2,1,C_tonetest,3,shock,shock_3,0,193.2
29,201223_SEFL20_Ctonetest3_g2,2,C_tonetest,3,bl,bl,1.34,233.7
29,201223_SEFL20_Ctonetest3_g2,2,C_tonetest,3,cs,cs_1,39.11,82.18
29,201223_SEFL20_Ctonetest3_g2,2,C_tonetest,3,cs,cs_2,48.56,62.13
29,201223_SEFL20_Ctonetest3_g2,2,C_tonetest,3,cs,cs_3,49.22,73.81
29,201223_SEFL20_Ctonetest3_g2,2,C_tonetest,3,post,postcs_1,8.79,149.74
29,201223_SEFL20_Ctonetest3_g2,2,C_tonetest,3,post,postcs_2,8.1,237.17
29,201223_SEFL20_Ctonetest3_g2,2,C_tonetest,3,post,postcs_3,6.6,139.74
29,201223_SEFL20_Ctonetest3_g2,2,C_tonetest,3,shock,shock_1,51.67,9.78
29,201223_SEFL20_Ctonetest3_g2,2,C_tonetest,3,shock,shock_2,70,11.57
29,201223_SEFL20_Ctonetest3_g2,2,C_tonetest,3,shock,shock_3,0,21.75
30,201223_SEFL20_Ctonetest3_g2,3,C_tonetest,3,bl,bl,2.63,234.93
30,201223_SEFL20_Ctonetest3_g2,3,C_tonetest,3,cs,cs_1,31.67,137.32
30,201223_SEFL20_Ctonetest3_g2,3,C_tonetest,3,cs,cs_2,56.78,93.77
30,201223_SEFL20_Ctonetest3_g2,3,C_tonetest,3,cs,cs_3,50.78,106.16
30,201223_SEFL20_Ctonetest3_g2,3,C_tonetest,3,post,postcs_1,16.33,161.05
30,201223_SEFL20_Ctonetest3_g2,3,C_tonetest,3,post,postcs_2,22.27,138.67
30,201223_SEFL20_Ctonetest3_g2,3,C_tonetest,3,post,postcs_3,16.84,152.92
30,201223_SEFL20_Ctonetest3_g2,3,C_tonetest,3,shock,shock_1,0,309.33
30,201223_SEFL20_Ctonetest3_g2,3,C_tonetest,3,shock,shock_2,51.67,107.45
30,201223_SEFL20_Ctonetest3_g2,3,C_tonetest,3,shock,shock_3,65,140.97
32,201223_SEFL20_Ctonetest3_g2,4,C_tonetest,3,bl,bl,0.34,412.12
32,201223_SEFL20_Ctonetest3_g2,4,C_tonetest,3,cs,cs_1,25.11,161.74
32,201223_SEFL20_Ctonetest3_g2,4,C_tonetest,3,cs,cs_2,18.22,84.88
32,201223_SEFL20_Ctonetest3_g2,4,C_tonetest,3,cs,cs_3,40.67,105.91
32,201223_SEFL20_Ctonetest3_g2,4,C_tonetest,3,post,postcs_1,3.04,260.18
32,201223_SEFL20_Ctonetest3_g2,4,C_tonetest,3,post,postcs_2,10.22,160.83
32,201223_SEFL20_Ctonetest3_g2,4,C_tonetest,3,post,postcs_3,8.9,203.88
32,201223_SEFL20_Ctonetest3_g2,4,C_tonetest,3,shock,shock_1,0,345
32,201223_SEFL20_Ctonetest3_g2,4,C_tonetest,3,shock,shock_2,0,74.63
32,201223_SEFL20_Ctonetest3_g2,4,C_tonetest,3,shock,shock_3,60,7.57
33,201223_SEFL20_Ctonetest3_g5,2,C_tonetest,3,bl,bl,6.48,205.77
33,201223_SEFL20_Ctonetest3_g5,2,C_tonetest,3,cs,cs_1,52.44,80.48
33,201223_SEFL20_Ctonetest3_g5,2,C_tonetest,3,cs,cs_2,19.78,202.48
33,201223_SEFL20_Ctonetest3_g5,2,C_tonetest,3,cs,cs_3,11.89,181.53
33,201223_SEFL20_Ctonetest3_g5,2,C_tonetest,3,post,postcs_1,5.58,185.99
33,201223_SEFL20_Ctonetest3_g5,2,C_tonetest,3,post,postcs_2,11.53,154.83
33,201223_SEFL20_Ctonetest3_g5,2,C_tonetest,3,post,postcs_3,12.43,168.88
33,201223_SEFL20_Ctonetest3_g5,2,C_tonetest,3,shock,shock_1,58.33,49.48
33,201223_SEFL20_Ctonetest3_g5,2,C_tonetest,3,shock,shock_2,0,163.13
33,201223_SEFL20_Ctonetest3_g5,2,C_tonetest,3,shock,shock_3,0,109.85
34,201223_SEFL20_Ctonetest3_g5,3,C_tonetest,3,bl,bl,0,275.46
34,201223_SEFL20_Ctonetest3_g5,3,C_tonetest,3,cs,cs_1,20.33,150.66
34,201223_SEFL20_Ctonetest3_g5,3,C_tonetest,3,cs,cs_2,39.33,126.58
34,201223_SEFL20_Ctonetest3_g5,3,C_tonetest,3,cs,cs_3,26.11,95.65
34,201223_SEFL20_Ctonetest3_g5,3,C_tonetest,3,post,postcs_1,0,228.48
34,201223_SEFL20_Ctonetest3_g5,3,C_tonetest,3,post,postcs_2,5.52,209.36
34,201223_SEFL20_Ctonetest3_g5,3,C_tonetest,3,post,postcs_3,5.01,178.29
34,201223_SEFL20_Ctonetest3_g5,3,C_tonetest,3,shock,shock_1,0,56.03
34,201223_SEFL20_Ctonetest3_g5,3,C_tonetest,3,shock,shock_2,66.67,14.72
34,201223_SEFL20_Ctonetest3_g5,3,C_tonetest,3,shock,shock_3,0,29.32
36,201223_SEFL20_Ctonetest3_g5,4,C_tonetest,3,bl,bl,0,305.43
36,201223_SEFL20_Ctonetest3_g5,4,C_tonetest,3,cs,cs_1,13,122.89
36,201223_SEFL20_Ctonetest3_g5,4,C_tonetest,3,cs,cs_2,19,132.26
36,201223_SEFL20_Ctonetest3_g5,4,C_tonetest,3,cs,cs_3,41.44,47.56
36,201223_SEFL20_Ctonetest3_g5,4,C_tonetest,3,post,postcs_1,2.36,186.08
36,201223_SEFL20_Ctonetest3_g5,4,C_tonetest,3,post,postcs_2,4.36,161.45
36,201223_SEFL20_Ctonetest3_g5,4,C_tonetest,3,post,postcs_3,8.23,156.01
36,201223_SEFL20_Ctonetest3_g5,4,C_tonetest,3,shock,shock_1,0,60.38
36,201223_SEFL20_Ctonetest3_g5,4,C_tonetest,3,shock,shock_2,0,194.2
36,201223_SEFL20_Ctonetest3_g5,4,C_tonetest,3,shock,shock_3,0,59.37
78,201223_SEFL20_Ctonetest3_g3,1,C_tonetest,3,bl,bl,0.49,215.58
78,201223_SEFL20_Ctonetest3_g3,1,C_tonetest,3,cs,cs_1,52.78,96.33
78,201223_SEFL20_Ctonetest3_g3,1,C_tonetest,3,cs,cs_2,19.11,46.44
78,201223_SEFL20_Ctonetest3_g3,1,C_tonetest,3,cs,cs_3,36.56,48.99
78,201223_SEFL20_Ctonetest3_g3,1,C_tonetest,3,post,postcs_1,20.53,69.97
78,201223_SEFL20_Ctonetest3_g3,1,C_tonetest,3,post,postcs_2,19.7,93.76
78,201223_SEFL20_Ctonetest3_g3,1,C_tonetest,3,post,postcs_3,28.6,52.98
78,201223_SEFL20_Ctonetest3_g3,1,C_tonetest,3,shock,shock_1,100,0
78,201223_SEFL20_Ctonetest3_g3,1,C_tonetest,3,shock,shock_2,0,28.42
78,201223_SEFL20_Ctonetest3_g3,1,C_tonetest,3,shock,shock_3,86.67,12.48
79,201223_SEFL20_Ctonetest3_g3,2,C_tonetest,3,bl,bl,0,349.14
79,201223_SEFL20_Ctonetest3_g3,2,C_tonetest,3,cs,cs_1,16.22,260.58
79,201223_SEFL20_Ctonetest3_g3,2,C_tonetest,3,cs,cs_2,6.56,302.52
79,201223_SEFL20_Ctonetest3_g3,2,C_tonetest,3,cs,cs_3,19.56,107.44
79,201223_SEFL20_Ctonetest3_g3,2,C_tonetest,3,post,postcs_1,0.47,365.26
79,201223_SEFL20_Ctonetest3_g3,2,C_tonetest,3,post,postcs_2,2.39,293.86
79,201223_SEFL20_Ctonetest3_g3,2,C_tonetest,3,post,postcs_3,5.63,271.47
79,201223_SEFL20_Ctonetest3_g3,2,C_tonetest,3,shock,shock_1,0,594.78
79,201223_SEFL20_Ctonetest3_g3,2,C_tonetest,3,shock,shock_2,0,257.7
79,201223_SEFL20_Ctonetest3_g3,2,C_tonetest,3,shock,shock_3,51.67,36.5